Tenure,MonthlyCharges,SupportCalls,Churned
2,90.08,3,1
30,35.37,2,0
12,83.97,3,0
26,86.78,1,0
72,51.21,5,1
15,79.65,1,0
14,36.89,5,1
1,105.98,3,0
6,64.06,3,0
14,68.04,2,0
23,99.93,2,0
33,66.43,4,0
10,84.97,2,1
1,43.81,1,1
7,55.76,4,1
48,35.19,1,0
5,64.8,2,0
12,95.78,0,0
54,75.59,2,0
1,92.11,4,1
18,44.34,4,0
60,47.92,2,0
5,58.36,1,1
16,84.31,2,0
48,78.91,3,0
3,69.62,2,1
15,85.57,0,1
28,66.22,5,1
22,69.46,1,0
13,102.62,2,1
5,55.34,2,0
13,74.57,1,0
9,110.3,2,0
13,72.55,1,0
9,87.66,0,0
36,54.83,2,0
29,118.91,2,0
8,20.0,1,0
17,41.64,1,0
6,43.65,1,0
12,110.5,0,0
9,78.81,3,1
21,63.44,0,0
9,37.96,2,0
12,79.1,1,0
25,72.85,1,0
11,52.68,3,0
47,32.71,1,0
4,42.43,2,1
27,75.34,1,0
11,77.78,1,0
11,71.83,4,1
20,66.21,2,0
15,25.78,1,0
11,71.22,2,1
1,44.19,1,0
2,71.04,1,0
25,81.63,1,1
15,53.11,2,0
24,44.42,4,1
62,94.84,4,0
23,78.79,0,0
1,54.08,0,0
7,20.0,3,0
18,68.77,1,0
5,85.73,5,1
67,98.04,2,0
58,53.05,3,0
38,53.92,0,0
13,58.93,4,1
37,90.95,1,0
3,40.63,0,1
7,67.18,3,1
12,46.86,0,0
27,76.71,0,0
13,31.13,0,0
3,79.4,4,1
8,57.58,0,0
8,64.4,3,0
7,83.14,2,1
4,98.6,1,0
11,27.58,8,1
12,95.09,4,0
30,83.95,0,0
32,62.63,0,0
15,105.1,3,1
12,74.72,0,0
30,102.34,0,0
44,55.18,4,0
22,48.33,2,1
32,100.62,0,0
56,124.11,1,1
1,85.84,1,0
42,92.28,2,0
6,58.15,3,1
13,36.87,4,1
32,64.35,2,0
25,107.51,0,0
3,23.49,1,0
22,57.62,3,0
1,22.14,1,0
9,72.71,2,1
34,91.86,2,0
11,38.93,2,1
18,59.77,2,1
26,103.14,3,1
34,67.79,2,0
29,39.02,2,0
1,37.09,1,0
11,20.0,6,0
12,89.33,1,1
1,51.35,2,0
16,96.27,3,1
19,91.68,3,1
35,53.5,1,0
57,56.8,3,0
3,89.47,1,1
5,73.74,0,0
22,76.7,0,0
3,28.82,2,0
5,92.44,4,1
17,48.12,3,0
4,20.0,0,0
30,54.58,0,0
39,80.55,1,1
1,122.43,2,1
15,60.68,2,0
32,36.76,1,0
72,123.09,0,0
6,74.01,1,1
4,63.47,1,0
42,43.1,1,0
48,44.9,2,0
4,106.97,2,1
12,63.23,1,1
25,56.55,1,0
37,57.25,3,0
4,109.2,1,1
22,55.26,5,0
33,85.7,3,0
16,76.65,2,1
4,75.98,1,0
1,48.07,1,1
7,86.46,2,0
33,110.22,0,0
1,68.7,1,0
1,47.01,2,1
9,37.72,3,1
1,74.77,2,0
3,63.2,0,0
1,67.39,1,1
15,70.3,1,0
24,33.11,2,0
11,89.54,1,0
3,75.86,3,0
8,68.13,0,1
18,75.8,0,0
56,93.15,0,0
72,71.34,4,0
6,48.74,2,0
1,99.16,1,0
36,59.17,0,0
52,51.86,2,0
12,30.95,2,0
30,70.2,2,1
40,43.81,3,0
19,57.02,2,1
41,81.23,1,0
1,70.83,2,1
6,95.41,0,0
6,77.63,2,1
3,59.9,4,1
48,61.76,1,1
1,57.32,4,0
22,86.16,1,0
1,70.54,1,1
9,59.73,1,1
11,91.12,1,0
4,72.41,3,1
15,58.36,2,1
15,32.19,4,0
8,80.94,0,0
27,75.97,0,0
3,71.28,2,0
4,59.15,3,1
9,49.16,2,1
10,64.33,2,1
5,75.79,2,1
50,66.8,1,0
35,66.38,4,1
2,58.3,1,1
9,78.47,0,0
5,75.84,1,0
12,51.19,0,1
6,89.01,3,1
14,89.78,1,0
51,90.34,2,0
10,66.73,4,0
21,65.15,2,0
18,41.02,0,0
28,88.87,2,1
1,20.0,2,0
27,60.23,5,1
58,61.5,3,0
19,91.41,2,0
7,69.98,2,0
22,45.89,3,0
25,34.33,1,0
21,51.77,1,1
3,72.67,2,0
72,71.38,2,0
62,65.06,4,0
11,52.89,2,0
18,64.75,3,0
1,94.94,0,1
72,42.49,2,0
34,70.84,0,0
20,110.46,2,0
29,83.86,1,0
4,58.6,1,0
7,86.52,2,1
6,51.2,2,0
18,70.18,1,0
2,108.85,1,1
45,117.35,1,1
12,27.28,1,0
12,87.5,4,1
2,118.72,3,1
23,56.37,0,0
34,76.47,2,0
20,107.68,1,0
6,57.69,4,0
31,81.3,1,1
3,68.52,1,0
35,21.87,1,0
17,78.65,3,0
7,65.4,2,1
14,93.2,2,0
20,122.33,1,0
6,87.1,4,1
38,60.82,1,0
11,81.25,1,0
45,75.04,4,0
36,95.57,1,0
2,34.03,1,0
21,40.84,4,0
7,20.0,2,0
28,85.18,3,0
16,69.52,4,0
12,54.0,3,0
45,51.87,1,0
1,55.7,1,0
16,46.8,1,0
8,61.96,2,1
1,57.64,3,0
28,104.75,2,1
16,78.08,1,1
45,49.54,2,0
18,55.4,3,0
8,99.97,1,0
72,81.31,1,0
2,77.38,3,0
1,88.02,1,0
26,109.65,1,0
9,39.57,3,0
9,51.36,1,1
42,26.48,0,0
8,82.37,2,0
44,60.53,2,0
21,53.2,4,1
8,50.94,1,0
1,87.28,1,1
6,66.45,1,0
69,56.74,2,0
10,101.38,5,1
3,43.85,4,0
7,38.39,1,1
46,134.87,1,0
4,60.81,2,0
30,56.41,2,0
3,51.81,2,1
65,66.58,2,0
15,89.57,0,1
1,88.84,3,1
53,83.6,1,0
9,63.03,6,0
26,32.75,1,0
15,77.07,0,0
2,107.97,3,1
2,96.73,2,0
3,65.79,2,0
4,90.06,5,1
1,60.36,0,0
1,68.62,0,0
59,39.14,2,0
2,62.11,3,1
14,73.51,5,1
3,65.77,2,1
5,89.25,2,0
29,117.09,1,0
56,103.04,1,0
13,62.38,3,0
1,51.72,3,0
72,53.68,0,0
1,45.56,6,1
10,70.85,1,0
15,80.53,6,1
44,74.58,3,0
35,74.84,0,0
19,73.96,2,1
10,66.7,0,0
36,51.44,5,0
41,113.12,0,0
41,96.19,3,0
25,47.29,1,0
2,47.37,1,0
7,55.34,3,0
13,70.83,2,1
14,101.48,2,0
36,95.37,2,0
5,96.69,5,1
22,97.2,2,1
9,97.66,3,1
30,88.42,4,1
4,81.36,1,1
13,67.02,4,1
2,26.41,4,0
5,66.77,3,1
55,115.05,3,0
8,56.5,0,1
45,54.36,1,0
15,95.44,1,1
1,72.02,3,1
31,58.0,4,0
1,108.94,2,1
35,85.6,1,0
1,88.94,1,0
22,55.89,1,0
4,82.43,2,0
8,79.41,2,1
61,89.43,4,1
13,98.73,1,1
21,98.15,1,0
27,74.26,1,0
2,87.24,5,1
37,41.37,2,0
49,86.09,0,0
3,87.11,3,1
16,60.28,3,0
7,50.66,2,0
27,68.53,1,0
1,39.66,3,0
14,78.52,0,0
31,77.37,0,0
27,46.29,3,0
2,71.19,1,0
36,96.69,5,0
5,96.57,5,1
33,95.26,3,0
14,66.24,2,1
4,61.55,2,0
26,60.23,6,1
33,84.82,1,0
24,128.8,2,1
67,105.13,0,0
6,109.64,2,1
5,103.75,1,0
3,29.68,1,0
16,64.98,2,0
10,59.18,1,0
9,101.24,1,0
12,112.21,3,0
6,53.4,2,0
1,70.97,3,1
13,83.93,2,1
6,57.79,3,0
12,54.29,1,0
53,53.06,2,0
4,92.12,1,1
20,47.27,2,1
21,98.38,2,0
7,72.17,0,0
13,88.79,2,1
70,108.63,0,0
8,53.28,2,0
25,49.58,1,0
37,80.67,3,0
9,44.21,3,1
72,51.75,3,0
20,67.16,2,1
14,73.92,5,1
25,38.92,2,0
11,60.45,3,0
25,84.56,2,0
6,103.57,2,0
52,21.02,3,0
16,102.59,1,0
6,92.0,2,0
11,42.93,4,0
45,33.33,2,0
33,80.41,3,0
13,59.54,1,1
9,73.39,1,0
9,91.45,3,1
72,60.73,5,0
2,74.05,1,1
44,81.84,3,0
39,92.15,3,0
5,113.88,1,0
9,112.36,1,1
17,76.01,2,1
32,64.12,4,0
60,129.08,0,0
72,85.95,2,0
7,80.64,4,1
4,42.6,2,0
13,89.38,4,0
16,50.67,3,1
21,58.61,1,1
2,36.79,1,1
21,57.1,3,0
51,71.56,4,1
49,32.69,2,0
58,47.75,2,0
51,68.07,0,0
65,38.59,1,0
1,38.86,1,0
50,49.32,2,0
6,35.0,1,0
8,85.29,3,1
12,45.29,4,0
62,89.15,5,0
19,93.02,1,0
9,40.2,1,0
9,71.02,4,1
47,58.09,4,0
35,41.7,2,0
3,61.67,3,1
6,64.0,3,0
9,87.7,2,0
5,95.54,5,1
17,42.6,3,0
5,59.89,1,1
17,83.22,1,0
55,99.35,1,0
38,20.0,2,1
2,101.87,3,0
5,65.82,0,0
11,108.2,2,1
21,59.44,2,0
10,49.28,3,1
6,71.12,2,0
8,99.16,2,0
5,70.77,0,1
40,20.0,2,0
24,87.07,4,1
11,29.85,1,0
24,45.59,2,0
15,41.02,5,0
15,24.14,1,0
9,38.74,4,1
13,45.35,1,1
72,54.72,3,0
31,68.67,2,0
35,61.65,5,0
3,32.99,3,1
14,65.46,1,0
9,94.32,3,1
2,93.71,0,0
10,73.37,3,1
2,85.48,2,1
5,92.31,2,1
32,104.04,5,1
23,112.41,3,1
24,61.99,7,0
2,63.21,6,1
4,106.82,8,1
1,109.03,2,1
2,108.52,3,0
2,20.0,0,1
64,64.51,3,0
45,20.0,2,0
5,88.25,2,0
6,71.39,5,0
65,71.3,3,0
17,66.56,2,0
9,102.58,1,1
13,62.67,0,0
6,95.83,3,0
18,83.84,1,0
26,78.92,1,0
14,81.56,4,1
34,72.77,2,0
2,42.66,4,1
19,87.91,1,0
72,87.83,2,0
3,66.4,2,0
14,88.27,3,1
20,92.47,3,0
8,37.96,0,0
67,66.45,0,0
13,58.92,2,1
13,47.37,1,0
47,78.06,3,0
1,48.92,1,0
41,59.14,1,0
3,76.13,1,1
10,78.75,1,0
13,78.04,2,0
13,125.85,3,1
1,57.41,0,0
8,76.25,3,0
9,39.85,3,1
63,82.03,1,0
50,98.84,3,0
18,100.35,0,0
54,54.1,3,0
40,63.01,3,0
9,101.56,2,1
2,67.67,1,0
19,93.97,0,0
8,45.69,3,0
1,104.58,2,0
72,95.68,1,0
70,81.6,4,0
15,50.04,1,0
19,66.01,3,0
22,73.78,2,0
52,76.59,1,0
13,67.38,2,0
17,64.54,2,0
5,74.81,2,1
6,104.89,2,1
15,20.0,2,0
5,35.7,2,0
1,31.38,1,0
9,52.83,2,1
28,26.49,4,0
6,83.83,3,1
40,72.39,1,0
24,63.66,2,0
21,52.96,1,0
45,73.92,3,0
2,74.46,3,0
4,78.26,2,1
48,51.77,2,0
48,86.23,1,0
2,33.29,4,0
30,101.24,3,1
1,20.0,2,1
3,55.16,1,0
2,39.94,4,1
7,89.74,1,0
10,32.87,1,0
48,115.55,3,1
11,31.39,1,1
3,120.71,4,0
6,81.2,2,1
1,70.77,2,0
1,80.89,0,0
11,124.81,2,1
14,92.33,1,0
6,20.0,0,1
10,99.86,2,0
2,75.79,1,0
22,29.57,1,0
10,89.01,1,0
4,39.72,2,0
14,74.53,2,1
5,75.83,2,1
7,53.79,3,0
3,86.19,3,1
30,44.46,3,0
7,74.78,1,0
62,56.32,2,0
10,65.43,2,0
3,118.07,4,0
24,72.8,0,0
26,42.82,2,0
43,67.07,0,0
3,50.77,1,0
31,70.66,1,0
39,74.05,3,0
7,72.12,0,0
12,72.1,1,0
19,56.39,3,0
6,81.23,6,1
41,96.43,5,1
24,54.49,1,1
39,68.54,0,1
12,71.52,4,1
15,101.34,3,1
4,96.98,3,0
8,51.75,1,0
26,71.81,4,1
64,32.65,1,0
3,45.86,2,0
1,70.38,2,0
1,85.75,0,0
11,93.86,2,0
31,62.23,3,0
5,36.18,3,0
13,79.92,2,0
14,65.67,1,0
36,80.6,2,0
4,74.0,2,1
1,87.89,1,0
14,86.37,4,1
9,91.09,1,1
7,58.52,3,0
30,94.89,2,1
23,57.42,5,0
2,72.12,2,0
16,116.51,1,1
32,78.92,4,0
48,40.85,3,0
1,107.26,1,0
33,95.0,1,0
1,98.51,1,0
23,74.93,1,0
18,78.65,0,0
61,64.17,1,1
20,52.5,2,0
1,108.25,4,1
22,60.79,2,0
6,57.98,1,1
36,58.91,3,0
1,116.56,2,0
8,91.95,3,0
23,60.8,1,1
3,68.86,1,0
21,82.76,1,0
24,91.96,2,0
26,29.74,2,0
42,92.59,5,0
11,64.55,1,0
3,52.85,1,0
6,60.24,4,1
10,89.8,0,0
1,113.96,2,1
25,73.7,0,0
1,83.92,2,0
1,49.65,2,1
54,82.28,1,0
33,90.57,0,0
6,32.8,0,0
8,57.18,3,0
35,89.77,2,1
19,26.03,2,0
6,60.65,1,0
12,85.02,0,1
39,27.74,2,0
1,60.08,2,0
72,71.37,1,0
17,92.26,0,0
4,38.03,2,1
32,97.74,1,0
2,77.64,3,1
11,99.92,4,1
17,99.08,0,0
6,78.52,0,1
43,82.14,2,0
24,26.51,1,0
4,36.25,1,0
3,44.87,2,0
1,61.3,2,1
17,93.33,2,1
4,25.41,4,0
16,62.0,4,0
34,36.97,4,0
42,31.06,4,0
2,106.92,2,1
8,72.46,4,0
11,110.88,2,1
10,99.6,3,1
11,46.97,1,0
12,23.63,0,0
28,121.75,1,0
7,59.87,3,0
8,41.39,6,1
10,87.28,1,1
3,73.41,2,1
20,53.22,2,0
10,61.35,0,0
50,74.03,1,0
34,71.85,0,0
5,88.89,1,0
6,61.16,0,0
30,61.42,5,0
16,85.02,1,0
1,77.82,2,0
20,97.36,1,0
10,63.75,5,0
31,67.54,1,0
27,41.1,1,0
51,107.48,1,1
24,35.16,1,0
49,75.05,3,0
7,47.7,1,0
8,78.43,0,0
1,88.61,3,0
40,29.02,3,0
3,64.73,8,1
16,26.08,3,1
14,105.11,2,0
34,58.92,1,0
10,30.59,3,0
3,52.45,0,1
10,102.78,2,1
1,107.19,2,0
7,101.77,1,0
20,50.39,2,0
1,66.19,0,1
72,110.87,2,0
15,51.71,3,0
7,61.63,3,0
36,46.15,3,0
3,40.9,0,0
8,100.16,3,1
55,85.77,2,0
5,81.24,1,1
26,84.49,4,1
2,95.53,0,1
15,107.76,0,0
21,69.82,1,0
5,61.48,2,1
8,44.4,0,0
16,97.06,0,0
18,57.13,4,0
3,32.63,0,0
11,63.28,0,0
72,70.61,5,0
8,90.81,3,0
31,95.09,7,1
5,51.73,0,0
12,49.99,4,1
15,61.8,2,1
18,39.71,2,0
25,67.26,2,0
32,81.53,4,0
24,71.07,1,0
33,29.67,1,0
43,40.2,4,1
8,102.15,0,0
35,44.67,0,0
15,88.46,1,0
6,85.8,1,0
4,61.95,2,0
29,45.08,2,0
20,75.26,1,0
1,47.85,3,1
18,65.61,3,0
1,72.65,2,0
10,52.08,1,0
17,64.33,0,0
21,62.29,1,0
3,39.11,2,1
1,65.24,1,0
17,54.07,1,0
34,24.4,1,0
32,61.56,1,0
9,62.93,3,1
17,54.88,3,0
25,20.0,1,0
41,89.4,5,0
14,87.09,1,1
42,86.26,5,0
8,78.12,2,0
5,38.58,4,0
7,73.07,3,1
26,46.81,3,0
43,124.69,6,1
13,56.98,0,0
24,86.69,2,0
3,31.19,1,0
14,40.51,2,0
11,56.59,2,1
11,87.56,3,0
4,83.69,2,1
19,77.2,3,0
22,23.65,0,0
20,98.28,3,1
27,46.85,0,0
12,110.39,0,1
38,116.65,3,1
17,90.65,4,0
43,94.71,4,0
11,38.47,0,0
24,134.53,1,0
4,75.45,5,1
2,94.99,3,1
54,48.55,0,0
9,68.37,5,1
1,40.33,2,0
19,64.0,1,0
54,70.39,5,0
29,76.4,0,0
72,104.9,2,0
55,82.02,1,0
12,76.09,2,1
