loan_id,credit_score,debt_to_income_pct,late_payments_2yr,member_years,defaulted
GA-0001,622,31.7,2,18.9,1
GA-0002,699,39.2,0,10.5,0
GA-0003,707,31.6,0,3.4,0
GA-0004,553,44.2,1,0.9,1
GA-0005,747,34.4,0,19.7,0
GA-0006,702,45.0,0,6.0,0
GA-0007,641,17.1,3,15.9,0
GA-0008,609,35.4,0,2.8,0
GA-0009,791,23.9,0,0.9,0
GA-0010,681,19.0,0,1.0,0
GA-0011,732,29.8,0,10.2,0
GA-0012,572,50.3,2,10.5,1
GA-0013,623,33.6,2,3.6,0
GA-0014,683,30.3,0,3.5,0
GA-0015,725,31.4,0,9.6,0
GA-0016,659,33.2,1,0.6,0
GA-0017,635,47.2,0,6.8,0
GA-0018,723,20.3,0,2.0,0
GA-0019,739,43.7,0,6.5,1
GA-0020,708,28.5,0,4.1,0
GA-0021,830,32.1,0,2.3,0
GA-0022,751,23.3,0,6.1,0
GA-0023,579,25.0,2,0.7,0
GA-0024,711,25.3,0,6.9,0
GA-0025,703,45.0,0,8.2,0
GA-0026,663,39.9,1,0.6,1
GA-0027,685,32.1,1,1.6,1
GA-0028,671,21.3,0,3.5,0
GA-0029,708,25.7,0,14.4,0
GA-0030,642,25.6,1,0.3,0
GA-0031,649,42.5,0,2.4,0
GA-0032,784,38.1,0,6.6,0
GA-0033,658,16.7,3,1.9,0
GA-0034,642,40.4,1,4.1,0
GA-0035,582,25.0,1,3.4,1
GA-0036,623,24.4,4,12.9,1
GA-0037,619,39.6,2,3.8,1
GA-0038,703,30.5,1,15.9,1
GA-0039,728,29.3,0,3.0,0
GA-0040,656,19.9,0,3.8,0
GA-0041,712,39.3,0,0.7,0
GA-0042,719,32.6,0,5.3,0
GA-0043,741,36.2,0,5.4,0
GA-0044,623,40.7,0,13.7,0
GA-0045,764,45.0,0,9.6,0
GA-0046,656,30.5,1,3.9,0
GA-0047,635,33.9,1,1.4,0
GA-0048,724,33.9,1,1.3,0
GA-0049,619,46.2,0,5.2,0
GA-0050,614,27.3,2,1.2,0
GA-0051,649,47.6,1,7.4,0
GA-0052,651,13.3,0,0.8,0
GA-0053,643,31.7,1,3.2,1
GA-0054,675,24.6,0,4.1,0
GA-0055,665,28.9,1,0.4,0
GA-0056,758,36.7,0,3.0,0
GA-0057,656,27.9,1,2.0,0
GA-0058,693,51.1,1,17.7,0
GA-0059,648,31.9,1,23.9,0
GA-0060,663,42.1,1,5.0,0
GA-0061,781,20.4,0,0.3,0
GA-0062,645,20.4,1,4.9,0
GA-0063,830,15.0,0,3.9,0
GA-0064,589,35.1,0,2.6,1
GA-0065,610,29.4,1,23.3,0
GA-0066,792,36.4,0,9.0,0
GA-0067,724,27.1,0,4.5,0
GA-0068,722,26.7,1,8.0,0
GA-0069,693,24.3,1,6.7,1
GA-0070,604,48.5,0,5.5,0
GA-0071,627,18.9,1,4.6,0
GA-0072,755,26.4,0,2.8,0
GA-0073,669,27.8,2,13.2,0
GA-0074,726,36.4,0,6.1,0
GA-0075,732,20.2,0,3.2,0
GA-0076,727,33.4,0,18.6,0
GA-0077,703,29.7,1,7.2,0
GA-0078,702,25.3,1,0.2,0
GA-0079,662,24.6,1,2.1,0
GA-0080,694,41.2,0,8.5,0
GA-0081,604,32.4,2,2.1,0
GA-0082,581,31.7,3,2.3,1
GA-0083,787,20.8,0,0.4,0
GA-0084,652,8.0,0,1.3,0
GA-0085,631,20.8,3,0.5,0
GA-0086,731,30.2,1,7.7,0
GA-0087,752,37.3,0,9.9,0
GA-0088,758,36.0,0,15.0,0
GA-0089,654,51.2,0,3.5,0
GA-0090,715,42.7,0,2.0,0
GA-0091,670,31.6,1,10.2,0
GA-0092,804,29.4,0,3.8,0
GA-0093,702,19.5,0,4.4,0
GA-0094,789,41.6,0,1.1,0
GA-0095,735,20.8,0,30.0,0
GA-0096,687,40.9,1,3.4,0
GA-0097,600,30.2,2,2.6,1
GA-0098,770,39.9,0,30.0,0
GA-0099,581,25.0,2,4.8,0
GA-0100,590,46.5,2,0.7,0
GA-0101,714,25.6,0,5.2,0
GA-0102,669,31.5,0,10.0,0
GA-0103,703,22.4,3,3.6,0
GA-0104,737,33.3,0,4.3,0
GA-0105,687,22.3,0,4.5,0
GA-0106,661,45.1,0,3.4,0
GA-0107,612,31.2,2,3.4,0
GA-0108,756,22.1,0,24.8,0
GA-0109,735,19.7,0,5.2,0
GA-0110,751,25.0,0,0.2,0
GA-0111,701,32.4,0,2.0,0
GA-0112,695,38.8,0,21.0,0
GA-0113,641,37.7,1,9.7,0
GA-0114,712,25.3,1,3.7,0
GA-0115,675,19.6,0,9.0,0
GA-0116,677,30.5,2,10.9,0
GA-0117,679,35.3,1,19.9,0
GA-0118,755,31.7,0,19.9,0
GA-0119,728,28.6,1,23.2,0
GA-0120,692,23.8,0,1.2,0
GA-0121,661,32.8,0,5.7,0
GA-0122,730,29.3,0,1.4,0
GA-0123,756,17.4,0,1.1,0
GA-0124,641,17.8,1,14.5,0
GA-0125,771,35.6,0,10.6,0
GA-0126,711,34.3,2,17.0,0
GA-0127,616,32.3,0,1.0,0
GA-0128,762,35.6,0,3.0,0
GA-0129,687,22.5,0,2.8,0
GA-0130,742,37.9,0,4.9,0
GA-0131,699,13.6,1,0.6,0
GA-0132,608,12.8,0,1.5,0
GA-0133,764,38.0,0,2.3,0
GA-0134,720,29.5,0,1.3,0
GA-0135,666,35.4,1,1.3,0
GA-0136,760,34.3,0,3.3,0
GA-0137,701,23.1,1,5.8,1
GA-0138,707,27.9,2,3.3,0
GA-0139,728,38.5,0,3.5,0
GA-0140,697,38.3,1,10.5,0
GA-0141,766,26.9,0,12.3,0
GA-0142,705,28.0,0,4.3,0
GA-0143,660,34.0,1,4.7,0
GA-0144,660,23.5,5,14.9,0
GA-0145,770,16.3,1,13.6,0
GA-0146,574,17.3,2,3.4,1
GA-0147,718,33.4,1,11.0,0
GA-0148,644,29.5,0,1.6,0
GA-0149,723,30.8,0,0.2,0
GA-0150,784,20.8,0,1.7,0
GA-0151,732,29.0,0,8.4,0
GA-0152,661,32.6,0,6.5,0
GA-0153,649,23.6,1,5.6,0
GA-0154,627,25.5,2,2.7,0
GA-0155,787,44.4,0,4.5,0
GA-0156,688,27.0,0,5.8,0
GA-0157,687,12.5,0,9.9,0
GA-0158,664,37.7,1,12.3,1
GA-0159,653,24.1,1,3.4,0
GA-0160,741,32.2,0,4.6,0
GA-0161,711,30.9,0,8.6,0
GA-0162,712,39.2,0,0.7,0
GA-0163,680,27.1,0,2.6,0
GA-0164,600,38.2,0,7.3,0
GA-0165,652,17.9,1,8.4,0
GA-0166,733,34.4,0,0.2,0
GA-0167,599,9.9,2,8.5,1
GA-0168,694,8.0,0,5.6,0
GA-0169,705,39.2,1,3.3,0
GA-0170,536,35.1,5,2.5,1
GA-0171,643,20.2,3,2.2,1
GA-0172,611,31.4,1,4.0,0
GA-0173,724,16.1,0,2.5,0
GA-0174,711,26.9,1,6.3,0
GA-0175,574,38.6,3,3.3,0
GA-0176,693,52.2,2,1.0,1
GA-0177,637,37.4,1,10.1,0
GA-0178,559,19.3,2,17.7,0
GA-0179,582,31.8,1,4.2,0
GA-0180,629,38.0,0,2.2,0
GA-0181,611,36.7,0,1.8,0
GA-0182,616,40.9,4,0.6,1
GA-0183,641,21.2,0,0.2,0
GA-0184,724,40.8,0,2.8,0
GA-0185,705,30.0,0,12.7,0
GA-0186,547,21.7,2,9.1,0
GA-0187,671,39.3,1,5.3,0
GA-0188,597,29.3,1,8.1,0
GA-0189,679,17.5,1,19.5,0
GA-0190,624,31.8,2,0.4,0
GA-0191,712,10.4,1,2.1,0
GA-0192,657,25.0,1,8.6,0
GA-0193,684,35.6,1,1.3,0
GA-0194,783,36.8,0,0.2,0
GA-0195,694,20.9,0,12.4,0
GA-0196,790,8.0,0,0.7,0
GA-0197,649,34.8,0,11.3,0
GA-0198,633,42.7,3,4.0,1
GA-0199,721,31.0,0,7.8,0
GA-0200,648,29.3,2,10.7,0
GA-0201,637,18.5,0,1.8,0
GA-0202,672,20.7,1,7.7,0
GA-0203,677,41.6,1,15.4,0
GA-0204,535,36.5,1,14.6,1
GA-0205,683,18.1,2,4.6,0
GA-0206,696,42.9,1,2.2,1
GA-0207,589,30.0,2,11.6,1
GA-0208,646,34.8,2,1.1,0
GA-0209,602,26.7,0,0.9,1
GA-0210,778,35.3,0,5.4,0
GA-0211,753,21.5,0,1.8,0
GA-0212,624,27.8,1,2.9,0
GA-0213,631,34.1,0,7.7,0
GA-0214,678,26.7,0,2.9,0
GA-0215,681,42.2,1,0.2,0
GA-0216,677,38.4,1,5.3,0
GA-0217,700,22.0,0,8.6,1
GA-0218,653,53.2,1,2.3,0
GA-0219,698,29.6,0,3.2,0
GA-0220,640,20.1,1,6.7,0
GA-0221,615,37.8,2,3.9,0
GA-0222,826,32.0,0,2.4,0
GA-0223,707,28.2,0,4.2,0
GA-0224,607,14.9,1,1.1,0
GA-0225,652,19.2,1,9.0,0
GA-0226,635,31.5,2,20.8,0
GA-0227,636,30.6,1,2.5,0
GA-0228,815,37.6,0,6.7,0
GA-0229,618,16.1,3,3.6,1
GA-0230,575,38.0,5,8.7,0
GA-0231,680,36.7,0,8.4,0
GA-0232,764,40.5,0,4.7,0
GA-0233,772,19.0,0,29.1,0
GA-0234,721,34.3,0,0.7,0
GA-0235,776,29.6,0,4.7,0
GA-0236,722,42.1,0,6.5,0
GA-0237,662,30.3,0,1.5,0
GA-0238,730,34.0,1,1.9,0
GA-0239,649,39.2,0,0.3,1
GA-0240,708,33.8,0,7.7,0
GA-0241,659,32.5,2,7.9,0
GA-0242,702,27.2,0,1.5,0
GA-0243,703,12.5,0,0.7,0
GA-0244,791,38.7,0,4.8,0
GA-0245,521,37.7,4,1.0,0
GA-0246,604,36.0,1,10.2,1
GA-0247,729,29.1,0,2.6,0
GA-0248,664,38.7,1,9.3,0
GA-0249,712,19.5,0,8.7,0
GA-0250,693,30.6,0,4.3,0
GA-0251,705,32.8,0,3.3,0
GA-0252,585,24.1,0,4.6,1
GA-0253,697,25.2,0,1.9,0
GA-0254,737,25.6,0,8.0,0
GA-0255,732,25.7,0,9.1,0
GA-0256,656,18.3,0,0.2,0
GA-0257,637,42.2,2,6.5,1
GA-0258,690,8.0,0,11.4,0
GA-0259,655,31.3,2,1.1,0
GA-0260,665,23.1,1,11.4,0
GA-0261,666,25.4,3,3.1,0
GA-0262,549,32.0,2,2.6,0
GA-0263,742,41.4,0,3.3,0
GA-0264,617,31.2,0,0.2,0
GA-0265,704,41.4,0,5.1,0
GA-0266,612,19.3,1,3.4,0
GA-0267,643,27.6,0,0.2,0
GA-0268,627,24.2,2,19.2,0
GA-0269,644,31.1,2,1.5,0
GA-0270,689,18.8,0,3.6,0
GA-0271,830,38.1,0,13.3,0
GA-0272,740,30.9,0,18.1,0
GA-0273,711,38.6,0,5.4,0
GA-0274,724,40.5,0,18.9,0
GA-0275,692,26.6,0,10.6,0
GA-0276,731,8.0,0,2.9,0
GA-0277,701,33.6,1,3.7,0
GA-0278,707,23.0,0,0.2,0
GA-0279,779,23.7,0,25.3,0
GA-0280,653,24.7,1,7.6,1
GA-0281,709,25.5,0,2.4,0
GA-0282,661,36.3,2,0.3,0
GA-0283,672,36.4,1,11.0,0
GA-0284,756,13.5,0,8.1,0
GA-0285,671,35.8,1,10.1,0
GA-0286,701,42.5,2,3.8,0
GA-0287,766,28.5,0,4.3,0
GA-0288,810,47.3,0,16.0,0
GA-0289,709,29.7,1,22.3,0
GA-0290,613,39.4,1,4.1,1
GA-0291,622,43.1,1,18.7,0
GA-0292,649,43.2,0,11.1,0
GA-0293,701,42.7,0,0.8,0
GA-0294,805,38.8,0,6.5,0
GA-0295,562,18.9,3,5.0,1
GA-0296,813,33.7,0,14.1,0
GA-0297,666,21.3,0,1.6,0
GA-0298,636,14.9,1,2.1,0
GA-0299,652,38.0,0,1.0,0
GA-0300,728,20.9,0,14.6,0
GA-0301,655,36.2,1,1.4,1
GA-0302,730,37.0,1,20.4,0
GA-0303,769,29.6,0,3.6,0
GA-0304,662,31.5,1,30.0,0
GA-0305,586,35.6,2,4.6,1
GA-0306,536,41.2,0,7.1,0
GA-0307,633,35.4,5,18.9,0
GA-0308,608,47.6,3,0.7,1
GA-0309,611,33.5,0,6.6,0
GA-0310,681,55.0,1,3.2,1
GA-0311,687,31.1,0,0.4,0
GA-0312,630,20.2,1,2.7,0
GA-0313,686,39.8,0,6.6,0
GA-0314,665,36.2,2,0.9,0
GA-0315,674,28.9,1,2.3,0
GA-0316,633,8.0,1,10.2,0
GA-0317,612,25.1,1,6.2,0
GA-0318,740,26.5,0,6.5,0
GA-0319,553,28.7,5,6.5,1
GA-0320,773,28.1,0,3.0,0
GA-0321,683,31.3,1,0.2,0
GA-0322,649,32.2,3,5.9,0
GA-0323,670,35.8,1,9.5,0
GA-0324,741,32.1,0,3.1,0
GA-0325,705,37.7,0,5.6,0
GA-0326,612,22.6,1,1.5,0
GA-0327,627,52.6,0,4.9,0
GA-0328,647,19.2,2,6.1,0
GA-0329,531,32.1,1,0.7,0
GA-0330,691,41.7,0,8.2,0
GA-0331,585,34.7,3,11.7,1
GA-0332,687,28.9,2,7.8,0
GA-0333,679,24.9,1,1.6,0
GA-0334,555,21.2,0,1.7,0
GA-0335,613,37.3,2,8.0,0
GA-0336,624,24.8,1,1.5,0
GA-0337,643,46.6,2,4.1,0
GA-0338,749,41.3,0,4.8,0
GA-0339,685,32.7,0,3.2,0
GA-0340,520,26.6,0,13.3,0
GA-0341,633,27.0,0,2.6,0
GA-0342,643,38.4,0,6.9,0
GA-0343,740,21.7,0,0.9,0
GA-0344,735,27.7,1,13.4,1
GA-0345,625,22.7,3,3.6,0
GA-0346,754,40.2,0,7.7,0
GA-0347,609,18.4,0,4.7,0
GA-0348,723,33.5,0,10.0,0
GA-0349,649,20.0,1,2.8,0
GA-0350,693,32.4,0,14.9,0
GA-0351,668,32.5,1,2.4,0
GA-0352,830,13.9,0,7.1,0
GA-0353,745,15.4,0,1.7,0
GA-0354,667,30.8,0,1.5,0
GA-0355,741,14.9,0,1.0,0
GA-0356,666,38.9,0,0.2,0
GA-0357,732,39.2,0,0.6,0
GA-0358,642,23.1,1,19.2,0
GA-0359,734,26.2,0,5.4,0
GA-0360,655,37.2,0,2.8,0
GA-0361,695,17.5,0,6.1,0
GA-0362,731,29.0,1,1.1,0
GA-0363,737,24.8,0,0.9,0
GA-0364,683,49.0,0,7.1,0
GA-0365,766,43.9,0,7.8,0
GA-0366,681,32.5,0,4.2,0
GA-0367,619,33.2,3,0.6,0
GA-0368,730,9.1,0,0.2,0
GA-0369,764,25.5,0,11.4,0
GA-0370,805,36.4,0,11.9,0
GA-0371,665,45.7,0,13.9,0
GA-0372,662,37.2,0,3.6,0
GA-0373,700,24.1,0,21.9,0
GA-0374,704,31.2,1,3.5,0
GA-0375,643,29.6,1,0.2,0
GA-0376,694,25.3,0,6.7,1
GA-0377,758,25.4,0,0.6,0
GA-0378,617,37.1,2,0.4,0
GA-0379,781,24.0,0,14.0,0
GA-0380,548,29.9,2,5.3,1
GA-0381,777,31.0,0,5.7,0
GA-0382,641,29.5,1,3.2,0
GA-0383,777,28.4,0,1.9,0
GA-0384,663,43.3,0,7.2,1
GA-0385,672,25.6,0,2.7,0
GA-0386,691,25.6,0,0.7,0
GA-0387,603,20.4,0,7.3,0
GA-0388,671,25.3,0,6.1,0
GA-0389,657,40.0,1,10.2,0
GA-0390,739,20.6,0,15.9,0
GA-0391,666,20.7,0,4.2,0
GA-0392,698,40.5,0,23.6,0
GA-0393,671,31.2,2,1.7,0
GA-0394,644,36.3,1,0.2,0
GA-0395,683,31.9,2,1.2,0
GA-0396,586,16.3,3,1.7,0
GA-0397,655,34.6,1,5.9,0
GA-0398,651,25.9,4,3.0,1
GA-0399,548,31.1,4,0.3,1
GA-0400,677,29.8,0,3.7,0
GA-0401,675,29.1,0,3.5,0
GA-0402,688,24.1,0,2.0,0
GA-0403,655,31.5,2,6.5,0
GA-0404,667,47.7,1,6.0,0
GA-0405,577,38.9,2,7.7,0
GA-0406,758,51.0,0,7.5,0
GA-0407,628,24.0,1,1.6,1
GA-0408,670,32.2,1,1.2,0
GA-0409,685,42.9,0,8.3,0
GA-0410,667,46.6,0,7.2,1
GA-0411,830,19.3,0,1.2,0
GA-0412,583,27.8,0,9.2,0
GA-0413,756,32.9,0,3.9,0
GA-0414,559,34.5,4,2.6,1
GA-0415,675,52.1,1,5.7,0
GA-0416,744,46.7,0,12.2,0
GA-0417,775,29.0,0,4.0,0
GA-0418,713,19.7,0,14.9,0
GA-0419,647,25.7,0,1.1,0
GA-0420,609,20.6,1,9.0,0
GA-0421,638,24.8,1,2.1,0
GA-0422,670,34.9,0,18.8,0
GA-0423,731,37.5,1,2.9,0
GA-0424,678,35.5,2,5.3,0
GA-0425,577,28.8,1,13.6,1
GA-0426,711,30.0,0,0.2,0
GA-0427,625,34.7,1,4.6,0
GA-0428,708,29.3,0,1.9,0
GA-0429,753,41.5,0,3.0,0
GA-0430,694,31.5,2,0.2,0
GA-0431,745,11.4,0,2.7,0
GA-0432,748,19.8,0,2.5,0
GA-0433,653,32.4,0,0.4,0
GA-0434,709,29.1,1,1.2,0
GA-0435,830,39.2,0,6.9,0
GA-0436,745,43.3,0,14.9,0
GA-0437,757,26.5,0,10.1,0
GA-0438,681,21.8,0,4.5,0
GA-0439,579,31.0,3,2.4,1
GA-0440,756,50.4,0,11.8,0
GA-0441,606,23.8,3,7.9,0
GA-0442,660,34.5,1,3.7,0
GA-0443,627,42.2,1,0.3,0
GA-0444,653,30.7,0,18.1,0
GA-0445,663,39.2,2,0.8,1
GA-0446,734,27.1,0,5.1,0
GA-0447,607,27.5,0,1.9,0
GA-0448,780,33.5,0,1.2,1
GA-0449,720,34.5,0,12.1,0
GA-0450,650,24.8,1,4.9,0
GA-0451,735,38.2,0,2.4,0
GA-0452,641,30.2,2,6.9,0
GA-0453,601,28.9,1,0.2,0
GA-0454,719,24.4,1,2.4,0
GA-0455,724,42.2,0,6.7,0
GA-0456,624,42.5,0,1.2,1
GA-0457,683,20.5,1,3.9,0
GA-0458,731,26.2,0,5.3,0
GA-0459,705,43.5,0,16.2,0
GA-0460,722,21.9,0,15.2,0
GA-0461,696,22.0,0,26.1,0
GA-0462,666,39.1,1,5.2,0
GA-0463,662,39.8,1,3.9,0
GA-0464,546,36.4,2,16.8,1
GA-0465,579,42.1,2,7.5,1
GA-0466,713,36.6,0,5.6,0
GA-0467,705,38.8,0,2.2,0
GA-0468,776,24.9,0,3.8,0
GA-0469,655,22.9,1,3.8,0
GA-0470,629,30.6,0,3.2,0
GA-0471,690,22.9,1,2.0,0
GA-0472,709,29.5,0,3.9,0
GA-0473,686,48.1,0,3.1,0
GA-0474,604,39.3,1,2.9,1
GA-0475,728,31.3,0,2.6,0
GA-0476,667,42.0,1,5.7,0
GA-0477,620,26.4,0,11.9,0
GA-0478,659,31.6,2,6.3,0
GA-0479,764,38.1,0,8.9,0
GA-0480,645,29.8,0,5.0,0
GA-0481,647,23.9,1,2.5,0
GA-0482,729,35.5,0,7.0,0
GA-0483,704,29.0,0,13.3,0
GA-0484,578,46.2,0,9.0,0
GA-0485,598,36.4,0,0.4,0
GA-0486,713,30.8,0,9.7,0
GA-0487,687,28.5,0,0.4,0
GA-0488,729,32.9,0,0.4,0
GA-0489,669,23.9,0,1.2,0
GA-0490,709,19.3,0,0.9,0
GA-0491,701,31.6,0,1.9,0
GA-0492,697,29.6,1,12.0,0
GA-0493,583,8.7,1,2.4,0
GA-0494,645,28.0,1,9.7,0
GA-0495,622,32.7,1,2.1,1
GA-0496,705,36.9,1,2.8,0
GA-0497,682,22.5,0,3.4,0
GA-0498,780,33.6,0,0.5,0
GA-0499,663,50.2,1,1.1,1
GA-0500,769,54.9,0,2.3,0
GA-0501,664,33.4,1,2.6,0
GA-0502,651,21.7,1,1.6,0
GA-0503,643,40.7,3,10.2,0
GA-0504,794,33.7,0,11.3,0
GA-0505,647,47.7,1,4.9,1
GA-0506,713,32.9,0,3.1,0
GA-0507,717,18.8,0,7.6,0
GA-0508,716,46.0,0,2.0,1
GA-0509,725,34.7,0,14.4,1
GA-0510,721,42.1,0,15.4,0
GA-0511,742,30.7,0,9.3,0
GA-0512,761,25.1,0,8.2,0
GA-0513,665,45.2,0,0.2,0
GA-0514,635,32.0,1,0.2,0
GA-0515,672,33.0,1,7.3,0
GA-0516,710,23.8,1,8.4,0
GA-0517,694,29.1,1,10.2,0
GA-0518,656,29.2,0,18.8,0
GA-0519,604,23.7,0,1.2,0
GA-0520,694,38.3,1,4.8,0
GA-0521,740,24.7,0,20.4,0
GA-0522,780,38.3,0,0.6,0
GA-0523,781,27.7,0,9.0,0
GA-0524,671,12.5,1,0.8,0
GA-0525,703,16.3,0,2.6,0
GA-0526,635,28.5,1,1.3,0
GA-0527,770,30.2,0,4.0,0
GA-0528,728,9.7,0,0.7,0
GA-0529,641,27.7,0,0.5,0
GA-0530,603,25.9,1,0.4,1
GA-0531,751,33.2,0,14.0,0
GA-0532,649,27.4,1,9.0,0
GA-0533,759,19.9,0,0.6,0
GA-0534,605,24.4,2,2.3,0
GA-0535,626,25.2,1,12.7,0
GA-0536,731,34.0,0,3.9,0
GA-0537,652,40.0,1,0.9,0
GA-0538,625,24.2,2,12.2,1
GA-0539,648,22.3,1,0.3,0
GA-0540,707,30.5,0,7.2,0
GA-0541,662,23.0,0,2.8,1
GA-0542,805,25.6,0,2.6,0
GA-0543,687,33.4,0,10.5,0
GA-0544,817,33.1,0,8.0,0
GA-0545,622,34.3,0,3.6,1
GA-0546,621,28.7,2,0.5,0
GA-0547,745,25.3,0,5.8,0
GA-0548,690,25.5,0,10.5,0
GA-0549,615,31.8,0,10.5,0
GA-0550,723,28.2,0,3.3,0
GA-0551,683,26.6,1,15.4,0
GA-0552,619,47.7,2,4.9,0
GA-0553,665,47.9,0,24.9,0
GA-0554,754,23.0,1,6.7,0
GA-0555,631,34.8,0,2.9,0
GA-0556,635,32.9,1,11.7,0
GA-0557,638,46.3,2,1.4,1
GA-0558,700,43.2,1,3.7,0
GA-0559,704,48.6,0,1.9,0
GA-0560,749,31.6,0,7.5,0
GA-0561,703,39.1,0,16.9,0
GA-0562,746,27.7,0,3.9,0
GA-0563,712,26.2,1,4.1,0
GA-0564,684,46.6,0,9.8,0
GA-0565,697,37.5,0,6.0,0
GA-0566,790,25.1,0,1.4,0
GA-0567,603,39.4,2,2.2,0
GA-0568,562,39.9,1,2.9,1
GA-0569,722,42.0,0,5.2,0
GA-0570,730,28.0,0,0.9,0
GA-0571,603,32.9,2,12.9,0
GA-0572,763,36.4,0,0.8,0
GA-0573,698,36.5,1,1.7,0
GA-0574,794,35.8,0,0.7,0
GA-0575,815,36.0,0,1.5,0
GA-0576,563,27.9,3,4.4,0
GA-0577,666,36.4,0,29.2,0
GA-0578,728,24.9,0,3.5,0
GA-0579,771,30.2,0,11.8,0
GA-0580,689,48.5,1,1.6,0
GA-0581,713,32.1,0,8.4,0
GA-0582,706,36.9,0,1.2,0
GA-0583,545,20.5,1,5.4,0
GA-0584,707,28.9,0,0.6,0
GA-0585,547,29.4,2,20.8,0
GA-0586,664,34.4,0,2.2,0
GA-0587,666,32.6,0,3.8,0
GA-0588,728,36.8,0,1.7,0
GA-0589,750,47.7,0,4.9,0
GA-0590,741,39.3,0,30.0,0
GA-0591,706,30.6,0,30.0,0
GA-0592,702,23.1,1,4.0,0
GA-0593,811,34.2,0,11.3,1
GA-0594,576,17.7,2,1.9,0
GA-0595,743,40.6,0,9.5,0
GA-0596,676,23.1,1,25.1,0
GA-0597,739,35.2,0,1.0,0
GA-0598,779,21.0,0,3.9,0
GA-0599,605,33.6,1,24.8,0
GA-0600,604,31.0,2,5.0,0
GA-0601,614,27.4,1,7.6,0
GA-0602,645,21.9,1,1.2,1
GA-0603,637,25.8,2,10.1,1
GA-0604,666,41.9,1,4.0,0
GA-0605,691,23.2,0,1.6,0
GA-0606,696,29.7,1,0.4,0
GA-0607,685,34.3,0,4.3,0
GA-0608,605,39.3,3,4.1,0
GA-0609,727,42.3,0,11.1,0
GA-0610,708,47.7,0,6.0,0
GA-0611,757,22.0,0,3.0,0
GA-0612,776,15.3,0,2.3,0
GA-0613,744,21.2,0,5.8,0
GA-0614,570,36.2,1,4.5,0
GA-0615,611,25.5,2,1.2,0
GA-0616,733,20.3,0,24.7,0
GA-0617,564,31.8,1,21.3,1
GA-0618,706,23.1,0,6.0,0
GA-0619,740,31.1,0,1.8,0
GA-0620,759,30.1,0,1.8,0
GA-0621,663,8.5,2,8.5,0
GA-0622,636,46.6,1,7.4,1
GA-0623,611,34.9,1,5.0,0
GA-0624,705,33.9,0,0.7,1
GA-0625,720,28.0,0,2.0,0
GA-0626,729,14.8,0,3.7,0
GA-0627,641,33.4,2,7.6,0
GA-0628,729,39.8,0,10.5,0
GA-0629,787,22.5,0,3.0,0
GA-0630,622,31.3,0,5.9,0
GA-0631,661,22.1,1,9.1,0
GA-0632,764,28.6,0,11.3,0
GA-0633,587,45.1,2,8.0,0
GA-0634,670,21.3,0,1.3,1
GA-0635,609,38.7,2,1.1,1
GA-0636,718,25.5,1,10.6,0
GA-0637,749,35.4,0,0.4,1
GA-0638,626,26.1,1,4.4,0
GA-0639,661,29.5,1,0.3,1
GA-0640,727,15.0,0,0.2,0
GA-0641,724,45.8,0,30.0,0
GA-0642,696,22.7,2,7.3,0
GA-0643,704,27.5,0,15.3,0
GA-0644,738,45.0,0,0.3,0
GA-0645,789,27.0,0,2.2,0
GA-0646,714,30.3,0,11.1,0
GA-0647,683,31.4,1,4.8,0
GA-0648,634,40.1,0,4.2,0
GA-0649,736,25.9,0,3.9,0
GA-0650,732,36.7,1,3.8,0
GA-0651,666,32.0,0,1.2,0
GA-0652,711,31.8,0,12.1,0
GA-0653,706,29.9,0,0.8,0
GA-0654,759,21.0,0,11.2,0
GA-0655,687,32.7,1,15.2,0
GA-0656,658,26.8,2,7.2,0
GA-0657,793,23.3,0,6.0,0
GA-0658,585,25.4,1,4.4,0
GA-0659,697,34.9,1,3.0,0
GA-0660,612,18.8,3,2.4,0
GA-0661,661,41.0,0,0.2,1
GA-0662,664,39.7,2,7.0,0
GA-0663,711,22.1,0,12.2,0
GA-0664,646,29.9,0,1.8,0
GA-0665,683,22.4,0,6.0,0
GA-0666,620,33.5,3,8.0,0
GA-0667,656,40.6,0,4.7,1
GA-0668,715,40.5,1,6.5,0
GA-0669,755,40.0,0,6.1,0
GA-0670,572,21.0,2,16.8,0
GA-0671,703,36.2,0,7.2,0
GA-0672,663,30.4,2,10.4,0
GA-0673,655,20.6,0,5.1,0
GA-0674,670,27.8,0,10.8,0
GA-0675,690,26.2,0,26.1,0
GA-0676,647,21.3,3,16.1,0
GA-0677,631,36.9,1,4.3,0
GA-0678,663,12.6,1,5.4,0
GA-0679,671,38.9,0,0.5,0
GA-0680,666,25.5,1,2.7,0
GA-0681,670,32.8,0,30.0,0
GA-0682,656,25.3,0,3.6,0
GA-0683,623,29.5,0,5.7,0
GA-0684,802,34.3,0,0.6,0
GA-0685,737,34.3,0,9.8,0
GA-0686,739,29.3,0,0.8,0
GA-0687,602,33.5,0,2.9,1
GA-0688,684,40.2,0,0.7,0
GA-0689,680,29.1,1,13.9,0
GA-0690,665,32.0,0,4.0,0
GA-0691,618,27.0,0,6.8,0
GA-0692,704,19.1,0,3.1,0
GA-0693,555,30.6,1,1.6,1
GA-0694,603,36.4,4,9.5,0
GA-0695,656,30.3,0,2.2,0
GA-0696,710,36.0,0,12.0,0
GA-0697,675,37.4,0,1.8,0
GA-0698,680,29.2,1,3.4,0
GA-0699,779,21.4,0,0.2,0
GA-0700,575,33.5,0,1.8,0
GA-0701,632,21.1,0,0.7,0
GA-0702,748,30.2,0,1.4,0
GA-0703,644,28.0,0,2.0,0
GA-0704,658,23.4,1,4.9,0
GA-0705,713,24.0,1,3.0,0
GA-0706,736,40.9,0,20.1,0
GA-0707,732,28.0,0,11.5,1
GA-0708,670,39.6,1,0.5,0
GA-0709,762,32.7,0,19.1,0
GA-0710,683,9.9,0,5.5,0
GA-0711,643,29.9,0,1.1,0
GA-0712,732,28.0,0,1.3,0
GA-0713,752,16.7,0,0.5,0
GA-0714,596,38.3,2,3.9,1
GA-0715,738,12.8,0,18.6,0
GA-0716,679,34.5,2,6.2,0
GA-0717,731,38.3,0,1.6,0
GA-0718,704,35.3,0,0.3,0
GA-0719,725,19.7,0,2.4,0
GA-0720,722,32.7,0,1.4,0
GA-0721,595,31.3,4,1.7,0
GA-0722,667,30.5,1,7.5,0
GA-0723,746,26.8,2,3.0,0
GA-0724,695,40.3,0,2.5,0
GA-0725,650,38.7,0,6.5,0
GA-0726,739,35.8,0,11.5,0
GA-0727,792,40.2,0,4.3,0
GA-0728,675,33.4,1,30.0,0
GA-0729,770,33.3,0,0.2,0
GA-0730,625,8.1,2,2.9,0
GA-0731,672,36.5,0,2.4,0
GA-0732,657,40.2,0,6.7,0
GA-0733,637,23.9,1,7.8,0
GA-0734,674,46.1,0,9.1,0
GA-0735,697,25.3,1,1.7,0
GA-0736,617,43.4,0,3.7,0
GA-0737,743,30.2,0,1.3,0
GA-0738,754,34.3,0,6.4,0
GA-0739,626,37.8,2,5.9,0
GA-0740,659,33.9,4,2.1,0
GA-0741,625,10.8,0,4.2,0
GA-0742,709,29.4,0,15.3,0
GA-0743,678,14.3,4,1.2,1
GA-0744,744,42.0,0,6.3,0
GA-0745,680,41.3,1,17.5,0
GA-0746,726,35.9,0,11.4,0
GA-0747,691,22.3,0,2.7,0
GA-0748,684,23.2,0,5.8,0
GA-0749,745,21.1,0,5.0,0
GA-0750,755,26.0,1,0.5,0
GA-0751,547,30.2,0,2.5,0
GA-0752,631,37.8,1,15.7,0
GA-0753,659,46.2,2,0.4,0
GA-0754,643,30.6,0,11.7,0
GA-0755,716,31.0,1,1.2,0
GA-0756,650,32.9,1,0.9,0
GA-0757,679,19.8,3,11.9,0
GA-0758,656,30.1,0,14.1,0
GA-0759,644,11.2,2,9.3,0
GA-0760,679,29.3,1,4.7,0
GA-0761,716,9.3,0,2.9,0
GA-0762,711,34.5,1,7.1,0
GA-0763,675,31.0,1,2.0,0
GA-0764,780,37.5,0,8.0,0
GA-0765,714,34.7,1,2.9,0
GA-0766,712,30.1,0,1.1,0
GA-0767,657,35.8,2,2.3,0
GA-0768,755,36.9,0,0.7,0
GA-0769,674,31.2,1,5.9,0
GA-0770,678,28.4,2,7.2,0
GA-0771,736,27.0,0,0.4,0
GA-0772,612,45.3,2,0.9,1
GA-0773,752,24.0,0,2.6,0
GA-0774,675,30.4,3,10.7,1
GA-0775,692,41.8,0,13.0,0
GA-0776,637,18.3,0,3.8,0
GA-0777,824,20.4,1,4.7,0
GA-0778,702,46.6,0,1.6,0
GA-0779,691,28.3,0,0.9,0
GA-0780,735,16.0,0,3.9,0
GA-0781,696,31.5,1,12.0,1
GA-0782,604,31.0,0,6.5,0
GA-0783,738,38.6,0,1.9,0
GA-0784,647,40.5,1,7.9,0
GA-0785,695,39.6,0,11.7,1
GA-0786,609,27.6,4,0.5,1
GA-0787,729,29.6,1,17.1,0
GA-0788,792,34.7,0,1.5,0
GA-0789,675,35.8,1,0.2,0
GA-0790,751,36.4,0,10.5,0
GA-0791,590,24.5,1,4.1,1
GA-0792,645,30.9,1,1.4,0
GA-0793,600,44.3,1,3.2,0
GA-0794,715,37.2,0,1.8,0
GA-0795,734,15.0,0,9.3,0
GA-0796,604,22.1,3,5.1,0
GA-0797,738,44.6,0,1.6,0
GA-0798,745,33.0,0,5.8,0
GA-0799,720,28.8,0,4.7,0
GA-0800,728,27.5,0,2.3,0
GA-0801,702,27.6,0,11.0,0
GA-0802,653,39.6,1,3.5,1
GA-0803,698,34.5,0,4.0,0
GA-0804,632,25.1,3,8.7,0
GA-0805,568,24.3,1,1.6,0
GA-0806,681,18.9,1,3.3,0
GA-0807,657,35.8,0,7.6,0
GA-0808,684,24.6,0,6.0,0
GA-0809,691,32.5,0,2.8,0
GA-0810,763,16.3,0,6.7,0
GA-0811,648,15.2,0,4.0,0
GA-0812,722,48.0,0,0.9,0
GA-0813,755,26.2,0,5.6,0
GA-0814,729,27.1,0,0.4,0
GA-0815,676,48.4,1,4.2,0
GA-0816,629,43.0,0,12.5,0
GA-0817,574,27.2,2,2.7,1
GA-0818,704,21.9,3,2.3,0
GA-0819,711,34.3,0,10.8,0
GA-0820,520,22.0,3,4.1,1
GA-0821,822,38.4,0,11.7,0
GA-0822,738,28.8,0,2.0,0
GA-0823,785,29.1,0,10.0,0
GA-0824,763,36.8,0,11.0,0
GA-0825,788,25.9,0,11.4,0
GA-0826,652,25.9,0,0.9,0
GA-0827,609,24.3,2,22.8,0
GA-0828,696,35.3,0,4.5,0
GA-0829,693,36.4,0,4.2,0
GA-0830,659,16.5,4,7.1,1
GA-0831,589,16.4,1,4.9,1
GA-0832,534,42.1,2,7.9,1
GA-0833,791,30.0,0,2.5,0
GA-0834,615,16.2,1,4.8,0
GA-0835,666,25.4,0,2.4,0
GA-0836,721,35.7,0,10.3,0
GA-0837,778,16.3,0,13.3,0
GA-0838,701,30.2,0,5.1,0
GA-0839,653,20.3,1,0.9,0
GA-0840,637,43.6,0,1.5,0
GA-0841,647,27.5,0,0.9,0
GA-0842,723,30.7,0,17.7,0
GA-0843,708,18.5,0,2.3,0
GA-0844,595,29.0,3,2.3,0
GA-0845,652,16.7,2,6.4,0
GA-0846,615,35.8,3,1.7,0
GA-0847,717,25.1,0,1.7,0
GA-0848,788,24.3,0,9.2,0
GA-0849,634,27.9,1,4.9,0
GA-0850,830,53.6,0,2.8,0
GA-0851,641,26.0,0,10.4,0
GA-0852,624,36.1,1,7.5,0
GA-0853,642,21.2,3,1.9,0
GA-0854,713,34.9,0,14.9,0
GA-0855,765,28.8,0,5.7,0
GA-0856,589,30.6,1,4.6,0
GA-0857,684,34.0,1,0.2,1
GA-0858,618,41.5,0,2.4,0
GA-0859,722,43.5,1,2.6,0
GA-0860,655,29.3,0,3.7,0
GA-0861,700,21.0,1,6.3,0
GA-0862,737,37.5,0,11.9,0
GA-0863,710,26.0,0,9.2,0
GA-0864,632,55.0,1,1.4,1
GA-0865,582,51.9,0,8.7,0
GA-0866,699,35.4,0,0.6,0
GA-0867,660,20.9,1,0.2,0
GA-0868,691,20.6,1,10.3,0
GA-0869,698,31.3,0,2.8,0
GA-0870,727,35.8,0,5.9,0
GA-0871,641,22.7,1,5.3,0
GA-0872,689,17.6,0,2.4,0
GA-0873,647,22.8,1,1.8,0
GA-0874,819,43.2,0,1.2,0
GA-0875,672,8.0,0,4.6,0
GA-0876,666,17.3,1,3.5,0
GA-0877,830,23.7,0,2.0,0
GA-0878,561,31.0,3,7.1,1
GA-0879,672,43.9,1,5.2,0
GA-0880,739,27.6,0,7.0,0
GA-0881,712,26.4,0,0.3,0
GA-0882,621,36.3,2,2.8,0
GA-0883,650,24.3,1,1.5,0
GA-0884,789,27.7,0,2.4,0
GA-0885,719,26.7,1,3.8,0
GA-0886,704,29.7,1,2.0,0
GA-0887,641,38.2,1,1.1,0
GA-0888,765,28.3,0,4.5,0
GA-0889,830,26.3,0,0.2,0
GA-0890,717,21.6,0,6.4,0
GA-0891,733,40.5,1,4.9,0
GA-0892,707,22.3,0,25.2,0
GA-0893,561,26.7,2,8.5,1
GA-0894,710,19.2,0,0.8,0
GA-0895,684,50.3,2,2.2,0
GA-0896,564,34.0,1,2.0,0
GA-0897,676,37.0,0,1.2,0
GA-0898,677,34.3,0,3.6,0
GA-0899,712,32.9,1,0.2,0
GA-0900,736,32.4,0,7.2,0
GA-0901,789,31.8,0,2.9,0
GA-0902,689,16.8,0,8.5,0
GA-0903,719,30.0,0,15.2,0
GA-0904,830,22.6,0,3.4,0
GA-0905,666,30.1,2,0.7,1
GA-0906,740,23.8,0,0.2,0
GA-0907,657,30.7,1,2.1,0
GA-0908,787,28.9,0,0.2,0
GA-0909,700,27.8,0,5.1,0
GA-0910,804,21.9,0,1.0,0
GA-0911,690,26.5,0,2.8,0
GA-0912,682,44.1,1,9.5,1
GA-0913,728,36.7,0,0.2,0
GA-0914,657,26.9,1,0.3,0
GA-0915,650,27.1,0,6.3,0
GA-0916,700,26.2,0,3.0,0
GA-0917,715,55.0,0,17.5,0
GA-0918,665,34.3,2,1.6,0
GA-0919,664,37.0,0,0.9,0
GA-0920,758,35.7,0,6.4,0
GA-0921,578,24.3,1,4.6,0
GA-0922,803,31.1,0,3.0,0
GA-0923,651,25.9,0,2.2,0
GA-0924,677,38.2,1,11.8,0
GA-0925,673,32.7,0,26.2,0
GA-0926,602,26.0,0,19.9,0
GA-0927,683,34.3,1,2.6,0
GA-0928,742,34.2,0,3.8,0
GA-0929,647,22.9,2,1.1,1
GA-0930,664,27.0,0,7.0,0
GA-0931,688,26.8,0,2.2,0
GA-0932,695,39.5,2,9.2,0
GA-0933,730,31.0,0,0.2,0
GA-0934,615,34.5,1,2.3,0
GA-0935,748,19.1,0,20.2,0
GA-0936,753,34.5,0,9.3,0
GA-0937,720,44.5,0,13.5,1
GA-0938,790,35.6,0,1.4,0
GA-0939,830,13.3,0,2.9,0
GA-0940,667,26.6,0,5.0,0
GA-0941,610,38.0,1,3.1,0
GA-0942,830,34.9,0,16.1,0
GA-0943,697,30.1,1,0.5,0
GA-0944,830,31.5,0,1.1,0
GA-0945,629,43.8,2,4.2,0
GA-0946,600,23.5,3,1.8,0
GA-0947,710,37.4,0,13.5,0
GA-0948,716,46.1,1,19.8,0
GA-0949,682,34.6,0,15.2,0
GA-0950,589,33.6,1,4.0,0
GA-0951,618,27.4,0,23.8,0
GA-0952,729,24.0,0,4.6,0
GA-0953,782,25.9,0,8.2,0
GA-0954,728,42.5,0,5.7,0
GA-0955,716,26.2,0,0.3,0
GA-0956,607,26.4,2,21.7,0
GA-0957,734,46.5,0,3.7,0
GA-0958,743,36.2,0,0.9,0
GA-0959,776,29.1,0,5.7,0
GA-0960,666,50.3,0,15.5,0
GA-0961,666,28.0,1,1.0,0
GA-0962,663,35.0,2,3.4,0
GA-0963,665,48.5,1,6.1,0
GA-0964,691,45.9,0,5.8,0
GA-0965,671,38.9,0,11.8,0
GA-0966,712,18.3,0,8.4,0
GA-0967,655,10.9,2,0.2,0
GA-0968,734,17.0,0,6.3,0
GA-0969,742,31.9,0,3.3,0
GA-0970,709,37.6,0,2.8,0
GA-0971,556,34.1,4,4.0,1
GA-0972,695,35.3,1,10.6,0
GA-0973,736,35.3,0,5.4,0
GA-0974,737,31.4,0,1.1,0
GA-0975,606,28.9,1,6.1,0
GA-0976,574,44.5,2,7.9,1
GA-0977,740,26.2,0,1.4,0
GA-0978,621,28.8,4,7.5,0
GA-0979,647,46.0,2,5.8,0
GA-0980,687,36.1,0,23.2,0
GA-0981,664,34.1,1,18.8,0
GA-0982,599,18.8,1,6.0,1
GA-0983,790,21.7,0,5.2,0
GA-0984,657,16.9,2,1.0,1
GA-0985,699,21.7,0,7.0,0
GA-0986,821,28.5,0,13.4,0
GA-0987,734,44.4,0,2.2,0
GA-0988,830,8.0,0,11.4,0
GA-0989,791,43.2,0,2.3,0
GA-0990,701,29.1,0,0.3,0
GA-0991,686,49.1,1,3.6,1
GA-0992,604,37.3,1,4.4,0
GA-0993,673,23.4,2,5.4,0
GA-0994,634,22.7,0,4.8,0
GA-0995,725,34.2,0,4.8,0
GA-0996,750,34.0,0,3.5,0
GA-0997,757,34.8,0,10.0,0
GA-0998,641,29.7,0,6.9,0
GA-0999,671,41.3,1,2.0,0
GA-1000,767,33.1,0,16.5,0
GA-1001,631,32.2,0,2.3,0
GA-1002,748,23.8,0,0.5,0
GA-1003,692,32.4,2,1.4,0
GA-1004,699,24.6,1,6.6,0
GA-1005,747,34.0,0,2.3,0
GA-1006,742,40.9,0,24.7,0
GA-1007,651,15.2,0,2.4,0
GA-1008,705,29.7,1,4.9,0
GA-1009,756,35.8,0,7.7,0
GA-1010,786,44.9,0,2.0,0
GA-1011,662,25.2,1,0.8,0
GA-1012,615,38.6,1,14.7,0
GA-1013,647,43.0,1,0.2,0
GA-1014,720,37.2,2,5.1,0
GA-1015,640,8.0,0,1.6,0
GA-1016,774,26.0,0,6.0,0
GA-1017,718,35.0,0,0.2,0
GA-1018,725,12.7,0,16.4,0
GA-1019,716,25.9,0,3.8,0
GA-1020,659,37.9,0,3.9,0
GA-1021,667,27.4,1,9.8,0
GA-1022,690,8.0,1,0.2,0
GA-1023,769,39.7,0,15.9,0
GA-1024,741,39.5,0,3.3,0
GA-1025,740,27.0,0,0.2,0
GA-1026,744,33.8,0,0.2,0
GA-1027,667,31.1,1,0.2,0
GA-1028,684,36.1,0,4.5,0
GA-1029,673,25.0,1,19.0,0
GA-1030,772,35.1,0,0.9,0
GA-1031,667,28.6,1,11.4,0
GA-1032,728,41.6,0,5.8,0
GA-1033,743,41.8,0,3.0,0
GA-1034,739,35.5,0,12.7,0
GA-1035,684,38.9,0,0.8,0
GA-1036,729,27.6,0,2.7,0
GA-1037,765,38.0,0,0.4,0
GA-1038,520,23.4,5,8.0,1
GA-1039,767,27.1,0,4.4,0
GA-1040,655,39.2,1,1.9,0
GA-1041,669,21.1,1,0.2,0
GA-1042,689,18.3,1,11.3,0
GA-1043,581,35.6,0,0.2,1
GA-1044,602,51.1,2,4.6,0
GA-1045,689,20.6,1,0.3,0
GA-1046,689,20.8,1,2.4,0
GA-1047,726,18.3,1,1.9,0
GA-1048,683,15.5,0,2.8,0
GA-1049,674,36.1,0,5.9,0
GA-1050,737,22.0,0,8.2,0
GA-1051,641,26.4,0,8.2,0
GA-1052,607,49.7,3,2.0,1
GA-1053,608,28.7,0,22.9,0
GA-1054,680,44.3,1,0.3,0
GA-1055,613,34.2,1,7.6,0
GA-1056,607,24.3,0,16.1,0
GA-1057,632,28.7,1,0.4,0
GA-1058,652,28.0,1,21.8,0
GA-1059,609,35.2,2,3.0,0
GA-1060,592,36.5,0,4.9,0
GA-1061,681,33.2,1,2.0,0
GA-1062,771,23.8,0,4.7,0
GA-1063,687,9.5,0,1.6,0
GA-1064,715,45.0,0,2.7,0
GA-1065,520,41.5,4,6.2,1
GA-1066,597,30.0,1,9.9,1
GA-1067,589,22.7,2,13.2,0
GA-1068,728,20.2,0,14.7,0
GA-1069,735,26.4,0,8.4,0
GA-1070,702,32.9,0,0.2,0
GA-1071,710,50.4,0,5.5,0
GA-1072,804,28.6,0,0.8,0
GA-1073,600,14.9,1,0.6,0
GA-1074,615,38.8,4,4.9,0
GA-1075,673,19.1,0,2.1,0
GA-1076,695,28.7,1,4.0,0
GA-1077,723,53.3,0,1.1,0
GA-1078,720,26.8,0,0.5,0
GA-1079,638,24.1,1,5.0,0
GA-1080,796,30.2,0,3.9,0
GA-1081,776,30.9,0,10.7,0
GA-1082,663,22.5,0,2.9,0
GA-1083,685,28.3,0,8.8,0
GA-1084,685,35.6,1,2.9,0
GA-1085,713,25.9,0,0.9,0
GA-1086,747,19.5,0,0.5,0
GA-1087,543,53.8,1,4.1,1
GA-1088,747,30.4,1,9.8,0
GA-1089,690,20.4,0,6.3,0
GA-1090,658,39.5,0,2.1,0
GA-1091,737,22.9,0,2.9,0
GA-1092,693,21.9,3,8.0,0
GA-1093,727,27.5,1,0.2,0
GA-1094,743,36.9,0,6.9,0
GA-1095,787,19.9,0,4.3,0
GA-1096,743,36.4,0,4.2,0
GA-1097,675,17.6,1,14.6,0
GA-1098,703,36.0,0,11.3,0
GA-1099,616,40.2,0,0.6,1
GA-1100,567,22.1,4,4.3,0
GA-1101,686,41.1,2,3.4,0
GA-1102,774,34.1,0,25.5,0
GA-1103,570,29.6,0,4.3,0
GA-1104,686,44.8,1,3.7,0
GA-1105,649,42.2,2,4.8,1
GA-1106,776,30.7,0,8.3,0
GA-1107,724,28.6,0,2.4,0
GA-1108,685,24.2,0,7.7,0
GA-1109,567,47.3,0,27.2,0
GA-1110,686,28.1,1,8.3,0
GA-1111,698,43.4,1,9.0,0
GA-1112,717,36.1,0,5.5,0
GA-1113,756,19.8,0,16.6,0
GA-1114,799,39.3,1,20.2,0
GA-1115,613,40.3,0,0.5,0
GA-1116,722,55.0,0,3.8,0
GA-1117,753,24.1,0,0.2,0
GA-1118,673,18.7,1,3.3,0
GA-1119,665,26.7,0,9.9,0
GA-1120,708,42.9,0,1.8,0
GA-1121,651,20.7,2,0.2,0
GA-1122,734,30.8,0,2.3,0
GA-1123,607,22.5,1,11.1,0
GA-1124,783,34.5,0,7.6,0
GA-1125,582,25.1,0,2.0,0
GA-1126,623,29.7,3,6.8,0
GA-1127,607,19.7,1,0.9,0
GA-1128,722,33.2,0,23.9,0
GA-1129,687,27.0,1,18.5,0
GA-1130,590,35.1,0,1.8,0
GA-1131,672,46.1,1,8.0,0
GA-1132,697,36.1,0,0.2,1
GA-1133,664,17.9,2,5.4,0
GA-1134,644,26.6,1,2.9,0
GA-1135,652,22.1,1,3.4,1
GA-1136,732,37.4,0,4.4,0
GA-1137,679,40.2,1,1.9,0
GA-1138,830,34.3,0,8.7,0
GA-1139,687,23.5,1,3.0,1
GA-1140,692,36.0,0,18.0,0
GA-1141,675,44.1,0,0.8,1
GA-1142,650,47.5,1,12.1,0
GA-1143,709,32.9,0,19.3,0
GA-1144,705,29.1,0,2.9,0
GA-1145,711,19.1,0,5.6,0
GA-1146,663,35.8,0,3.9,0
GA-1147,716,35.7,0,7.0,1
GA-1148,698,42.5,1,0.6,0
GA-1149,673,38.5,0,0.6,0
GA-1150,650,33.7,3,0.2,0
GA-1151,660,38.3,0,1.2,0
GA-1152,718,19.7,0,6.5,0
GA-1153,554,43.8,3,7.2,0
GA-1154,733,16.1,0,7.1,0
GA-1155,662,30.8,1,9.2,0
GA-1156,684,30.7,0,0.2,1
GA-1157,720,18.9,0,0.3,0
GA-1158,770,18.1,0,1.4,0
GA-1159,610,43.5,1,6.5,0
GA-1160,711,26.8,0,9.2,0
GA-1161,745,40.5,0,6.0,0
GA-1162,738,32.5,0,2.9,0
GA-1163,671,43.3,0,1.8,0
GA-1164,621,31.3,1,7.7,0
GA-1165,660,27.5,0,4.7,0
GA-1166,817,51.5,0,3.4,0
GA-1167,705,47.1,1,12.6,0
GA-1168,648,33.0,1,4.9,1
GA-1169,690,25.9,1,2.1,0
GA-1170,685,27.9,0,3.1,0
GA-1171,737,42.7,0,2.0,0
GA-1172,714,21.9,0,1.5,0
GA-1173,677,21.5,0,6.1,0
GA-1174,756,23.5,0,7.9,1
GA-1175,623,23.1,3,9.0,0
GA-1176,625,12.2,1,1.2,0
GA-1177,718,26.9,0,1.3,0
GA-1178,699,42.0,1,1.4,1
GA-1179,775,30.8,0,2.6,0
GA-1180,681,30.6,0,2.2,0
GA-1181,652,33.2,2,7.2,1
GA-1182,659,38.4,0,6.0,0
GA-1183,710,37.5,0,2.8,0
GA-1184,607,25.4,3,22.5,1
GA-1185,568,37.6,4,17.0,0
GA-1186,766,11.0,0,1.3,0
GA-1187,660,33.2,1,0.4,0
GA-1188,655,15.0,1,6.7,0
GA-1189,619,34.3,1,3.3,0
GA-1190,697,19.4,0,1.6,0
GA-1191,753,26.1,0,5.3,0
GA-1192,616,30.3,0,0.8,0
GA-1193,733,37.6,0,18.2,0
GA-1194,710,37.0,0,0.2,0
GA-1195,667,32.6,0,12.3,0
GA-1196,653,23.3,0,2.1,0
GA-1197,670,21.7,0,22.4,0
GA-1198,674,25.2,1,4.0,0
GA-1199,662,26.3,3,30.0,0
GA-1200,629,28.6,3,9.2,0
GA-1201,718,26.2,0,2.6,1
GA-1202,709,25.8,0,9.8,0
GA-1203,679,12.8,0,1.6,0
GA-1204,725,34.2,1,11.3,0
GA-1205,649,30.1,1,5.8,0
GA-1206,677,37.6,0,3.9,0
GA-1207,577,38.0,1,0.7,0
GA-1208,657,38.1,0,3.5,0
GA-1209,620,31.3,2,0.9,0
GA-1210,716,26.2,0,1.9,0
GA-1211,694,48.6,1,1.8,0
GA-1212,535,33.8,3,5.5,0
GA-1213,661,24.0,0,6.3,0
GA-1214,593,23.5,4,5.7,0
GA-1215,628,44.8,1,2.2,1
GA-1216,599,23.8,1,7.8,0
GA-1217,605,26.9,1,8.2,0
GA-1218,624,31.9,3,0.2,1
GA-1219,691,28.1,1,1.2,0
GA-1220,814,44.5,0,5.6,0
GA-1221,696,24.2,0,1.9,0
GA-1222,558,39.5,1,2.9,0
GA-1223,830,37.1,0,9.6,0
GA-1224,744,31.9,0,2.1,0
GA-1225,641,34.7,2,6.4,1
GA-1226,696,37.0,1,2.2,0
GA-1227,525,19.6,5,24.5,1
GA-1228,785,28.1,0,2.2,0
GA-1229,613,27.4,0,1.2,0
GA-1230,659,25.6,2,3.6,0
GA-1231,712,29.1,0,10.0,0
GA-1232,633,26.9,0,3.8,0
GA-1233,642,24.1,2,5.9,0
GA-1234,646,11.5,0,0.2,0
GA-1235,681,37.4,0,3.4,1
GA-1236,696,36.5,1,3.2,0
GA-1237,629,27.2,0,1.5,0
GA-1238,642,29.0,1,3.6,0
GA-1239,634,44.9,2,1.1,1
GA-1240,730,32.1,0,8.6,0
GA-1241,777,11.2,0,0.5,0
GA-1242,663,24.2,1,14.6,0
GA-1243,694,35.5,1,2.2,0
GA-1244,808,29.0,0,3.2,0
GA-1245,722,22.1,0,1.8,0
GA-1246,678,25.2,0,0.6,0
GA-1247,695,35.5,1,2.0,0
GA-1248,782,20.5,0,5.1,0
GA-1249,733,25.8,0,10.9,0
GA-1250,748,25.4,0,3.6,0
GA-1251,648,31.7,1,7.7,0
GA-1252,748,42.0,0,7.1,0
GA-1253,776,16.9,0,3.1,0
GA-1254,649,45.7,0,4.3,0
GA-1255,667,29.2,1,2.5,0
GA-1256,675,23.2,2,4.0,0
GA-1257,680,41.0,0,6.1,0
GA-1258,605,26.8,4,2.6,0
GA-1259,654,22.9,0,8.8,0
GA-1260,589,20.6,2,6.9,1
GA-1261,640,41.3,0,15.8,0
GA-1262,703,28.4,1,12.6,0
GA-1263,830,36.3,0,0.4,0
GA-1264,712,29.2,0,5.9,0
GA-1265,830,44.9,0,18.7,0
GA-1266,659,20.0,0,5.5,0
GA-1267,632,35.7,2,0.2,0
GA-1268,651,35.1,0,5.9,0
GA-1269,696,36.5,0,2.1,0
GA-1270,752,25.9,1,23.0,0
GA-1271,830,37.3,0,0.9,0
GA-1272,712,39.1,1,2.3,0
GA-1273,605,30.2,1,3.3,0
GA-1274,520,39.1,2,5.6,1
GA-1275,678,42.4,1,0.6,0
GA-1276,734,40.8,0,2.1,0
GA-1277,785,31.0,0,0.5,0
GA-1278,687,42.0,0,7.8,0
GA-1279,761,35.7,0,4.0,0
GA-1280,737,35.1,1,26.7,0
GA-1281,658,36.3,0,6.8,1
GA-1282,777,39.2,0,13.3,0
GA-1283,721,43.0,0,2.3,1
GA-1284,664,20.7,1,17.4,1
GA-1285,729,21.3,0,8.5,0
GA-1286,646,25.5,1,3.6,0
GA-1287,674,36.1,0,20.4,0
GA-1288,685,29.4,1,15.2,0
GA-1289,794,23.1,0,19.9,0
GA-1290,660,31.1,1,3.1,0
GA-1291,681,26.2,0,8.6,0
GA-1292,634,18.9,3,6.0,0
GA-1293,695,18.4,0,4.6,0
GA-1294,638,23.3,2,5.2,1
GA-1295,589,20.2,3,3.8,0
GA-1296,661,26.3,0,19.2,0
GA-1297,616,41.0,0,8.4,0
GA-1298,704,21.5,0,2.4,1
GA-1299,582,19.8,2,0.3,0
GA-1300,700,22.9,0,14.9,0
GA-1301,573,22.5,0,5.6,0
GA-1302,669,31.9,1,1.3,0
GA-1303,715,26.1,0,4.9,0
GA-1304,726,43.8,0,15.1,0
GA-1305,830,40.6,0,0.8,0
GA-1306,750,28.1,0,0.2,0
GA-1307,740,18.1,0,6.1,0
GA-1308,660,27.0,0,2.3,0
GA-1309,738,37.5,0,13.0,0
GA-1310,640,36.1,1,0.7,0
GA-1311,700,41.2,1,18.2,0
GA-1312,725,33.4,0,14.3,0
GA-1313,674,21.4,0,15.1,0
GA-1314,780,25.7,0,18.1,0
GA-1315,666,33.3,0,1.9,1
GA-1316,683,33.1,0,13.6,0
GA-1317,774,41.8,0,3.5,0
GA-1318,689,27.0,0,16.9,0
GA-1319,734,22.9,0,3.6,0
GA-1320,747,49.0,0,0.2,0
GA-1321,756,34.8,0,11.6,0
GA-1322,706,29.2,1,10.0,0
GA-1323,722,28.0,0,11.8,0
GA-1324,732,26.2,0,17.8,0
GA-1325,640,43.3,0,0.5,1
GA-1326,622,35.9,2,4.9,0
GA-1327,652,43.0,1,1.9,0
GA-1328,807,45.3,0,8.6,0
GA-1329,825,24.2,0,0.8,0
GA-1330,704,44.2,0,0.8,0
GA-1331,678,21.0,0,2.1,0
GA-1332,701,33.0,1,2.2,1
GA-1333,830,29.5,0,4.8,0
GA-1334,707,30.1,0,8.8,0
GA-1335,804,31.6,0,4.6,0
GA-1336,710,18.8,1,9.3,0
GA-1337,745,26.4,0,4.4,0
GA-1338,631,22.6,3,0.6,1
GA-1339,719,28.9,0,5.3,0
GA-1340,786,14.6,0,1.3,0
GA-1341,632,41.0,2,9.0,0
GA-1342,659,20.5,1,3.9,0
GA-1343,720,26.8,0,4.9,0
GA-1344,818,51.9,0,2.9,0
GA-1345,737,37.3,0,7.2,0
GA-1346,577,13.6,1,1.7,0
GA-1347,609,29.9,1,4.6,0
GA-1348,678,36.9,2,0.6,0
GA-1349,673,28.6,1,9.7,1
GA-1350,673,37.6,2,3.6,1
GA-1351,651,46.0,1,14.0,1
GA-1352,735,32.3,0,10.9,0
GA-1353,777,34.5,1,0.6,0
GA-1354,679,35.9,0,8.1,1
GA-1355,735,29.9,0,20.6,0
GA-1356,637,35.3,1,9.1,0
GA-1357,520,32.5,0,2.0,0
GA-1358,726,27.5,0,1.3,0
GA-1359,589,54.5,1,18.6,0
GA-1360,678,42.0,0,10.6,0
GA-1361,718,31.3,0,5.7,0
GA-1362,632,48.7,2,1.2,1
GA-1363,727,29.4,0,4.3,0
GA-1364,734,38.0,0,3.3,0
GA-1365,596,32.4,1,4.3,0
GA-1366,714,47.2,0,6.5,0
GA-1367,658,31.8,0,8.5,1
GA-1368,715,32.7,0,4.1,0
GA-1369,709,19.1,1,10.2,0
GA-1370,661,42.4,0,1.7,0
GA-1371,692,25.7,1,4.5,0
GA-1372,652,27.2,2,7.0,0
GA-1373,746,28.4,0,14.1,0
GA-1374,639,37.6,1,0.6,0
GA-1375,647,40.5,0,4.4,0
GA-1376,806,40.4,0,17.6,0
GA-1377,667,24.2,1,13.5,0
GA-1378,719,43.0,0,0.2,0
GA-1379,666,28.9,1,26.1,0
GA-1380,605,19.0,3,5.4,0
GA-1381,651,27.9,1,8.7,0
GA-1382,613,30.0,1,0.4,1
GA-1383,700,23.3,0,3.8,0
GA-1384,662,36.2,1,8.5,0
GA-1385,685,36.8,0,12.0,0
GA-1386,657,36.7,0,1.1,0
GA-1387,653,23.4,2,11.6,0
GA-1388,711,28.5,0,4.8,0
GA-1389,658,27.7,3,6.1,0
GA-1390,741,32.8,0,3.0,0
GA-1391,694,34.2,1,1.5,0
GA-1392,696,32.5,0,0.6,0
GA-1393,663,32.2,0,4.3,0
GA-1394,631,25.6,1,2.5,1
GA-1395,830,31.3,0,15.4,0
GA-1396,732,12.5,1,6.0,0
GA-1397,686,43.7,0,0.8,0
GA-1398,679,23.3,3,1.3,0
GA-1399,696,27.2,3,1.2,0
GA-1400,648,17.7,0,16.8,0
