Income,DebtRatio,CreditScore,LoanAmount,Defaulted
107700.0,0.075,724,11300.0,0
43100.0,0.396,614,11400.0,1
39400.0,0.02,631,18400.0,0
22000.0,0.148,620,20600.0,1
48800.0,0.325,738,11700.0,0
42500.0,0.081,645,6000.0,0
38500.0,0.296,636,10000.0,0
56500.0,0.433,696,6800.0,0
59200.0,0.226,698,29200.0,0
30300.0,0.305,683,17300.0,0
32900.0,0.14,730,11000.0,0
39600.0,0.163,610,4000.0,1
66900.0,0.157,793,8800.0,0
63100.0,0.155,637,24400.0,0
27200.0,0.081,607,16000.0,0
29600.0,0.22,770,10400.0,0
68300.0,0.341,601,4000.0,0
99600.0,0.177,678,11300.0,0
48300.0,0.147,605,8700.0,1
36000.0,0.132,785,21900.0,0
80300.0,0.13,714,10800.0,0
42600.0,0.265,781,15200.0,0
68000.0,0.29,671,23000.0,0
98400.0,0.161,578,8500.0,0
65100.0,0.18,815,6100.0,0
50700.0,0.272,791,7800.0,0
68200.0,0.165,675,16000.0,0
36700.0,0.086,705,36800.0,0
45200.0,0.256,653,19200.0,1
37900.0,0.138,556,8500.0,1
44700.0,0.114,639,40800.0,1
39400.0,0.471,578,10000.0,0
45100.0,0.144,682,16000.0,0
41300.0,0.247,672,11000.0,0
51000.0,0.364,736,22300.0,0
50400.0,0.151,813,8300.0,0
56000.0,0.358,740,12900.0,0
92200.0,0.113,658,20700.0,0
24400.0,0.102,627,11700.0,0
87800.0,0.076,786,13500.0,0
44100.0,0.072,473,14500.0,1
28200.0,0.198,528,5400.0,1
45400.0,0.217,534,14700.0,1
51100.0,0.168,797,6900.0,0
79300.0,0.391,518,9400.0,0
30400.0,0.145,671,9100.0,0
54100.0,0.2,783,9900.0,0
51700.0,0.149,671,18800.0,0
23000.0,0.231,524,8800.0,1
28800.0,0.181,681,18700.0,0
64200.0,0.252,666,11700.0,0
67000.0,0.02,707,9300.0,0
80000.0,0.467,618,9100.0,1
62300.0,0.159,641,12900.0,1
58600.0,0.189,749,13900.0,0
51800.0,0.314,676,7700.0,1
84500.0,0.173,616,13700.0,0
33500.0,0.058,706,10200.0,0
46000.0,0.244,731,12000.0,0
58300.0,0.154,763,11100.0,0
24100.0,0.023,784,10900.0,0
88400.0,0.259,569,7100.0,0
34300.0,0.02,694,33000.0,0
47500.0,0.091,570,20400.0,0
129400.0,0.124,681,8800.0,0
33800.0,0.049,850,9100.0,0
38600.0,0.311,698,9400.0,0
99000.0,0.376,694,25600.0,0
30100.0,0.081,616,6400.0,0
40400.0,0.062,648,20700.0,1
61800.0,0.211,719,9400.0,0
60200.0,0.344,740,9600.0,0
64000.0,0.319,706,6100.0,0
57900.0,0.434,850,17500.0,0
89800.0,0.156,553,27100.0,1
77400.0,0.079,743,17500.0,0
64100.0,0.144,550,8700.0,1
36100.0,0.217,764,4200.0,0
35600.0,0.072,684,10100.0,0
22000.0,0.275,605,15900.0,1
66800.0,0.156,666,5700.0,1
22000.0,0.388,616,13900.0,0
72800.0,0.177,704,7500.0,0
112500.0,0.086,551,5700.0,0
30400.0,0.106,740,5700.0,0
36000.0,0.074,730,26000.0,0
39600.0,0.157,658,10000.0,1
71200.0,0.17,684,5300.0,0
33200.0,0.134,761,8500.0,0
46200.0,0.187,797,4000.0,0
38700.0,0.297,706,4900.0,0
43800.0,0.074,713,4600.0,0
87600.0,0.117,536,14700.0,0
31800.0,0.228,609,22300.0,1
50600.0,0.095,684,7800.0,0
55400.0,0.188,643,23700.0,0
72100.0,0.189,586,7100.0,1
27800.0,0.274,675,25600.0,0
81000.0,0.107,788,17600.0,0
59600.0,0.14,773,15200.0,0
72700.0,0.204,529,9700.0,0
50600.0,0.063,693,4000.0,0
23400.0,0.098,618,11800.0,0
36600.0,0.12,744,8500.0,0
70800.0,0.243,651,12700.0,0
49800.0,0.155,685,17200.0,0
48000.0,0.285,702,14000.0,0
109800.0,0.035,634,10000.0,0
132000.0,0.106,566,16400.0,0
48200.0,0.272,547,11400.0,0
117000.0,0.02,722,7600.0,0
22000.0,0.505,624,16700.0,1
22000.0,0.101,652,8800.0,0
72400.0,0.293,733,7600.0,0
43600.0,0.167,692,20900.0,1
63600.0,0.177,760,9900.0,0
61800.0,0.172,598,12300.0,0
47100.0,0.205,791,5600.0,0
66600.0,0.188,708,14200.0,0
52500.0,0.275,734,39900.0,0
24600.0,0.066,850,14700.0,0
54100.0,0.239,731,14800.0,0
53300.0,0.16,677,7000.0,0
111800.0,0.12,718,18200.0,0
29500.0,0.217,706,4600.0,0
49400.0,0.323,725,6100.0,0
40500.0,0.139,660,11800.0,0
46200.0,0.102,735,35000.0,0
103400.0,0.249,792,17600.0,0
58100.0,0.151,612,8400.0,1
39800.0,0.301,741,4200.0,0
52500.0,0.371,671,14900.0,1
69200.0,0.15,740,4000.0,0
31300.0,0.237,660,4100.0,1
43500.0,0.211,796,10300.0,0
98100.0,0.153,715,10300.0,0
72100.0,0.142,651,4400.0,0
48000.0,0.098,657,6700.0,0
39500.0,0.149,689,12000.0,0
45700.0,0.271,756,8400.0,1
24400.0,0.32,729,12600.0,0
74900.0,0.197,798,16700.0,0
57200.0,0.189,665,24800.0,0
52200.0,0.157,679,30000.0,0
27300.0,0.264,727,17400.0,0
35500.0,0.27,850,11600.0,0
61800.0,0.248,694,10200.0,0
55000.0,0.085,768,46200.0,0
39200.0,0.097,787,11000.0,0
61500.0,0.164,569,10100.0,0
74800.0,0.141,660,7000.0,1
36200.0,0.048,709,29300.0,0
38600.0,0.195,683,15600.0,0
33100.0,0.138,744,7200.0,0
29100.0,0.226,735,4000.0,0
70200.0,0.319,600,7000.0,1
61700.0,0.246,612,9400.0,0
57100.0,0.285,626,11200.0,1
28900.0,0.086,429,6000.0,1
30600.0,0.349,527,8800.0,1
47600.0,0.414,675,15300.0,0
40700.0,0.175,644,25100.0,1
51700.0,0.124,556,17900.0,0
35800.0,0.213,629,15100.0,0
65800.0,0.139,655,41500.0,0
110200.0,0.415,633,11500.0,1
98300.0,0.213,766,18800.0,0
101200.0,0.303,672,5300.0,0
50600.0,0.05,496,6300.0,1
74200.0,0.441,735,8800.0,0
41400.0,0.233,765,7500.0,0
74200.0,0.02,798,4700.0,0
41300.0,0.569,722,7400.0,0
39300.0,0.048,687,10100.0,0
36700.0,0.104,788,5500.0,1
67100.0,0.171,726,19500.0,0
55500.0,0.377,669,10100.0,0
53300.0,0.157,726,18200.0,0
29400.0,0.261,618,10600.0,0
52300.0,0.194,707,8700.0,0
25600.0,0.174,568,10500.0,0
95300.0,0.189,683,11200.0,0
46200.0,0.163,844,8100.0,0
53500.0,0.083,621,14900.0,0
46800.0,0.099,641,10000.0,1
24000.0,0.139,660,33500.0,0
26400.0,0.184,715,27300.0,0
48400.0,0.271,576,8500.0,0
96000.0,0.139,608,22700.0,0
29700.0,0.027,642,14000.0,1
35700.0,0.268,631,11300.0,0
48000.0,0.072,566,25800.0,1
22900.0,0.264,748,5600.0,0
22800.0,0.111,744,10400.0,0
40700.0,0.173,800,12500.0,0
48000.0,0.266,702,19100.0,1
41100.0,0.324,601,7800.0,1
97800.0,0.37,587,12000.0,1
45500.0,0.328,621,13400.0,0
57700.0,0.326,550,8300.0,0
100600.0,0.098,628,19100.0,0
105500.0,0.212,717,20800.0,0
24000.0,0.218,675,8600.0,1
41400.0,0.089,654,23400.0,0
82700.0,0.087,624,8600.0,0
26400.0,0.164,783,13600.0,0
32300.0,0.111,687,15900.0,0
27300.0,0.518,733,11900.0,0
26600.0,0.212,850,21900.0,0
29400.0,0.377,634,6800.0,1
53100.0,0.165,773,11700.0,0
86800.0,0.1,746,7800.0,0
97500.0,0.118,639,39300.0,0
49300.0,0.218,691,31700.0,0
22000.0,0.163,646,10400.0,0
47800.0,0.091,633,15600.0,0
42100.0,0.117,774,20100.0,0
57400.0,0.242,652,10100.0,0
46300.0,0.231,525,4000.0,0
22000.0,0.38,790,7900.0,0
59000.0,0.322,711,10000.0,0
22000.0,0.219,620,7200.0,0
35900.0,0.102,649,9000.0,0
56400.0,0.302,722,10600.0,0
57400.0,0.197,649,9100.0,0
99400.0,0.353,697,17200.0,0
22000.0,0.302,772,19200.0,0
57100.0,0.213,687,6100.0,1
66900.0,0.065,721,5900.0,0
42300.0,0.315,707,18200.0,0
65300.0,0.02,693,16000.0,0
29900.0,0.084,615,22000.0,1
65900.0,0.273,770,8400.0,0
62500.0,0.031,627,18200.0,0
31500.0,0.488,687,20100.0,0
36300.0,0.165,560,13100.0,0
45000.0,0.164,672,12400.0,1
36500.0,0.247,702,19700.0,0
78400.0,0.142,618,4000.0,0
53000.0,0.287,629,14800.0,1
88600.0,0.151,814,13900.0,0
83200.0,0.242,755,18600.0,0
50400.0,0.068,630,21500.0,0
44900.0,0.213,751,11500.0,0
32000.0,0.142,684,8500.0,1
34100.0,0.201,747,7500.0,0
34200.0,0.063,639,20700.0,0
57300.0,0.226,716,5800.0,0
32900.0,0.071,724,7800.0,0
50800.0,0.462,675,8700.0,0
53500.0,0.24,645,16700.0,0
39200.0,0.169,823,6400.0,0
45100.0,0.119,659,8700.0,0
93900.0,0.319,769,11000.0,0
101300.0,0.117,662,15800.0,0
34500.0,0.135,630,10700.0,0
44900.0,0.261,708,23900.0,0
41500.0,0.128,554,9600.0,1
43300.0,0.272,643,14300.0,0
97800.0,0.289,717,17700.0,0
66800.0,0.08,557,7800.0,1
86400.0,0.075,621,13900.0,0
109100.0,0.174,673,10400.0,0
40200.0,0.278,711,9100.0,1
45100.0,0.394,777,10300.0,0
49900.0,0.25,759,20900.0,0
77800.0,0.155,687,5500.0,1
47100.0,0.159,529,11800.0,1
65600.0,0.171,701,35400.0,0
82900.0,0.083,690,4700.0,0
82700.0,0.206,663,14200.0,0
59900.0,0.099,699,36300.0,1
34400.0,0.294,598,13000.0,1
24400.0,0.12,747,50500.0,0
81200.0,0.166,688,11100.0,0
60200.0,0.252,579,17500.0,1
32100.0,0.074,674,11000.0,0
39100.0,0.276,729,7900.0,0
40100.0,0.305,681,19000.0,0
23100.0,0.365,665,15300.0,0
54900.0,0.045,752,5400.0,0
34400.0,0.383,685,14100.0,0
42900.0,0.118,664,18600.0,0
68400.0,0.207,686,21100.0,0
47000.0,0.105,666,21400.0,0
62600.0,0.223,637,18300.0,0
59300.0,0.023,647,29700.0,0
49700.0,0.526,730,6400.0,0
50100.0,0.404,729,7100.0,0
113300.0,0.172,686,13900.0,0
45400.0,0.033,584,19800.0,0
102000.0,0.125,684,17500.0,0
32500.0,0.348,735,8000.0,0
68100.0,0.228,747,14100.0,1
52900.0,0.376,594,19300.0,0
35300.0,0.143,731,10500.0,1
22000.0,0.093,729,14000.0,0
100500.0,0.267,730,14800.0,0
29100.0,0.259,804,10900.0,0
31800.0,0.204,448,35400.0,1
52000.0,0.267,628,11600.0,0
50300.0,0.181,614,8300.0,1
55600.0,0.227,808,23600.0,0
43700.0,0.116,685,8600.0,0
25000.0,0.177,782,23700.0,0
72400.0,0.168,671,8400.0,0
32600.0,0.063,692,18600.0,0
54200.0,0.405,651,11300.0,0
63500.0,0.052,752,9600.0,0
83400.0,0.181,638,10900.0,0
44400.0,0.028,689,4100.0,0
42700.0,0.076,744,4200.0,0
44100.0,0.318,663,19900.0,0
22000.0,0.319,567,39800.0,1
34900.0,0.111,566,5800.0,0
31200.0,0.127,624,8100.0,1
29200.0,0.109,813,19300.0,0
52900.0,0.221,631,10800.0,0
42600.0,0.216,713,16800.0,1
100500.0,0.202,759,4600.0,0
95800.0,0.075,640,15300.0,0
22000.0,0.235,706,7300.0,0
51800.0,0.478,633,20400.0,1
31200.0,0.106,727,10700.0,0
63000.0,0.201,734,16400.0,0
52600.0,0.245,594,12800.0,0
74500.0,0.33,695,7300.0,0
56400.0,0.22,646,27800.0,0
69000.0,0.129,731,12700.0,0
42900.0,0.149,763,17200.0,0
22000.0,0.105,682,44800.0,0
28800.0,0.286,611,15300.0,1
33400.0,0.297,613,6100.0,0
39300.0,0.168,769,4000.0,0
31100.0,0.165,740,5300.0,0
102200.0,0.138,721,16000.0,0
45400.0,0.225,674,5800.0,0
87800.0,0.193,644,9000.0,1
42100.0,0.133,731,9100.0,0
103200.0,0.21,747,16800.0,0
28600.0,0.258,846,11600.0,0
64200.0,0.24,752,11100.0,0
26900.0,0.246,693,7600.0,0
59800.0,0.18,850,7800.0,0
100100.0,0.093,527,4700.0,1
23500.0,0.084,652,8700.0,0
33100.0,0.148,769,21000.0,0
54700.0,0.111,687,8100.0,0
45100.0,0.093,677,8900.0,0
26500.0,0.05,724,5100.0,0
82500.0,0.198,821,14700.0,0
50200.0,0.102,678,6500.0,1
87700.0,0.25,843,12900.0,0
56600.0,0.297,642,23700.0,0
29200.0,0.205,623,6900.0,1
39500.0,0.334,610,23700.0,1
91300.0,0.086,645,11400.0,0
26300.0,0.099,562,6200.0,1
39800.0,0.262,703,23200.0,0
64200.0,0.157,748,4100.0,0
77400.0,0.304,668,15200.0,1
71100.0,0.15,609,10000.0,0
25300.0,0.121,659,9700.0,0
125400.0,0.299,695,11800.0,0
45500.0,0.24,594,5500.0,0
49300.0,0.096,682,9900.0,0
49000.0,0.122,841,6900.0,0
44200.0,0.157,676,19100.0,0
31700.0,0.321,646,19800.0,1
42300.0,0.175,614,7600.0,1
88900.0,0.278,777,16300.0,0
26600.0,0.39,648,6400.0,1
22000.0,0.182,687,8300.0,0
62400.0,0.233,838,13600.0,0
57100.0,0.244,665,19800.0,0
68000.0,0.051,733,9400.0,0
106600.0,0.027,727,8500.0,0
35400.0,0.144,645,4200.0,0
53100.0,0.297,612,15000.0,1
61500.0,0.254,837,11400.0,1
85300.0,0.244,787,9600.0,0
77800.0,0.122,682,7900.0,0
33500.0,0.163,850,10300.0,0
26400.0,0.334,655,15000.0,0
43400.0,0.47,675,14100.0,1
23700.0,0.163,605,9600.0,0
80800.0,0.132,700,9000.0,0
41000.0,0.068,720,13500.0,0
41800.0,0.148,653,7500.0,1
32800.0,0.139,656,5800.0,1
97300.0,0.304,605,5900.0,0
55800.0,0.473,597,8100.0,1
40700.0,0.164,625,26800.0,0
64500.0,0.163,761,17300.0,0
47200.0,0.155,684,7500.0,0
64000.0,0.377,696,17500.0,0
88700.0,0.054,793,23400.0,0
43500.0,0.054,762,22400.0,0
61700.0,0.138,722,7800.0,1
60800.0,0.062,748,15100.0,0
81700.0,0.099,647,4000.0,0
64100.0,0.218,649,8700.0,0
49700.0,0.324,818,15400.0,1
36700.0,0.11,811,20300.0,0
56000.0,0.025,748,11000.0,0
30600.0,0.337,804,8000.0,0
65800.0,0.045,695,14900.0,0
50300.0,0.231,698,4000.0,0
62800.0,0.272,678,6400.0,0
38800.0,0.203,573,13700.0,0
34200.0,0.257,573,11700.0,1
32500.0,0.116,678,4000.0,0
80700.0,0.049,596,8200.0,1
44400.0,0.147,647,21400.0,0
44200.0,0.184,806,4000.0,0
22000.0,0.347,687,8000.0,1
47800.0,0.191,646,15700.0,0
22000.0,0.074,726,4600.0,0
90500.0,0.228,693,23600.0,0
44000.0,0.185,642,10400.0,0
49500.0,0.172,577,9400.0,0
25800.0,0.328,734,18200.0,0
29900.0,0.042,679,19600.0,0
64300.0,0.44,631,16600.0,1
44600.0,0.242,576,8400.0,1
59500.0,0.165,675,35100.0,0
86800.0,0.334,623,8300.0,1
66100.0,0.21,614,11900.0,1
22000.0,0.266,712,9100.0,0
31500.0,0.129,637,11900.0,0
29400.0,0.097,729,10900.0,0
32500.0,0.122,754,19300.0,0
22000.0,0.198,645,9900.0,1
22000.0,0.023,671,21300.0,0
35100.0,0.167,670,6100.0,0
37500.0,0.4,649,7900.0,1
61800.0,0.103,705,22100.0,0
42400.0,0.079,636,8300.0,0
92900.0,0.068,628,5800.0,1
22000.0,0.166,588,7400.0,0
26200.0,0.114,689,9300.0,0
54800.0,0.264,717,7900.0,0
43300.0,0.309,743,8700.0,0
31400.0,0.286,661,6900.0,0
69300.0,0.158,645,7100.0,0
79900.0,0.152,563,6900.0,0
88300.0,0.07,687,18700.0,0
40900.0,0.08,727,22900.0,0
48800.0,0.147,708,13500.0,0
54300.0,0.128,681,18300.0,0
50300.0,0.117,801,11600.0,0
77500.0,0.058,669,19100.0,0
39300.0,0.518,597,11100.0,1
57800.0,0.285,646,8000.0,1
22000.0,0.287,713,19100.0,1
68800.0,0.187,682,12500.0,0
102400.0,0.19,850,22300.0,0
48400.0,0.06,676,7400.0,0
78100.0,0.114,727,15300.0,0
23200.0,0.203,627,9800.0,1
42200.0,0.392,598,4600.0,1
24500.0,0.091,740,4000.0,0
56500.0,0.137,741,10100.0,0
62000.0,0.192,548,8400.0,1
26400.0,0.141,719,8600.0,0
33500.0,0.127,726,12900.0,0
37600.0,0.258,801,14200.0,0
145700.0,0.182,682,9900.0,0
47400.0,0.256,635,25700.0,0
51700.0,0.173,659,17000.0,0
57600.0,0.094,731,14700.0,0
56000.0,0.059,593,4000.0,1
44000.0,0.063,711,14300.0,0
26900.0,0.225,673,4800.0,0
36100.0,0.076,636,8000.0,0
102200.0,0.176,590,11000.0,0
55000.0,0.12,667,39000.0,0
41400.0,0.078,754,13400.0,0
26600.0,0.374,724,7800.0,1
47800.0,0.346,764,19900.0,0
49700.0,0.144,550,10800.0,1
36500.0,0.154,714,23100.0,0
73200.0,0.163,639,14600.0,0
37600.0,0.423,751,8600.0,0
45400.0,0.312,691,8400.0,0
71600.0,0.339,816,8700.0,0
54200.0,0.237,628,15700.0,0
81200.0,0.122,693,10700.0,0
44200.0,0.181,469,14800.0,1
40300.0,0.225,835,12800.0,0
60500.0,0.069,602,10800.0,0
54000.0,0.388,608,11600.0,1
83500.0,0.379,705,7300.0,0
58800.0,0.058,812,11600.0,0
48400.0,0.057,638,22200.0,1
60000.0,0.282,761,15500.0,1
65800.0,0.256,602,16400.0,0
29600.0,0.081,779,29800.0,0
46000.0,0.337,709,6800.0,1
42200.0,0.323,755,14200.0,0
84100.0,0.096,733,13100.0,0
39400.0,0.334,673,9600.0,0
79100.0,0.244,657,5200.0,1
27700.0,0.367,744,7100.0,0
47800.0,0.514,745,10500.0,0
79200.0,0.137,778,8000.0,0
43600.0,0.11,732,5600.0,0
82300.0,0.167,680,17000.0,0
22000.0,0.298,698,9000.0,0
49600.0,0.1,662,8100.0,0
52700.0,0.362,666,25600.0,1
46300.0,0.211,722,11500.0,0
24900.0,0.04,737,10700.0,1
66200.0,0.209,701,42600.0,0
22000.0,0.183,658,18400.0,0
75100.0,0.107,722,12500.0,0
55900.0,0.252,584,5000.0,1
76400.0,0.328,738,9600.0,0
43700.0,0.061,729,14900.0,0
29700.0,0.14,629,31700.0,1
38900.0,0.238,657,10900.0,1
39800.0,0.238,762,11700.0,0
64200.0,0.122,757,16500.0,0
42600.0,0.105,677,14600.0,0
59100.0,0.206,720,13100.0,1
61000.0,0.167,497,9000.0,1
93000.0,0.111,753,18400.0,0
22000.0,0.279,804,18700.0,0
40900.0,0.298,627,13100.0,1
66900.0,0.31,510,13000.0,1
67000.0,0.116,694,29300.0,0
38200.0,0.236,767,4900.0,0
43700.0,0.167,654,4800.0,1
47200.0,0.231,781,18300.0,0
52300.0,0.323,728,8400.0,1
38300.0,0.308,686,24600.0,0
36900.0,0.188,735,6900.0,0
29800.0,0.185,771,4000.0,0
41600.0,0.515,701,9600.0,1
92100.0,0.146,589,6400.0,1
32200.0,0.125,564,34300.0,1
76200.0,0.333,540,9500.0,1
118200.0,0.375,568,12300.0,0
54200.0,0.16,777,26700.0,0
143000.0,0.4,745,14500.0,0
46500.0,0.196,597,17700.0,0
105000.0,0.095,765,6300.0,0
48600.0,0.107,601,17500.0,0
28800.0,0.134,710,15900.0,0
58100.0,0.531,697,11600.0,1
116200.0,0.333,631,9100.0,0
38200.0,0.277,662,17700.0,1
61800.0,0.114,626,6300.0,1
31800.0,0.179,669,8800.0,0
33500.0,0.081,748,10200.0,0
61200.0,0.031,609,10700.0,0
45900.0,0.063,723,20100.0,0
64400.0,0.116,594,11700.0,1
88500.0,0.115,805,15600.0,0
29400.0,0.126,594,22000.0,0
36700.0,0.062,575,8100.0,0
51000.0,0.3,652,7500.0,0
141900.0,0.115,652,14100.0,1
43300.0,0.18,655,12800.0,1
40300.0,0.044,695,37100.0,0
61100.0,0.402,560,26900.0,1
129600.0,0.098,791,10500.0,0
38700.0,0.258,624,14300.0,0
43900.0,0.02,648,4800.0,0
51300.0,0.275,623,5000.0,0
70800.0,0.082,653,16800.0,0
134700.0,0.126,765,15900.0,0
28800.0,0.235,671,13100.0,0
23900.0,0.144,715,54700.0,0
54300.0,0.217,850,23700.0,0
64400.0,0.274,769,14400.0,0
22000.0,0.332,724,8000.0,0
38500.0,0.073,578,9500.0,0
78200.0,0.101,741,12000.0,0
40100.0,0.429,754,7600.0,0
63200.0,0.54,678,6300.0,0
55100.0,0.124,559,23000.0,0
68300.0,0.205,662,12400.0,0
62000.0,0.389,615,4900.0,0
57400.0,0.281,768,7200.0,0
89400.0,0.205,712,8200.0,0
39700.0,0.101,701,12900.0,0
54100.0,0.2,618,10200.0,0
85000.0,0.058,626,7600.0,0
39800.0,0.233,741,14200.0,0
43400.0,0.05,745,4000.0,0
36500.0,0.333,789,26800.0,0
33600.0,0.089,701,20800.0,0
127500.0,0.321,681,21500.0,0
63400.0,0.179,728,7400.0,0
119500.0,0.153,608,9400.0,0
71400.0,0.085,665,12600.0,0
53200.0,0.324,638,9400.0,0
45300.0,0.281,747,10300.0,0
57900.0,0.095,583,16400.0,1
50400.0,0.09,631,7800.0,0
77500.0,0.02,676,13900.0,0
34700.0,0.059,712,7000.0,0
55500.0,0.388,667,20000.0,0
63300.0,0.24,703,16000.0,0
46300.0,0.147,657,4400.0,1
46300.0,0.2,591,7700.0,1
65800.0,0.257,682,11400.0,0
66100.0,0.182,776,8200.0,0
49100.0,0.086,673,8200.0,1
51100.0,0.093,675,46800.0,0
40000.0,0.145,696,26200.0,0
66000.0,0.277,711,9400.0,0
48600.0,0.064,684,12500.0,0
25400.0,0.11,565,9800.0,1
44600.0,0.429,752,9700.0,0
67500.0,0.378,811,5400.0,0
58100.0,0.181,618,29100.0,0
34300.0,0.387,637,16400.0,1
71000.0,0.113,704,27700.0,0
67000.0,0.264,655,12200.0,0
67000.0,0.143,527,52700.0,1
101000.0,0.401,833,30300.0,0
43800.0,0.381,612,30000.0,1
66600.0,0.023,784,4900.0,0
45200.0,0.142,654,37400.0,1
79000.0,0.191,642,9500.0,0
85300.0,0.341,581,4000.0,0
63000.0,0.129,675,22800.0,0
70600.0,0.202,696,17200.0,0
35100.0,0.117,786,8900.0,0
66800.0,0.193,686,9100.0,0
29500.0,0.255,671,12300.0,1
133100.0,0.138,686,9700.0,0
84400.0,0.106,623,13300.0,0
25200.0,0.118,734,9700.0,0
22000.0,0.099,769,18000.0,0
89700.0,0.139,685,95000.0,0
34000.0,0.228,712,8000.0,0
63700.0,0.179,694,15200.0,0
27800.0,0.206,643,17500.0,0
51300.0,0.227,802,21100.0,0
37100.0,0.098,613,17400.0,0
64900.0,0.343,740,14200.0,0
42700.0,0.255,749,16800.0,0
96600.0,0.262,607,12100.0,0
35200.0,0.237,741,5700.0,0
88000.0,0.21,566,16600.0,0
49100.0,0.332,750,13600.0,0
62500.0,0.161,562,13800.0,1
24100.0,0.484,775,13400.0,0
22400.0,0.261,695,6700.0,0
79200.0,0.171,543,15900.0,1
28400.0,0.36,583,12400.0,1
42300.0,0.223,616,25700.0,0
42700.0,0.21,628,10500.0,1
32900.0,0.373,628,5100.0,0
54000.0,0.122,643,8700.0,0
26100.0,0.04,680,15900.0,0
28800.0,0.027,591,7000.0,1
74500.0,0.216,652,18100.0,0
34300.0,0.338,673,12300.0,0
68700.0,0.11,850,14000.0,0
66300.0,0.31,696,19000.0,0
97300.0,0.165,611,10500.0,1
60300.0,0.165,699,19000.0,0
22000.0,0.247,787,31500.0,0
36700.0,0.267,751,13200.0,0
40800.0,0.065,656,7500.0,0
85300.0,0.14,751,10600.0,0
57300.0,0.242,561,23900.0,1
39400.0,0.293,703,24600.0,0
59700.0,0.285,746,8100.0,0
41800.0,0.195,642,16000.0,1
62800.0,0.285,797,24400.0,0
52500.0,0.175,674,17900.0,1
80700.0,0.28,686,16900.0,0
57000.0,0.169,601,6800.0,0
76700.0,0.217,679,14700.0,0
48800.0,0.11,695,6100.0,0
67500.0,0.04,706,31300.0,0
45800.0,0.066,614,16500.0,0
65500.0,0.276,677,12200.0,0
54200.0,0.149,671,11700.0,0
46400.0,0.082,719,14000.0,0
40600.0,0.316,655,9600.0,0
43300.0,0.033,647,14600.0,1
60700.0,0.298,850,16300.0,0
22000.0,0.272,803,7100.0,0
85700.0,0.28,605,15700.0,1
22000.0,0.113,771,5400.0,0
45000.0,0.104,619,9700.0,0
42300.0,0.101,691,15600.0,0
68400.0,0.159,685,12400.0,0
54500.0,0.286,672,10100.0,0
48100.0,0.217,674,5400.0,1
50900.0,0.255,657,31400.0,1
75000.0,0.076,722,5000.0,0
140600.0,0.278,775,19600.0,0
58100.0,0.1,801,6900.0,0
22000.0,0.105,471,5300.0,1
40600.0,0.126,809,13100.0,0
59200.0,0.091,651,16600.0,0
217900.0,0.212,556,14100.0,1
34700.0,0.046,671,21300.0,0
41500.0,0.084,850,10600.0,0
63000.0,0.173,797,10200.0,0
56700.0,0.102,786,11200.0,0
27000.0,0.238,627,8800.0,1
75100.0,0.107,814,10300.0,0
27100.0,0.141,818,7200.0,0
43500.0,0.193,812,9200.0,0
89000.0,0.258,771,10400.0,0
27100.0,0.083,662,13100.0,0
42000.0,0.068,627,5000.0,0
103900.0,0.096,630,15300.0,1
43600.0,0.243,685,23900.0,0
30600.0,0.245,686,14100.0,0
37700.0,0.067,666,4100.0,0
71400.0,0.066,636,17700.0,0
24200.0,0.305,543,16300.0,1
36900.0,0.377,647,37800.0,0
25400.0,0.456,617,7200.0,0
29100.0,0.207,728,16900.0,0
87500.0,0.256,776,17700.0,0
47200.0,0.029,713,5900.0,0
40200.0,0.367,739,7900.0,1
59400.0,0.387,710,9500.0,1
35500.0,0.105,681,13400.0,0
28500.0,0.07,606,17900.0,1
82100.0,0.37,621,16700.0,0
72800.0,0.049,678,7200.0,0
33500.0,0.25,583,8100.0,0
67300.0,0.156,751,9600.0,0
94600.0,0.179,668,28100.0,0
61100.0,0.212,690,5600.0,0
61400.0,0.271,659,4600.0,0
28000.0,0.064,621,18100.0,0
46100.0,0.122,648,6900.0,0
22000.0,0.173,727,12600.0,0
81000.0,0.145,728,5800.0,0
45300.0,0.328,667,19700.0,0
89000.0,0.186,649,29400.0,0
34500.0,0.135,688,7200.0,1
72700.0,0.256,592,4000.0,0
23900.0,0.364,660,10900.0,1
40800.0,0.106,583,16500.0,0
62700.0,0.253,628,28500.0,1
57500.0,0.058,746,22600.0,0
47700.0,0.277,694,8600.0,1
23200.0,0.191,593,17700.0,0
89100.0,0.139,620,5800.0,0
66000.0,0.137,689,14900.0,0
82100.0,0.13,587,16000.0,1
81600.0,0.102,679,24300.0,0
41300.0,0.119,791,19600.0,0
58500.0,0.12,695,16600.0,0
162500.0,0.084,764,20200.0,0
33500.0,0.38,680,11500.0,1
58900.0,0.057,791,21700.0,0
38000.0,0.252,685,12100.0,0
108300.0,0.216,680,20400.0,0
53000.0,0.089,767,4200.0,0
30500.0,0.272,639,16100.0,1
37200.0,0.162,654,18400.0,0
25800.0,0.241,643,4000.0,0
22000.0,0.309,690,18200.0,1
22000.0,0.093,656,14300.0,0
35200.0,0.155,824,19500.0,0
29300.0,0.358,574,15100.0,1
52400.0,0.211,720,9700.0,0
33600.0,0.239,613,9700.0,1
54200.0,0.077,682,4900.0,0
109600.0,0.184,767,6500.0,0
28600.0,0.324,629,19800.0,0
28200.0,0.086,502,9800.0,1
76600.0,0.169,719,8100.0,0
142400.0,0.024,776,10300.0,0
32900.0,0.046,675,6600.0,0
22700.0,0.279,631,39800.0,0
42900.0,0.11,634,8900.0,0
40700.0,0.152,699,18600.0,1
67600.0,0.066,634,10200.0,0
30200.0,0.198,541,7700.0,1
43400.0,0.031,625,5700.0,0
42500.0,0.178,670,25100.0,1
23800.0,0.18,670,14900.0,1
23900.0,0.231,691,15400.0,0
60000.0,0.293,733,17200.0,0
62800.0,0.298,806,11700.0,0
34000.0,0.212,583,8700.0,1
99800.0,0.137,726,11400.0,1
74900.0,0.174,662,9200.0,0
60500.0,0.111,668,16000.0,0
64600.0,0.276,551,4000.0,0
57400.0,0.286,741,13600.0,0
68000.0,0.357,518,6700.0,1
72600.0,0.322,644,21800.0,0
50500.0,0.122,835,15500.0,0
22000.0,0.068,645,9800.0,0
45400.0,0.279,736,24300.0,0
33400.0,0.356,616,4000.0,1
28400.0,0.158,609,10800.0,1
64200.0,0.057,719,24600.0,0
22000.0,0.036,726,9300.0,0
71500.0,0.27,643,6300.0,1
36500.0,0.076,607,13300.0,1
27800.0,0.198,639,13200.0,1
32800.0,0.115,670,19000.0,0
142300.0,0.187,610,17000.0,0
95900.0,0.361,763,7700.0,0
42900.0,0.126,629,14600.0,1
79600.0,0.348,645,14200.0,0
110400.0,0.294,617,5500.0,0
32700.0,0.335,578,11300.0,1
42800.0,0.333,713,18600.0,0
74400.0,0.281,625,22900.0,1
58700.0,0.26,706,16900.0,0
41200.0,0.337,675,20500.0,0
103000.0,0.09,850,26000.0,0
61700.0,0.315,737,4500.0,0
70200.0,0.151,843,9400.0,0
146400.0,0.196,524,18000.0,0
61200.0,0.06,690,22300.0,0
164700.0,0.038,733,17200.0,0
56200.0,0.212,599,17500.0,0
45400.0,0.293,707,8800.0,0
51800.0,0.369,630,5100.0,0
73000.0,0.039,797,7000.0,0
66000.0,0.385,661,18900.0,1
58000.0,0.34,667,22900.0,0
24700.0,0.059,849,16600.0,0
29600.0,0.179,664,10500.0,0
43200.0,0.193,591,11200.0,1
68200.0,0.173,711,14000.0,0
94900.0,0.202,617,4700.0,0
22000.0,0.118,574,7500.0,1
45600.0,0.368,701,12600.0,0
39500.0,0.176,723,10100.0,0
46300.0,0.12,567,10300.0,0
53700.0,0.226,753,22200.0,0
32900.0,0.18,554,19000.0,1
26500.0,0.306,661,31400.0,0
77600.0,0.3,762,9700.0,0
68800.0,0.214,720,11200.0,0
40200.0,0.173,580,8000.0,0
46000.0,0.39,643,29800.0,1
35400.0,0.166,603,9000.0,1
25400.0,0.111,532,5900.0,1
65600.0,0.271,730,10300.0,0
35800.0,0.219,850,14200.0,0
29000.0,0.292,603,15800.0,1
36900.0,0.237,548,11100.0,0
103300.0,0.189,633,12100.0,0
59600.0,0.031,709,25100.0,1
54200.0,0.336,727,19300.0,0
50700.0,0.061,628,8800.0,0
72300.0,0.372,773,5500.0,0
68100.0,0.08,625,4900.0,1
26700.0,0.158,703,23100.0,0
43500.0,0.171,850,22300.0,0
36000.0,0.089,712,13200.0,0
53600.0,0.207,696,20200.0,1
47200.0,0.396,730,4000.0,1
22000.0,0.161,666,29400.0,1
82300.0,0.121,687,6600.0,0
54700.0,0.089,611,15600.0,0
22000.0,0.516,590,6600.0,1
81900.0,0.227,575,6900.0,1
51200.0,0.174,726,8700.0,0
60100.0,0.228,577,16000.0,0
49000.0,0.253,708,17500.0,1
52000.0,0.384,850,14200.0,0
38300.0,0.218,742,5600.0,0
22400.0,0.287,637,12100.0,1
36200.0,0.122,709,9500.0,0
52300.0,0.167,791,15600.0,0
48900.0,0.183,629,27400.0,0
64800.0,0.104,771,6600.0,0
45900.0,0.141,550,35600.0,1
22000.0,0.17,591,12700.0,1
67100.0,0.107,759,8100.0,0
33000.0,0.229,581,14400.0,1
25800.0,0.232,791,7400.0,0
41200.0,0.256,643,12100.0,0
25500.0,0.17,707,11100.0,0
56200.0,0.047,671,15100.0,1
31200.0,0.201,599,18800.0,1
115900.0,0.232,741,26200.0,0
42400.0,0.216,676,18000.0,0
36800.0,0.235,752,14200.0,0
35200.0,0.229,567,27700.0,1
22000.0,0.038,485,13700.0,1
31800.0,0.152,673,4000.0,0
33500.0,0.3,674,5300.0,0
40700.0,0.292,658,8000.0,0
22000.0,0.21,723,18900.0,0
48300.0,0.325,701,16300.0,0
85600.0,0.267,546,4900.0,1
39000.0,0.145,569,19100.0,0
46400.0,0.054,620,11800.0,1
57800.0,0.141,669,9500.0,0
33000.0,0.059,659,13000.0,0
39000.0,0.149,694,11800.0,0
73800.0,0.17,492,7100.0,1
52100.0,0.232,741,4000.0,0
27200.0,0.254,661,8700.0,0
22000.0,0.02,691,7100.0,0
136600.0,0.322,784,16100.0,0
58800.0,0.299,716,24900.0,1
23200.0,0.384,630,5100.0,1
51600.0,0.062,644,7800.0,0
65700.0,0.435,776,13800.0,0
50900.0,0.322,687,16400.0,0
22000.0,0.268,734,13900.0,0
110800.0,0.451,675,4000.0,0
63600.0,0.179,821,23400.0,0
44300.0,0.221,850,11300.0,0
66300.0,0.199,657,6800.0,0
43800.0,0.347,674,27500.0,0
41600.0,0.342,654,23500.0,0
73100.0,0.315,615,9400.0,0
22000.0,0.106,850,15500.0,0
77000.0,0.095,817,10000.0,0
58500.0,0.23,572,10800.0,0
69100.0,0.116,614,7600.0,0
74200.0,0.02,757,14200.0,0
99700.0,0.279,694,6000.0,0
94800.0,0.249,775,5700.0,0
73500.0,0.104,638,7900.0,0
41100.0,0.094,806,8700.0,0
67400.0,0.283,569,16100.0,1
39500.0,0.121,715,9700.0,0
31800.0,0.33,646,12900.0,0
60800.0,0.341,684,15200.0,0
58200.0,0.092,739,4600.0,0
85300.0,0.372,653,17200.0,1
22000.0,0.213,656,27500.0,0
65100.0,0.293,642,36500.0,0
67400.0,0.338,817,8800.0,0
52200.0,0.382,567,9800.0,1
97800.0,0.387,661,16000.0,0
33300.0,0.286,751,46500.0,0
58000.0,0.366,590,18300.0,1
41900.0,0.128,569,8700.0,0
49400.0,0.286,707,19700.0,1
31900.0,0.309,538,5600.0,1
46700.0,0.184,499,18000.0,0
67800.0,0.216,687,15300.0,0
52600.0,0.27,653,8000.0,0
58400.0,0.171,743,53600.0,0
35100.0,0.224,614,7900.0,1
103100.0,0.136,743,16900.0,0
36300.0,0.293,639,17300.0,1
50300.0,0.278,597,10000.0,1
65300.0,0.123,768,9600.0,0
45900.0,0.02,776,8900.0,0
70600.0,0.237,608,5900.0,1
54500.0,0.102,648,14100.0,0
108800.0,0.144,682,23100.0,0
64200.0,0.23,717,22500.0,0
59900.0,0.2,671,7700.0,1
34500.0,0.261,646,5700.0,1
61700.0,0.148,796,20300.0,0
79000.0,0.367,705,4600.0,0
60400.0,0.186,572,13100.0,0
32600.0,0.12,600,14000.0,0
38900.0,0.125,632,9900.0,0
44800.0,0.072,757,30500.0,0
50300.0,0.296,763,5800.0,0
26500.0,0.048,608,10700.0,1
117000.0,0.242,781,13000.0,0
47500.0,0.208,727,8200.0,0
52400.0,0.085,752,15200.0,0
40700.0,0.276,729,11900.0,0
48700.0,0.032,616,15400.0,0
119100.0,0.153,604,6000.0,0
32200.0,0.145,786,11500.0,0
39200.0,0.341,624,7900.0,0
30900.0,0.105,726,6000.0,0
38600.0,0.375,754,12900.0,0
99400.0,0.269,668,4000.0,0
37200.0,0.259,762,13600.0,0
40200.0,0.127,760,29500.0,0
22000.0,0.226,838,9200.0,0
42000.0,0.293,706,17200.0,0
54800.0,0.352,685,5200.0,1
39600.0,0.431,694,9300.0,0
41300.0,0.054,600,13100.0,1
71100.0,0.277,713,18700.0,0
62800.0,0.341,628,4000.0,0
47200.0,0.059,688,5900.0,0
34700.0,0.069,729,4000.0,0
25000.0,0.114,697,5200.0,0
106100.0,0.077,589,24600.0,0
24500.0,0.201,761,16300.0,0
66300.0,0.466,705,18900.0,1
45200.0,0.211,624,35000.0,1
35500.0,0.098,683,33300.0,0
73900.0,0.213,807,6400.0,0
