engagement_score,months_as_customer,churn_probability
48.16,28,47.16
34.86,6,53.18
98.02,8,10.31
83.26,17,17.85
36.14,8,74.58
68.98,11,17.71
99.11,3,9.69
74.32,7,25.0
52.48,10,51.99
83.35,33,27.22
90.09,22,12.94
92.39,25,5.0
68.57,33,59.13
70.73,21,10.26
35.97,19,58.74
97.96,29,5.0
81.9,30,5.0
54.35,23,49.99
76.02,22,34.26
42.1,18,50.93
81.32,9,10.7
75.03,3,16.22
42.35,11,41.25
67.15,2,29.71
72.23,5,27.22
72.37,22,32.94
85.94,4,13.3
64.97,18,18.9
55.13,7,53.27
71.97,19,27.66
45.66,31,55.34
23.74,6,71.66
70.74,25,24.06
91.23,21,13.66
35.31,6,80.12
66.39,16,34.01
67.91,33,34.63
64.69,2,44.09
82.36,17,16.27
72.29,4,43.82
91.54,27,15.14
50.21,14,38.1
97.96,3,5.0
34.22,10,50.79
43.29,4,53.64
44.97,25,42.34
26.12,22,69.61
83.3,25,5.0
74.27,1,33.75
34.03,19,54.58
