month_label,monthly_revenue,monthly_mrr,customer_count
Jul 2023,828432.08,677117.13,180
Aug 2023,906351.15,718188.27,183
Sep 2023,986321.99,767776.01,194
Oct 2023,1068763.43,872204.23,203
Nov 2023,1111710.52,907758.82,217
Dec 2023,1065092.31,815680.07,223
Jan 2024,1082639.46,884749.63,232
Feb 2024,1040107.67,807372.48,246
Mar 2024,1061705.55,887843.35,253
Apr 2024,1059772.54,896674.99,257
May 2024,1178407.72,952005.86,268
Jun 2024,1254864.9,1025753.36,276
Jul 2024,1383505.21,1122813.09,285
Aug 2024,1519860.62,1188961.31,291
Sep 2024,1612793.38,1365393.55,302
Oct 2024,1674485.88,1405604.18,308
Nov 2024,1778694.2,1475230.75,319
Dec 2024,1730480.12,1406481.79,329
