month,segment,accounts,total_kwh,revenue_usd
2024-01,Residential,86400,81152000,11848192.0
2024-01,Small Business,9350,33716000,4652808.0
2024-01,Commercial,1720,36281000,4390001.0
2024-01,Industrial,142,29266000,2751004.0
2024-02,Residential,86620,81611000,11915206.0
2024-02,Small Business,9358,32366000,4466508.0
2024-02,Commercial,1722,36263000,4387823.0
2024-02,Industrial,142,29376000,2761344.0
2024-03,Residential,86840,93676000,13676696.0
2024-03,Small Business,9366,35457000,4893066.0
2024-03,Commercial,1724,39563000,4787123.0
2024-03,Industrial,142,30090000,2828460.0
2024-04,Residential,87060,108629000,15859834.0
2024-04,Small Business,9374,37201000,5133738.0
2024-04,Commercial,1726,39664000,4799344.0
2024-04,Industrial,142,29724000,2794056.0
2024-05,Residential,87280,117478000,17151788.0
2024-05,Small Business,9382,39021000,5384898.0
2024-05,Commercial,1728,40653000,4919013.0
2024-05,Industrial,142,30316000,2849704.0
2024-06,Residential,87500,127557000,18623322.0
2024-06,Small Business,9390,40368000,5570784.0
2024-06,Commercial,1730,41964000,5077644.0
2024-06,Industrial,142,29871000,2807874.0
2024-07,Residential,87720,132447000,19337262.0
2024-07,Small Business,9398,41391000,5711958.0
2024-07,Commercial,1732,43654000,5282134.0
2024-07,Industrial,142,29646000,2786724.0
2024-08,Residential,87940,130211000,19010806.0
2024-08,Small Business,9406,41697000,5754186.0
2024-08,Commercial,1734,42708000,5167668.0
2024-08,Industrial,142,29913000,2811822.0
2024-09,Residential,88160,128499000,18760854.0
2024-09,Small Business,9414,41030000,5662140.0
2024-09,Commercial,1736,43981000,5321701.0
2024-09,Industrial,142,29350000,2758900.0
2024-10,Residential,88380,115874000,16917604.0
2024-10,Small Business,9422,37971000,5239998.0
2024-10,Commercial,1738,41384000,5007464.0
2024-10,Industrial,142,28873000,2714062.0
2024-11,Residential,88600,91333000,13334618.0
2024-11,Small Business,9430,35274000,4867812.0
2024-11,Commercial,1740,38057000,4604897.0
2024-11,Industrial,142,29760000,2797440.0
2024-12,Residential,88820,83815000,12236990.0
2024-12,Small Business,9438,33124000,4571112.0
2024-12,Commercial,1742,38607000,4671447.0
2024-12,Industrial,142,29622000,2784468.0
2025-01,Residential,89040,80969000,11821474.0
2025-01,Small Business,9446,31584000,4358592.0
2025-01,Commercial,1744,37668000,4557828.0
2025-01,Industrial,142,29008000,2726752.0
2025-02,Residential,89260,90100000,13154600.0
2025-02,Small Business,9454,34248000,4726224.0
2025-02,Commercial,1746,39070000,4727470.0
2025-02,Industrial,142,29349000,2758806.0
2025-03,Residential,89480,95665000,13967090.0
2025-03,Small Business,9462,34219000,4722222.0
2025-03,Commercial,1748,39042000,4724082.0
2025-03,Industrial,142,30236000,2842184.0
2025-04,Residential,89700,109624000,16005104.0
2025-04,Small Business,9470,37879000,5227302.0
2025-04,Commercial,1750,39748000,4809508.0
2025-04,Industrial,142,29449000,2768206.0
2025-05,Residential,89920,118477000,17297642.0
2025-05,Small Business,9478,39399000,5437062.0
2025-05,Commercial,1752,41857000,5064697.0
2025-05,Industrial,142,29341000,2758054.0
2025-06,Residential,90140,125163000,18273798.0
2025-06,Small Business,9486,40240000,5553120.0
2025-06,Commercial,1754,42801000,5178921.0
2025-06,Industrial,142,28972000,2723368.0
2025-07,Residential,90360,136781000,19970026.0
2025-07,Small Business,9494,41896000,5781648.0
2025-07,Commercial,1756,43815000,5301615.0
2025-07,Industrial,142,28784000,2705696.0
2025-08,Residential,90580,140744000,20548624.0
2025-08,Small Business,9502,43304000,5975952.0
2025-08,Commercial,1758,44038000,5328598.0
2025-08,Industrial,142,29929000,2813326.0
2025-09,Residential,90800,130236000,19014456.0
2025-09,Small Business,9510,41030000,5662140.0
2025-09,Commercial,1760,43779000,5297259.0
2025-09,Industrial,142,29461000,2769334.0
2025-10,Residential,91020,116711000,17039806.0
2025-10,Small Business,9518,38221000,5274498.0
2025-10,Commercial,1762,41710000,5046910.0
2025-10,Industrial,142,30672000,2883168.0
2025-11,Residential,91240,97739000,14269894.0
2025-11,Small Business,9526,36173000,4991874.0
2025-11,Commercial,1764,38813000,4696373.0
2025-11,Industrial,142,28956000,2721864.0
2025-12,Residential,91460,89947000,13132262.0
2025-12,Small Business,9534,32440000,4476720.0
2025-12,Commercial,1766,38443000,4651603.0
2025-12,Industrial,142,29666000,2788604.0
