sale_id,neighborhood,sqft,bedrooms,age_years,sale_price
BV-001,Snell Isle,2280,4,24,525000
BV-002,Crescent Heights,1790,3,14,359000
BV-003,Crescent Heights,1290,2,50,204000
BV-004,Old Northeast,2120,3,74,405000
BV-005,Crescent Heights,1660,2,7,344000
BV-006,Old Northeast,1910,3,72,366000
BV-007,Old Northeast,1960,3,98,287000
BV-008,Crescent Heights,1130,2,55,217000
BV-009,Crescent Heights,1740,3,48,303000
BV-010,Old Northeast,2070,4,55,448000
BV-011,Old Northeast,2330,4,88,430000
BV-012,Old Northeast,1930,3,80,342000
BV-013,Snell Isle,2570,4,21,606000
BV-014,Old Northeast,2040,3,79,424000
BV-015,Old Northeast,1750,2,95,358000
BV-016,Snell Isle,2050,4,4,525000
BV-017,Old Northeast,1630,3,81,366000
BV-018,Old Northeast,2020,3,83,371000
BV-019,Old Northeast,1170,2,64,208000
BV-020,Snell Isle,2270,4,51,515000
BV-021,Snell Isle,2140,3,63,463000
BV-022,Crescent Heights,1540,2,8,319000
BV-023,Snell Isle,2850,5,64,576000
BV-024,Old Northeast,1270,2,45,324000
BV-025,Snell Isle,2810,4,21,661000
BV-026,Snell Isle,2550,4,46,558000
BV-027,Old Northeast,1860,4,80,396000
BV-028,Crescent Heights,1610,3,25,318000
BV-029,Old Northeast,2430,4,57,487000
BV-030,Snell Isle,2570,5,45,593000
BV-031,Crescent Heights,1640,3,50,273000
BV-032,Crescent Heights,1980,3,28,369000
BV-033,Snell Isle,2220,3,38,479000
BV-034,Old Northeast,1790,3,90,335000
BV-035,Snell Isle,2540,4,18,624000
BV-036,Old Northeast,1980,3,88,357000
BV-037,Old Northeast,2660,4,85,426000
BV-038,Snell Isle,2180,3,24,543000
BV-039,Crescent Heights,1220,2,15,324000
BV-040,Old Northeast,1550,3,100,289000
BV-041,Crescent Heights,1530,3,53,286000
BV-042,Old Northeast,1990,3,99,345000
BV-043,Crescent Heights,1640,3,48,318000
BV-044,Crescent Heights,1520,2,38,399000
BV-045,Crescent Heights,1360,3,25,234000
BV-046,Old Northeast,1890,2,74,362000
BV-047,Old Northeast,1780,3,55,371000
BV-048,Snell Isle,2310,4,32,593000
BV-049,Old Northeast,1660,2,98,301000
BV-050,Snell Isle,2410,4,34,502000
BV-051,Crescent Heights,1050,2,8,199000
BV-052,Crescent Heights,1450,3,30,275000
BV-053,Snell Isle,1580,2,8,442000
BV-054,Crescent Heights,1190,2,40,245000
BV-055,Snell Isle,1500,2,66,339000
BV-056,Snell Isle,2440,4,10,603000
BV-057,Crescent Heights,1430,2,46,191000
BV-058,Old Northeast,1610,3,43,316000
BV-059,Snell Isle,1740,2,19,563000
BV-060,Old Northeast,1750,3,86,315000
BV-061,Old Northeast,1640,3,46,335000
BV-062,Old Northeast,1390,3,82,303000
BV-063,Snell Isle,1880,3,28,512000
BV-064,Crescent Heights,2020,3,46,320000
BV-065,Crescent Heights,2190,3,11,435000
BV-066,Crescent Heights,1400,3,11,332000
BV-067,Crescent Heights,1320,2,38,314000
BV-068,Crescent Heights,1830,3,15,358000
BV-069,Snell Isle,2280,4,59,437000
BV-070,Crescent Heights,1840,3,41,367000
BV-071,Crescent Heights,1870,3,12,355000
BV-072,Old Northeast,1330,2,92,223000
BV-073,Snell Isle,2340,4,27,575000
BV-074,Crescent Heights,1600,3,50,260000
BV-075,Old Northeast,1580,2,63,331000
BV-076,Old Northeast,2310,3,56,449000
BV-077,Crescent Heights,1510,2,30,256000
BV-078,Old Northeast,2720,4,92,483000
BV-079,Old Northeast,1980,3,76,390000
BV-080,Crescent Heights,1950,3,33,388000
BV-081,Old Northeast,1860,3,55,385000
BV-082,Snell Isle,2670,5,62,531000
BV-083,Snell Isle,2020,3,59,526000
BV-084,Old Northeast,1590,3,77,361000
BV-085,Snell Isle,2560,4,57,617000
BV-086,Crescent Heights,1920,3,9,446000
BV-087,Crescent Heights,1400,2,11,270000
BV-088,Snell Isle,1910,3,29,483000
BV-089,Crescent Heights,1600,3,14,368000
BV-090,Old Northeast,2040,4,67,388000
BV-091,Crescent Heights,1650,3,16,423000
BV-092,Crescent Heights,1450,2,40,223000
BV-093,Old Northeast,1460,2,67,346000
BV-094,Snell Isle,1860,3,23,461000
BV-095,Crescent Heights,1730,2,6,320000
BV-096,Old Northeast,1750,3,67,329000
BV-097,Crescent Heights,2090,3,39,411000
BV-098,Crescent Heights,1290,2,21,234000
BV-099,Crescent Heights,1480,2,30,306000
BV-100,Crescent Heights,1780,3,13,321000
BV-101,Crescent Heights,2040,3,34,380000
BV-102,Crescent Heights,1970,4,31,413000
BV-103,Crescent Heights,1570,3,33,367000
BV-104,Snell Isle,2130,3,25,490000
BV-105,Crescent Heights,1280,2,29,320000
BV-106,Crescent Heights,1580,3,14,309000
BV-107,Snell Isle,2220,3,58,459000
BV-108,Crescent Heights,2150,4,51,388000
BV-109,Crescent Heights,2000,3,40,432000
BV-110,Crescent Heights,1710,3,52,254000
BV-111,Crescent Heights,2000,3,39,375000
BV-112,Crescent Heights,1900,3,5,349000
BV-113,Old Northeast,2130,3,96,400000
BV-114,Crescent Heights,1890,3,30,340000
BV-115,Crescent Heights,2140,4,41,354000
BV-116,Old Northeast,1150,2,40,263000
BV-117,Crescent Heights,1920,3,47,353000
BV-118,Old Northeast,1150,2,50,299000
BV-119,Crescent Heights,1470,2,47,275000
BV-120,Old Northeast,2090,3,52,447000
BV-121,Old Northeast,1680,2,80,332000
BV-122,Crescent Heights,1900,3,21,465000
BV-123,Crescent Heights,1050,2,31,179000
BV-124,Crescent Heights,2220,4,42,411000
BV-125,Snell Isle,2760,4,51,574000
BV-126,Old Northeast,1360,2,42,272000
BV-127,Snell Isle,2870,5,40,630000
BV-128,Old Northeast,1870,3,77,362000
BV-129,Crescent Heights,1990,3,18,414000
BV-130,Old Northeast,1580,3,41,398000
BV-131,Crescent Heights,1090,2,20,280000
BV-132,Crescent Heights,1390,2,30,256000
BV-133,Snell Isle,2030,3,47,427000
BV-134,Snell Isle,3250,6,35,697000
BV-135,Snell Isle,2540,4,20,618000
BV-136,Crescent Heights,2060,4,43,393000
BV-137,Crescent Heights,1810,3,53,329000
BV-138,Old Northeast,1780,3,85,307000
BV-139,Old Northeast,2200,4,77,378000
BV-140,Old Northeast,1750,3,94,302000
BV-141,Old Northeast,1830,3,89,351000
BV-142,Crescent Heights,1820,3,26,352000
BV-143,Snell Isle,2250,3,20,595000
BV-144,Crescent Heights,1670,3,19,307000
BV-145,Crescent Heights,1500,2,5,316000
BV-146,Old Northeast,1870,3,41,422000
BV-147,Old Northeast,2330,4,64,508000
BV-148,Crescent Heights,1050,2,49,207000
BV-149,Old Northeast,2130,3,71,410000
BV-150,Snell Isle,2250,3,55,573000
BV-151,Snell Isle,3060,5,41,614000
BV-152,Snell Isle,2230,4,29,557000
BV-153,Crescent Heights,1410,2,12,348000
BV-154,Old Northeast,1870,4,96,366000
BV-155,Snell Isle,2400,4,54,519000
BV-156,Crescent Heights,1200,2,41,250000
BV-157,Old Northeast,2490,4,46,476000
BV-158,Snell Isle,1990,4,34,489000
BV-159,Crescent Heights,2070,3,52,323000
BV-160,Old Northeast,1900,3,56,344000
BV-161,Old Northeast,1150,2,63,232000
BV-162,Crescent Heights,1840,4,50,371000
BV-163,Old Northeast,2050,4,51,389000
BV-164,Old Northeast,2590,4,86,522000
BV-165,Crescent Heights,1470,2,17,264000
BV-166,Crescent Heights,1720,3,45,357000
BV-167,Snell Isle,2770,5,24,601000
BV-168,Crescent Heights,1740,2,8,442000
BV-169,Old Northeast,1850,3,89,367000
BV-170,Crescent Heights,1320,3,35,217000
BV-171,Snell Isle,2630,4,47,528000
BV-172,Crescent Heights,2040,3,7,349000
BV-173,Crescent Heights,1900,3,39,330000
BV-174,Crescent Heights,1600,3,19,349000
BV-175,Old Northeast,1310,2,75,314000
BV-176,Snell Isle,2420,4,59,498000
BV-177,Old Northeast,2140,3,64,405000
BV-178,Old Northeast,1940,4,51,407000
BV-179,Snell Isle,2980,5,40,646000
BV-180,Old Northeast,1250,2,60,274000
BV-181,Crescent Heights,2090,3,36,436000
BV-182,Crescent Heights,1730,3,34,302000
BV-183,Crescent Heights,2390,4,9,473000
BV-184,Old Northeast,1410,2,90,270000
BV-185,Crescent Heights,1850,3,31,407000
BV-186,Crescent Heights,1900,3,31,398000
BV-187,Snell Isle,2560,5,13,624000
BV-188,Crescent Heights,1650,3,41,304000
BV-189,Old Northeast,1450,2,47,332000
BV-190,Old Northeast,2400,4,45,458000
BV-191,Snell Isle,1890,3,54,431000
BV-192,Crescent Heights,1650,3,23,369000
BV-193,Old Northeast,2120,4,46,460000
BV-194,Crescent Heights,2090,3,5,449000
BV-195,Crescent Heights,2400,5,42,449000
BV-196,Crescent Heights,1640,3,38,339000
BV-197,Crescent Heights,2000,3,33,419000
BV-198,Crescent Heights,2140,3,53,363000
BV-199,Crescent Heights,1350,2,47,233000
BV-200,Crescent Heights,1790,2,19,362000
BV-201,Crescent Heights,1230,2,36,306000
BV-202,Snell Isle,1500,3,57,400000
BV-203,Crescent Heights,1520,3,55,295000
BV-204,Crescent Heights,1290,2,34,216000
BV-205,Crescent Heights,1050,2,44,191000
BV-206,Old Northeast,1570,2,78,269000
BV-207,Snell Isle,2390,4,47,554000
BV-208,Crescent Heights,1400,2,42,311000
BV-209,Snell Isle,2500,4,65,549000
BV-210,Old Northeast,2520,4,69,453000
BV-211,Crescent Heights,1750,3,8,314000
BV-212,Snell Isle,2590,4,54,559000
BV-213,Crescent Heights,1500,2,39,312000
BV-214,Old Northeast,2100,3,64,359000
BV-215,Old Northeast,1960,3,92,357000
BV-216,Snell Isle,2040,3,18,510000
BV-217,Old Northeast,1390,3,85,232000
BV-218,Snell Isle,3320,6,9,688000
BV-219,Old Northeast,1440,2,45,320000
BV-220,Snell Isle,2790,4,52,578000
BV-221,Snell Isle,2860,5,10,665000
BV-222,Snell Isle,1760,3,32,466000
BV-223,Snell Isle,2250,4,43,515000
BV-224,Crescent Heights,1890,3,54,306000
BV-225,Old Northeast,1620,3,61,335000
BV-226,Snell Isle,2300,4,31,508000
BV-227,Snell Isle,2590,4,37,610000
BV-228,Crescent Heights,2170,3,18,447000
BV-229,Old Northeast,1920,3,63,399000
BV-230,Old Northeast,2300,3,62,462000
BV-231,Crescent Heights,1820,3,20,354000
BV-232,Snell Isle,2400,3,9,617000
BV-233,Crescent Heights,1710,3,29,321000
BV-234,Old Northeast,2170,3,83,459000
BV-235,Snell Isle,1900,2,64,420000
BV-236,Old Northeast,1230,2,51,272000
BV-237,Crescent Heights,1310,2,30,306000
BV-238,Snell Isle,2260,3,56,463000
BV-239,Old Northeast,1520,3,72,318000
BV-240,Old Northeast,2070,4,57,420000
