property_id,sqft,bedrooms,bathrooms,age,lot_size,distance_downtown,has_pool,renovated,neighborhood,price
1,1622,4,2.0,32.0,0.08,23.7,0,0,Carrollwood,308000
2,1515,4,2.0,21.5,0.36,4.8,1,0,South Tampa,452000
3,1708,4,2.0,8.2,0.31,20.9,0,0,South Tampa,479000
4,2468,2,2.0,34.3,0.18,7.1,0,0,Riverview,428000
5,2732,4,2.0,37.3,0.33,22.8,0,1,Brandon,546000
6,1757,3,2.0,31.8,0.25,9.2,1,0,Carrollwood,366000
7,2214,3,2.5,44.8,0.36,15.3,0,0,Riverview,431000
8,1841,2,1.0,12.1,0.25,23.7,1,1,Carrollwood,436000
9,1549,4,1.5,37.6,0.21,18.3,0,1,Brandon,339000
10,2066,4,1.5,15.0,0.23,2.9,0,0,Brandon,530000
11,1897,3,1.0,29.8,0.33,21.6,1,1,Riverview,415000
12,1424,3,2.0,13.4,0.19,21.9,0,1,Carrollwood,331000
13,1953,2,2.0,3.3,0.08,5.6,0,0,Riverview,442000
14,1181,4,1.5,15.1,0.31,4.3,0,0,Riverview,328000
15,1382,5,1.5,41.0,0.15,19.1,0,0,Riverview,237000
16,1342,2,2.0,14.9,0.32,10.8,1,1,Brandon,419000
17,2134,3,2.0,34.5,0.19,10.2,0,0,Riverview,420000
18,1696,3,2.5,2.5,0.2,8.2,0,0,South Tampa,475000
19,2393,2,2.0,28.4,0.08,15.2,0,1,Riverview,483000
20,1678,3,2.0,6.5,0.12,14.4,0,0,Carrollwood,367000
21,939,4,2.5,17.3,0.09,9.5,0,0,Brandon,208000
22,1216,3,2.0,4.2,0.13,5.3,1,0,Carrollwood,392000
23,2032,2,2.0,20.2,0.34,23.7,1,1,Brandon,445000
24,2437,3,3.0,8.1,0.08,24.7,0,0,Carrollwood,474000
25,2377,3,2.0,7.9,0.37,16.7,0,0,Brandon,546000
26,933,3,2.0,7.5,0.21,3.8,1,0,South Tampa,410000
27,1908,3,2.0,45.4,0.25,23.6,0,0,South Tampa,367000
28,1892,4,3.0,5.2,0.19,12.7,1,0,Riverview,419000
29,1596,3,1.5,14.2,0.08,19.0,1,1,Brandon,438000
30,2501,3,1.5,11.6,0.08,16.1,0,0,Riverview,507000
31,2161,3,1.0,16.4,0.15,10.8,1,1,Brandon,515000
32,2408,2,2.5,4.2,0.28,7.8,1,0,Brandon,596000
33,2108,3,2.0,11.8,0.44,19.2,0,1,South Tampa,546000
34,1633,3,1.5,1.5,0.18,22.1,1,0,South Tampa,440000
35,1653,3,2.0,1.3,0.08,19.9,0,0,Riverview,326000
36,1774,2,1.0,18.9,0.23,14.4,1,0,South Tampa,421000
37,2459,3,1.0,59.5,0.22,7.3,1,0,Riverview,431000
38,2245,4,1.5,2.3,0.47,24.1,1,0,Brandon,520000
39,1514,4,1.5,21.0,0.23,9.9,0,0,Brandon,376000
40,2743,4,2.0,35.7,0.34,9.7,1,1,Riverview,636000
41,1141,2,3.0,70.0,0.08,23.3,0,0,Carrollwood,101000
42,914,5,2.5,7.6,0.08,10.8,0,1,Brandon,328000
43,1435,3,2.5,55.8,0.14,12.4,0,1,Brandon,234000
44,2558,4,2.0,0.6,0.31,10.4,0,0,Brandon,580000
45,1455,4,2.5,17.0,0.37,24.0,0,0,Riverview,388000
46,955,4,2.5,10.0,0.22,2.2,0,0,Carrollwood,375000
47,1652,3,1.5,20.3,0.23,13.2,0,0,Brandon,376000
48,1652,3,2.5,37.2,0.28,19.6,0,0,South Tampa,339000
49,2020,4,2.0,51.9,0.37,8.8,0,1,South Tampa,549000
50,2358,3,1.5,6.2,0.56,4.3,1,0,Carrollwood,620000
51,2401,3,2.0,40.1,0.61,10.4,0,1,Riverview,599000
52,819,3,1.5,32.3,0.45,6.7,1,1,Carrollwood,306000
53,1687,4,2.5,23.4,0.26,10.0,0,0,South Tampa,484000
54,1181,5,2.0,15.1,0.23,12.9,0,0,Carrollwood,326000
55,1997,3,1.5,6.1,0.24,7.5,1,0,Riverview,492000
56,921,4,2.0,2.0,0.63,20.5,0,0,Brandon,300000
57,800,4,2.0,10.0,0.3,8.1,0,0,Carrollwood,274000
58,2067,4,2.0,9.8,0.5,9.8,0,1,Brandon,550000
59,1869,4,1.5,23.1,0.21,12.3,0,0,Riverview,422000
60,1405,3,2.0,70.0,0.25,20.3,0,1,Riverview,168000
61,2851,3,2.5,6.0,0.25,7.6,1,0,Brandon,720000
62,2463,3,1.0,12.4,0.17,10.8,0,0,Riverview,539000
63,2055,4,2.5,28.7,0.56,17.5,0,0,Brandon,489000
64,1343,4,1.5,32.1,0.35,13.2,0,0,South Tampa,372000
65,2215,4,2.0,21.9,0.08,18.2,0,1,South Tampa,524000
66,2245,5,2.0,12.5,0.22,20.3,0,1,Carrollwood,460000
67,2173,2,3.0,42.8,0.47,2.5,0,0,Riverview,474000
68,1397,3,1.5,15.5,0.2,3.5,0,1,Brandon,388000
69,2799,3,2.0,23.5,0.31,17.5,0,0,Carrollwood,620000
70,2043,5,2.0,13.0,0.21,10.6,0,1,Carrollwood,562000
71,2058,3,3.0,32.9,0.15,7.3,0,1,South Tampa,533000
72,1643,3,3.0,70.0,0.22,21.8,1,1,Riverview,313000
73,1453,5,2.0,21.5,0.34,8.0,0,0,Riverview,378000
74,1449,5,1.5,8.0,0.24,4.0,0,0,Brandon,393000
75,2706,4,2.5,22.8,0.24,14.6,1,1,Carrollwood,636000
76,1554,3,3.0,10.1,0.4,11.9,1,1,Carrollwood,482000
77,1741,3,1.5,70.0,0.3,18.1,0,1,South Tampa,359000
78,1639,3,1.0,3.3,0.08,2.2,0,0,Carrollwood,346000
79,1543,3,2.0,5.7,0.22,4.6,1,0,Brandon,441000
80,1908,3,2.0,11.2,0.24,12.4,1,0,Brandon,461000
81,1530,5,1.5,16.6,0.29,19.8,1,0,South Tampa,445000
82,2445,4,2.5,5.6,0.14,20.6,1,0,Carrollwood,569000
83,1793,3,1.5,0.0,0.08,5.7,1,0,South Tampa,571000
84,1637,2,3.0,43.6,0.18,20.9,1,1,South Tampa,382000
85,1537,3,2.0,14.5,0.13,12.7,0,1,Riverview,325000
86,1277,4,2.0,4.6,0.37,24.1,0,0,Brandon,295000
87,1426,4,2.0,26.3,0.15,10.3,0,1,Brandon,408000
88,1724,4,2.5,10.7,0.26,13.4,1,0,Riverview,411000
89,1976,2,2.0,12.6,0.37,24.2,0,0,Carrollwood,425000
90,1189,2,1.5,37.0,0.08,22.2,0,0,Brandon,164000
91,1496,2,2.0,15.6,0.58,12.9,0,1,Brandon,414000
92,2219,3,1.5,34.8,0.42,12.0,0,0,Carrollwood,517000
93,2720,2,1.0,33.5,0.08,12.6,1,1,Brandon,549000
94,2532,4,3.0,20.3,0.37,22.6,1,0,South Tampa,613000
95,1722,4,2.5,33.7,0.33,23.4,1,1,Brandon,404000
96,1932,2,1.5,6.1,0.22,18.9,0,0,Carrollwood,402000
97,1326,3,2.0,4.8,0.13,22.4,0,0,Brandon,257000
98,2316,3,1.0,7.8,0.08,10.8,1,0,Riverview,528000
99,1362,4,2.5,10.1,0.41,12.6,0,0,South Tampa,440000
100,1304,3,3.0,3.3,0.16,9.9,0,0,South Tampa,414000
101,1228,2,1.5,6.3,0.33,14.1,1,0,Carrollwood,342000
102,1527,3,2.0,40.4,0.27,23.5,0,0,Brandon,257000
103,2046,2,1.5,31.2,0.27,17.3,0,0,South Tampa,413000
104,1596,4,2.5,15.2,0.19,22.3,0,0,Brandon,339000
105,1848,3,1.5,9.4,0.46,24.3,1,0,Carrollwood,437000
106,1352,5,1.5,22.0,0.08,20.4,1,0,Carrollwood,332000
107,1993,3,2.5,29.8,0.25,22.9,0,0,Carrollwood,424000
108,1613,4,2.5,27.0,0.25,11.9,0,0,Carrollwood,358000
109,1115,3,1.5,29.0,0.31,11.9,0,0,South Tampa,318000
110,1217,2,1.5,2.1,0.12,21.9,0,0,Carrollwood,299000
111,1559,3,1.5,15.7,0.34,21.9,0,1,South Tampa,452000
112,1747,5,2.5,22.7,0.26,4.6,0,0,Riverview,459000
113,1973,4,3.0,40.5,0.23,12.4,0,0,Carrollwood,462000
114,1183,3,1.5,37.3,0.19,5.0,1,0,South Tampa,308000
115,1885,3,2.0,20.5,0.16,10.1,0,0,Riverview,430000
116,2374,4,1.0,27.1,0.25,5.9,1,0,Brandon,576000
117,1448,3,2.0,4.5,0.34,12.0,0,0,Riverview,336000
118,3093,3,1.0,17.7,0.22,11.6,0,0,Riverview,581000
119,1468,4,3.0,34.0,0.11,9.7,0,0,South Tampa,402000
120,1923,2,2.5,5.6,0.08,14.1,1,0,South Tampa,489000
121,1491,3,2.5,13.6,0.27,21.6,0,0,Riverview,330000
122,1877,3,2.0,8.5,0.64,4.6,0,1,Brandon,495000
123,2230,5,2.0,6.5,0.08,24.0,0,0,Riverview,432000
124,2178,4,2.5,18.5,0.3,22.5,0,0,Riverview,458000
125,2198,3,2.0,4.9,0.13,10.8,1,0,South Tampa,610000
126,873,4,2.5,1.7,0.42,21.0,1,0,South Tampa,354000
127,1946,3,2.5,4.4,0.08,22.6,0,0,Carrollwood,406000
128,2336,3,3.0,14.2,0.21,13.9,0,0,Carrollwood,488000
129,2049,4,1.0,1.8,0.3,17.4,0,0,Riverview,478000
130,2149,5,2.0,12.0,0.08,4.1,1,1,Brandon,598000
131,1509,4,2.0,6.9,0.11,14.5,1,0,South Tampa,443000
132,1936,3,2.0,7.4,0.23,12.7,0,1,Carrollwood,488000
133,2255,3,2.5,6.0,0.45,21.2,0,0,South Tampa,560000
134,1892,4,1.0,2.2,0.29,5.2,0,0,Brandon,538000
135,2198,3,1.5,31.1,0.08,11.3,0,0,Riverview,434000
136,2846,3,2.0,0.9,0.3,15.2,0,0,South Tampa,750000
137,1935,2,2.0,16.1,0.21,4.7,0,0,Brandon,416000
138,2282,4,2.0,4.0,0.5,13.7,1,0,Riverview,536000
139,1476,3,3.0,4.2,0.28,14.1,0,0,Riverview,355000
140,3068,4,2.0,8.5,0.24,19.9,0,0,Riverview,665000
141,1957,3,2.0,22.2,0.08,15.9,0,0,Brandon,371000
142,967,3,1.0,41.6,0.08,7.9,0,0,Brandon,198000
143,1716,4,1.5,8.1,0.13,2.2,1,1,Brandon,499000
144,2033,3,2.5,13.1,0.29,18.4,0,1,Brandon,475000
145,975,4,2.0,36.9,0.38,3.0,0,0,Brandon,270000
146,2389,4,1.0,39.0,0.08,21.4,0,0,Carrollwood,428000
147,1748,2,1.5,13.4,0.28,16.7,1,1,Carrollwood,478000
148,1071,5,2.0,15.4,0.12,21.2,1,0,Carrollwood,323000
149,1621,5,2.0,69.8,0.45,12.2,0,1,Riverview,341000
150,1604,4,1.5,3.0,0.08,20.1,0,0,Brandon,291000
151,1975,4,2.5,8.4,0.29,17.0,0,0,Carrollwood,477000
152,1265,3,1.0,20.7,0.22,13.9,0,1,South Tampa,392000
153,1977,3,1.5,12.0,0.18,10.0,1,0,Riverview,460000
154,1886,3,2.0,8.7,0.24,19.1,0,0,Carrollwood,438000
155,917,3,2.0,1.2,0.08,21.4,1,0,Brandon,242000
156,1689,3,1.5,16.0,0.08,18.6,1,1,Carrollwood,371000
157,1965,3,3.0,41.3,0.43,7.9,0,1,Riverview,427000
158,1134,2,2.0,13.8,0.23,20.0,0,0,Riverview,269000
159,1138,4,1.5,3.6,0.2,2.3,0,0,South Tampa,438000
160,2026,5,2.0,45.6,0.13,3.6,0,0,South Tampa,497000
161,1599,4,2.0,25.4,0.33,5.9,0,0,Carrollwood,398000
162,1181,3,2.0,14.1,0.21,5.7,0,0,Brandon,326000
163,2026,2,2.5,8.6,0.31,13.2,0,0,South Tampa,561000
164,1328,2,1.5,10.4,0.51,15.5,0,0,Carrollwood,301000
165,1510,4,2.0,13.4,0.09,15.5,0,0,Brandon,322000
166,2496,2,2.0,0.1,0.27,17.3,1,0,Brandon,556000
167,1093,3,2.5,28.2,0.08,19.7,0,1,Brandon,224000
168,2174,3,1.5,6.5,0.3,2.7,1,0,Riverview,550000
169,2061,3,1.5,58.4,0.33,7.1,0,1,South Tampa,489000
170,2659,4,1.5,2.0,0.08,7.2,0,0,Brandon,552000
171,1590,2,1.0,6.1,0.27,12.6,0,0,Brandon,341000
172,2128,4,3.0,18.8,0.28,6.2,0,0,Brandon,471000
173,2691,3,1.5,35.6,0.39,8.7,0,1,Riverview,627000
174,1814,3,2.0,27.7,0.34,11.0,1,0,South Tampa,508000
175,2006,3,2.0,5.7,0.16,7.5,1,1,Brandon,537000
176,1295,4,1.5,42.7,0.16,19.5,1,0,Brandon,287000
177,1206,5,3.0,28.4,0.08,3.8,0,1,Carrollwood,316000
178,1689,3,1.0,70.0,0.2,20.5,1,0,Riverview,215000
179,1507,2,2.0,6.7,0.3,22.1,1,0,South Tampa,455000
180,1600,5,1.5,70.0,0.14,23.5,1,0,Brandon,259000
181,2061,2,2.5,26.1,0.24,23.0,0,1,Riverview,397000
182,2745,3,1.0,70.0,0.45,18.3,0,0,Carrollwood,528000
183,2249,4,1.5,27.2,0.41,13.4,0,1,Riverview,530000
184,2060,2,2.5,27.1,0.15,8.0,0,0,Brandon,425000
185,2557,4,1.0,6.2,0.16,8.8,0,0,Carrollwood,647000
186,1655,5,1.5,2.7,0.52,11.7,0,1,South Tampa,571000
187,1817,3,2.5,20.7,0.08,6.4,0,0,Carrollwood,396000
188,1840,2,1.5,3.2,0.26,5.5,0,0,Brandon,433000
189,1903,3,1.0,9.3,0.33,19.5,1,1,Carrollwood,505000
190,1692,3,2.5,17.4,0.44,18.2,1,0,Carrollwood,442000
191,1464,5,2.0,6.2,0.39,15.0,0,0,Brandon,388000
192,2650,3,2.0,30.1,0.17,13.1,1,1,Riverview,540000
193,1931,3,2.0,6.0,0.12,2.1,0,0,Carrollwood,512000
194,2231,5,2.5,26.4,0.54,5.0,0,1,Carrollwood,605000
195,1695,4,2.0,31.7,0.62,20.1,1,0,Carrollwood,433000
196,2633,3,1.0,8.0,0.09,18.5,0,0,Carrollwood,577000
197,1662,2,3.0,14.3,0.21,16.2,1,0,Brandon,390000
198,2027,4,1.5,70.0,0.25,3.0,1,1,Riverview,403000
199,2451,3,2.0,20.4,0.19,11.4,0,0,Brandon,490000
200,1593,2,1.5,35.9,0.08,7.9,0,0,South Tampa,375000
201,1484,3,1.5,1.9,0.38,23.1,0,0,South Tampa,389000
202,1964,4,2.0,59.6,0.44,21.4,1,0,Brandon,427000
203,1783,3,2.0,6.1,0.08,12.4,1,0,Riverview,379000
204,1818,3,1.5,7.3,0.08,6.8,0,0,Riverview,378000
205,2046,2,1.5,3.4,0.08,8.7,1,0,Carrollwood,566000
206,1098,3,2.5,21.0,0.44,19.6,0,0,Riverview,244000
207,2187,3,2.0,65.9,0.3,24.6,0,1,South Tampa,378000
208,1962,3,1.0,45.9,0.37,12.2,1,0,Brandon,348000
209,2792,3,2.0,17.2,0.47,14.6,0,0,Carrollwood,594000
210,1960,4,1.5,8.7,0.37,17.2,1,0,Riverview,503000
211,2587,4,3.0,4.2,0.08,14.8,0,0,Brandon,590000
212,2045,4,2.5,6.7,0.29,17.9,1,1,Riverview,566000
213,1905,3,2.0,21.2,0.22,14.6,1,0,Carrollwood,453000
214,1671,4,1.5,43.7,0.28,4.3,0,1,Riverview,370000
215,2492,2,2.0,4.0,0.35,24.5,1,0,Carrollwood,586000
216,1381,3,2.5,19.9,0.34,10.8,0,0,Carrollwood,310000
217,2128,2,2.5,70.0,0.08,11.3,0,1,Carrollwood,346000
218,2355,4,3.0,2.5,0.26,19.7,0,1,Brandon,565000
219,1091,3,1.0,19.3,0.2,9.2,0,0,Carrollwood,261000
220,1628,3,2.5,0.1,0.26,10.1,0,0,South Tampa,451000
221,1707,2,1.0,4.2,0.36,15.5,0,1,Carrollwood,410000
222,1044,3,1.5,5.9,0.08,13.4,0,0,Carrollwood,243000
223,1282,2,1.5,46.9,0.08,9.4,1,1,Brandon,206000
224,1445,5,1.5,8.7,0.26,7.6,0,1,Brandon,522000
225,1418,3,2.0,13.5,0.14,13.8,1,1,Carrollwood,368000
226,933,4,2.5,12.8,0.27,22.7,1,0,Carrollwood,309000
227,1451,4,2.5,29.3,0.22,22.6,0,0,Brandon,365000
228,1279,4,2.5,13.0,0.19,19.3,1,0,Carrollwood,390000
229,2368,2,1.5,70.0,0.3,5.5,0,1,South Tampa,547000
230,2497,5,2.0,29.8,0.22,12.3,1,1,South Tampa,684000
231,1876,2,2.0,6.0,0.5,4.7,0,1,Carrollwood,500000
232,1542,5,2.0,2.6,0.26,16.2,0,0,South Tampa,458000
233,2891,3,1.5,48.4,0.08,3.4,1,1,Riverview,575000
234,2579,2,2.5,0.2,0.32,14.9,1,1,South Tampa,679000
235,1146,5,2.0,19.0,0.49,4.8,1,1,Riverview,438000
236,1123,3,2.0,16.5,0.08,11.6,0,1,Riverview,303000
237,2642,2,1.0,3.5,0.08,4.5,0,0,Riverview,534000
238,1681,4,2.0,22.7,0.54,4.1,1,1,Brandon,517000
239,2006,4,2.0,29.9,0.42,18.7,0,0,Brandon,445000
240,2132,3,2.5,1.5,0.39,8.8,1,1,Riverview,643000
241,1391,2,1.5,32.7,0.43,8.8,0,1,South Tampa,375000
242,1438,2,2.5,29.6,0.22,24.7,0,0,Carrollwood,203000
243,2188,2,2.5,40.2,0.44,8.5,0,1,Riverview,464000
244,1879,3,3.0,44.8,0.34,19.4,1,0,Riverview,399000
245,2128,3,2.0,2.5,0.48,17.6,0,0,Brandon,525000
246,1481,4,2.5,8.7,0.2,21.1,0,0,Carrollwood,402000
247,1357,3,2.0,3.2,0.19,10.5,0,0,Carrollwood,372000
248,2387,3,2.0,11.9,0.16,21.0,1,0,South Tampa,519000
249,2188,2,2.0,3.3,0.27,8.5,1,0,South Tampa,597000
250,2154,4,2.0,3.0,0.08,13.2,0,0,Carrollwood,463000
251,2537,4,2.5,0.8,0.32,19.9,0,0,South Tampa,575000
252,2403,3,2.5,17.0,0.08,4.9,0,0,Brandon,541000
253,2014,3,2.0,1.5,0.13,13.5,1,0,Brandon,442000
254,1423,4,2.5,23.5,0.1,3.9,0,1,Riverview,335000
255,1516,4,2.0,1.7,0.25,20.0,1,0,Riverview,399000
256,1722,3,3.0,24.7,0.19,11.3,0,1,Brandon,410000
257,1379,3,2.0,47.7,0.27,16.3,1,0,Carrollwood,359000
258,2391,4,2.0,12.7,0.21,22.1,1,0,Brandon,524000
259,1218,4,2.5,28.5,0.28,6.1,0,0,Carrollwood,302000
260,1567,3,2.0,13.6,0.45,12.3,1,0,South Tampa,510000
261,1038,2,1.5,13.1,0.39,18.6,0,0,Brandon,197000
262,1511,4,1.0,37.5,0.29,2.8,1,0,Brandon,413000
263,800,3,2.5,19.5,0.21,9.8,1,0,Riverview,292000
264,2206,5,1.0,9.5,0.37,20.3,1,0,Carrollwood,519000
265,2177,4,3.0,46.4,0.52,17.9,1,0,Brandon,493000
266,2584,3,2.0,4.5,0.4,21.1,1,0,Riverview,604000
267,1346,4,2.0,9.8,0.26,3.1,0,0,Brandon,397000
268,2174,5,2.0,37.1,0.18,24.2,0,0,Riverview,403000
269,1420,4,2.5,16.5,0.24,6.5,0,0,Carrollwood,391000
270,1667,4,2.0,8.5,0.33,14.4,0,0,South Tampa,444000
271,1789,3,2.0,3.3,0.08,12.6,0,0,Brandon,389000
272,1418,4,2.0,2.2,0.38,4.7,0,0,Carrollwood,421000
273,1670,2,2.5,8.3,0.08,4.3,0,0,Riverview,386000
274,1198,2,1.5,47.1,0.3,5.3,0,1,Brandon,238000
275,1567,3,2.0,7.2,0.23,3.0,0,0,South Tampa,449000
276,800,3,2.0,1.6,0.25,22.8,0,1,Brandon,183000
277,2224,3,1.5,9.3,0.29,21.5,0,1,Carrollwood,494000
278,2425,4,2.0,6.6,0.41,2.2,0,0,Carrollwood,596000
279,1372,3,2.0,1.3,0.4,21.1,0,1,Riverview,347000
280,2141,4,2.0,7.8,0.38,10.0,0,0,Carrollwood,593000
281,2004,2,1.5,50.0,0.42,4.4,1,0,South Tampa,510000
282,2271,3,1.0,23.8,0.08,15.3,1,1,Riverview,439000
283,2183,4,2.0,3.0,0.33,21.6,0,0,Carrollwood,532000
284,2053,3,2.0,22.1,0.52,8.7,1,0,Carrollwood,553000
285,1636,2,2.0,18.9,0.11,10.1,0,1,Brandon,390000
286,2016,2,2.0,50.9,0.08,15.8,0,0,Riverview,316000
287,1673,3,2.0,20.2,0.08,20.7,0,1,Brandon,339000
288,2024,4,1.5,28.2,0.21,24.9,1,0,Brandon,454000
289,1054,3,2.0,0.0,0.21,4.8,0,0,Riverview,311000
290,2282,4,2.5,42.5,0.45,16.5,1,1,Riverview,533000
291,1909,4,1.5,28.0,0.43,18.7,0,0,Brandon,418000
292,1731,3,1.5,28.1,0.26,2.4,1,1,South Tampa,522000
293,2150,4,2.0,14.0,0.42,14.6,1,1,South Tampa,603000
294,1471,3,1.5,29.0,0.08,8.1,1,0,Brandon,384000
295,2226,3,2.0,38.1,0.34,21.7,0,0,Riverview,403000
296,1893,2,2.5,22.9,0.48,22.7,1,0,Riverview,418000
297,1784,3,2.0,20.9,0.08,22.9,0,0,Carrollwood,400000
298,2022,3,1.5,14.6,0.21,12.4,1,0,South Tampa,489000
299,2599,3,1.0,25.0,0.08,3.1,0,0,Riverview,544000
300,1880,5,2.0,44.1,0.3,24.5,1,1,Carrollwood,395000
301,1951,2,2.0,63.5,0.24,17.0,1,0,Brandon,327000
302,1596,5,2.5,49.8,0.46,20.6,0,1,South Tampa,412000
303,2390,3,2.0,9.5,0.26,9.5,0,0,South Tampa,589000
304,1364,3,2.5,1.6,0.14,10.3,0,1,Brandon,356000
305,2131,3,2.0,34.4,0.08,4.8,1,0,South Tampa,501000
306,1925,3,1.0,41.4,0.2,10.4,1,0,Riverview,413000
307,2509,4,1.5,7.0,0.22,2.8,0,0,Brandon,644000
308,2198,2,1.5,9.9,0.37,21.2,1,1,Brandon,490000
309,2675,2,1.0,7.1,0.08,19.2,0,0,Brandon,501000
310,2175,5,3.0,1.5,0.31,5.6,1,0,Brandon,619000
311,1773,4,2.5,70.0,0.14,23.2,1,1,Brandon,324000
312,1608,3,2.5,2.0,0.16,20.8,0,1,Carrollwood,385000
313,976,3,2.0,25.8,0.47,2.8,1,0,Brandon,272000
314,2035,4,1.5,26.4,0.44,8.5,1,0,South Tampa,530000
315,1427,2,2.5,58.4,0.24,12.9,0,1,Brandon,298000
316,2148,5,3.0,29.2,0.31,21.6,0,0,Brandon,422000
317,1744,2,1.0,5.2,0.37,13.4,0,1,Brandon,378000
318,2017,5,2.0,6.2,0.46,13.9,0,0,Brandon,556000
319,1744,3,1.5,0.6,0.42,17.2,0,1,Riverview,391000
320,800,4,2.0,14.1,0.08,9.6,1,0,Riverview,279000
321,2158,4,1.0,17.6,0.08,23.8,0,0,Brandon,425000
322,1838,5,2.0,2.2,0.38,11.2,0,0,South Tampa,521000
323,1884,4,1.5,21.7,0.18,22.4,0,0,Riverview,326000
324,1460,3,2.0,5.8,0.08,2.7,0,1,South Tampa,482000
325,2315,2,2.5,6.2,0.27,23.3,1,0,Riverview,488000
326,1876,2,2.0,5.1,0.21,23.0,0,0,Brandon,354000
327,1597,2,2.0,9.5,0.08,2.1,1,1,Brandon,425000
328,2938,3,2.0,7.3,0.08,4.4,1,0,Carrollwood,711000
329,2327,3,2.0,19.7,0.12,22.2,0,0,Riverview,478000
330,800,3,1.5,1.3,0.12,18.2,1,0,Brandon,214000
331,1815,3,2.0,10.0,0.19,8.6,0,0,Carrollwood,448000
332,1639,5,2.0,10.2,0.37,20.1,0,0,Riverview,363000
333,1472,3,3.0,40.9,0.17,5.2,0,0,Riverview,296000
334,1983,3,2.0,1.2,0.08,6.2,0,0,Brandon,490000
335,2129,3,2.0,66.4,0.17,10.4,1,1,Brandon,442000
336,2431,3,2.0,10.0,0.39,24.7,1,0,Riverview,581000
337,1762,3,2.0,14.1,0.22,15.8,1,1,Riverview,435000
338,2185,3,2.5,32.4,0.26,7.7,0,0,Brandon,437000
339,989,4,1.5,7.9,0.38,16.8,0,0,Riverview,251000
340,1970,5,2.5,15.8,0.33,4.6,0,0,Carrollwood,526000
341,3189,3,1.5,17.6,0.3,23.8,0,1,Brandon,594000
342,2401,4,1.5,10.2,0.25,13.3,0,0,Carrollwood,552000
343,2232,4,3.0,58.6,0.53,6.9,1,0,Riverview,507000
344,1662,2,1.5,70.0,0.15,14.1,0,0,Riverview,190000
345,1319,2,1.5,12.0,0.15,21.6,1,1,South Tampa,360000
346,821,2,1.0,22.7,0.31,6.3,0,0,Carrollwood,200000
347,2241,4,1.5,69.9,0.22,5.6,0,1,South Tampa,466000
348,1383,2,2.5,11.5,0.08,19.2,1,0,Riverview,330000
349,2185,3,1.0,12.2,0.46,11.3,0,0,Carrollwood,566000
350,1648,4,2.5,15.4,0.14,10.0,1,0,Riverview,397000
351,2203,3,2.0,28.5,0.17,3.5,0,1,South Tampa,623000
352,2082,3,2.5,6.9,0.51,22.9,1,0,Brandon,551000
353,1870,4,2.5,4.0,0.51,14.7,1,0,Carrollwood,549000
354,947,3,1.5,2.0,0.21,11.3,0,0,Brandon,302000
355,800,2,1.0,6.7,0.48,4.1,1,1,South Tampa,369000
356,1818,3,2.0,16.7,0.26,9.5,1,0,Riverview,372000
357,864,4,2.0,29.3,0.37,16.5,0,0,Brandon,207000
358,1777,3,2.0,21.6,0.08,12.4,0,0,South Tampa,440000
359,1829,4,2.0,17.9,0.08,8.8,1,0,Carrollwood,433000
360,2167,3,2.5,18.9,0.18,5.0,1,0,Carrollwood,547000
361,2535,3,1.0,6.9,0.08,12.8,0,0,Carrollwood,569000
362,2055,4,2.5,9.4,0.12,4.3,0,0,Brandon,419000
363,1540,4,2.0,9.8,0.21,19.4,1,0,Carrollwood,428000
364,1294,2,2.5,2.5,0.08,22.1,0,0,Riverview,305000
365,800,3,2.5,10.7,0.37,23.1,0,0,Brandon,153000
366,2266,4,3.0,36.4,0.49,14.3,1,0,South Tampa,544000
367,2499,4,1.5,36.8,0.48,23.4,0,0,South Tampa,524000
368,2102,2,2.5,8.4,0.35,24.5,0,0,South Tampa,493000
369,1944,2,1.5,9.2,0.36,14.7,0,1,Riverview,419000
370,1388,3,3.0,31.3,0.08,4.0,1,1,Brandon,444000
371,2650,5,2.5,48.8,0.08,9.4,0,0,Carrollwood,533000
372,1667,2,2.0,48.9,0.08,22.2,0,0,Riverview,257000
373,1619,5,2.5,28.3,0.18,4.5,1,1,Brandon,541000
374,1380,3,2.0,10.4,0.62,2.6,0,1,Carrollwood,460000
375,1284,3,2.0,6.6,0.1,20.3,0,0,Carrollwood,329000
376,800,3,1.5,9.2,0.59,18.7,1,0,Riverview,257000
377,2048,4,2.0,6.3,0.18,3.8,1,1,Brandon,590000
378,2095,4,2.0,6.1,0.34,11.4,0,0,Brandon,475000
379,2453,3,3.0,70.0,0.08,2.6,0,0,South Tampa,498000
380,1427,4,1.5,22.3,0.63,7.6,1,1,Riverview,437000
381,2399,4,2.0,4.9,0.18,11.1,0,0,Carrollwood,572000
382,2313,4,2.0,48.3,0.17,13.6,1,1,Carrollwood,508000
383,1045,4,1.5,4.0,0.23,14.3,0,1,Brandon,286000
384,2033,3,2.0,26.1,0.16,6.8,0,1,Carrollwood,474000
385,800,3,3.0,3.4,0.21,12.0,0,0,Carrollwood,332000
386,1547,3,2.0,18.2,0.28,19.7,0,0,Carrollwood,316000
387,1547,3,2.0,45.2,0.29,23.5,1,0,Carrollwood,309000
388,885,5,1.5,70.0,0.13,14.6,0,1,Carrollwood,150000
389,1716,4,2.0,24.2,0.51,10.0,1,0,Carrollwood,532000
390,2140,3,2.5,24.2,0.24,21.3,0,0,South Tampa,535000
391,968,4,2.0,38.8,0.65,11.2,0,0,Brandon,265000
392,1881,4,1.0,29.9,0.35,14.8,0,1,Riverview,433000
393,1058,3,2.0,2.8,0.22,17.2,0,0,Carrollwood,313000
394,2383,3,1.5,9.3,0.13,20.1,1,0,Riverview,485000
395,1123,4,2.5,5.6,0.37,20.6,1,0,Riverview,304000
396,1685,4,2.5,30.7,0.45,18.5,0,0,Riverview,317000
397,2412,5,3.0,25.6,0.08,22.6,0,0,Carrollwood,519000
398,800,5,2.5,22.7,0.5,23.7,1,1,Riverview,292000
399,832,4,1.5,40.7,0.3,9.0,1,1,Brandon,284000
400,2353,4,1.5,1.7,0.37,3.6,0,0,Carrollwood,560000
401,1974,3,2.0,13.6,0.29,20.7,0,0,South Tampa,446000
402,834,3,1.5,2.1,0.32,5.8,0,0,Riverview,311000
403,1819,3,2.0,62.6,0.2,3.0,0,0,Brandon,342000
404,1104,3,2.0,0.6,0.33,22.0,0,1,Riverview,291000
405,2906,4,2.0,20.5,0.38,10.2,1,0,Brandon,632000
406,2276,4,2.5,6.8,0.09,16.7,0,0,Riverview,503000
407,1757,3,1.0,9.9,0.11,21.5,1,0,South Tampa,516000
408,1434,4,2.5,9.6,0.19,19.1,0,0,Riverview,307000
409,3106,4,2.0,70.0,0.2,6.9,0,1,Brandon,573000
410,1360,5,2.5,10.3,0.34,15.3,0,1,Brandon,375000
411,1953,3,2.0,13.9,0.22,7.4,1,0,South Tampa,560000
412,2190,4,1.0,8.5,0.19,23.1,0,1,Riverview,464000
413,1136,3,2.5,38.9,0.2,7.1,1,0,Carrollwood,342000
414,2143,5,3.0,9.4,0.14,20.4,0,0,Riverview,469000
415,1259,3,2.0,17.9,0.15,20.5,0,0,Brandon,230000
416,1909,3,1.5,21.7,0.08,11.7,1,1,Carrollwood,459000
417,1696,3,3.0,4.2,0.14,20.1,0,0,Brandon,417000
418,1368,4,3.0,38.4,0.1,17.9,0,0,South Tampa,330000
419,1445,4,2.0,10.3,0.2,24.6,1,0,Riverview,326000
420,1678,3,2.5,70.0,0.25,14.4,0,0,Carrollwood,287000
421,1641,4,2.5,17.8,0.23,9.4,0,0,South Tampa,445000
422,1638,4,2.0,2.0,0.39,21.9,0,0,Riverview,356000
423,1582,3,1.5,12.1,0.37,13.5,1,0,Carrollwood,411000
424,2360,3,2.5,5.0,0.08,4.2,0,0,Carrollwood,545000
425,2164,3,2.0,41.9,0.23,23.3,0,1,Carrollwood,388000
426,1725,2,2.0,2.4,0.35,4.1,0,0,Brandon,401000
427,964,3,2.0,29.0,0.35,7.7,1,0,South Tampa,335000
428,1712,5,2.5,0.6,0.26,19.6,0,0,South Tampa,541000
429,1799,3,2.0,56.4,0.21,20.0,0,0,Carrollwood,354000
430,1827,3,2.0,20.0,0.34,16.5,0,0,Brandon,469000
431,1479,4,1.0,0.4,0.24,13.3,0,0,South Tampa,421000
432,2299,4,3.0,1.2,0.19,16.6,1,0,Riverview,591000
433,1857,5,2.0,31.3,0.31,11.8,0,0,Riverview,440000
434,2233,3,3.0,13.9,0.23,6.0,0,0,Carrollwood,535000
435,959,5,2.0,25.7,0.14,9.2,0,1,Riverview,256000
436,1990,4,1.5,6.6,0.28,3.5,1,1,South Tampa,611000
437,1975,4,2.5,38.8,0.19,11.4,0,0,Brandon,430000
438,1741,3,2.5,2.5,0.2,13.8,1,0,Riverview,442000
439,1327,3,3.0,70.0,0.2,8.6,0,0,Brandon,228000
440,2502,3,2.0,6.4,0.27,20.1,0,0,Riverview,493000
441,1666,5,2.5,6.4,0.17,17.8,1,0,Riverview,410000
442,1386,4,2.0,21.9,0.46,19.2,0,1,Riverview,303000
443,1352,4,2.0,41.6,0.54,16.7,1,0,Carrollwood,328000
444,2306,3,2.0,6.0,0.27,8.9,1,1,Carrollwood,650000
445,1151,4,2.5,8.2,0.2,16.1,0,0,South Tampa,430000
446,2422,3,1.0,25.2,0.25,23.5,0,1,Carrollwood,516000
447,2475,4,2.0,13.6,0.33,19.4,1,1,Brandon,602000
448,1533,3,3.0,40.8,0.14,13.2,1,1,Riverview,388000
449,1176,3,1.0,11.1,0.27,20.1,0,0,Riverview,282000
450,2130,3,2.0,13.7,0.47,4.0,1,0,Brandon,552000
451,2417,3,1.5,1.8,0.32,22.0,0,0,Riverview,535000
452,2076,2,2.0,36.8,0.42,23.5,0,1,Riverview,366000
453,858,4,2.5,10.2,0.23,11.7,0,0,Brandon,260000
454,1400,3,2.0,10.2,0.36,7.2,1,1,South Tampa,534000
455,1624,4,1.0,33.6,0.29,14.2,0,0,South Tampa,391000
456,1008,4,1.5,29.8,0.08,5.9,0,0,South Tampa,278000
457,800,5,1.5,3.0,0.14,5.3,0,0,South Tampa,361000
458,2127,4,2.5,8.4,0.17,16.2,0,1,Brandon,498000
459,1405,3,2.0,0.9,0.36,22.4,0,0,Riverview,317000
460,2501,3,1.0,29.3,0.37,22.8,1,1,South Tampa,594000
461,2028,3,2.0,13.4,0.16,10.6,0,0,Riverview,484000
462,2248,5,1.0,21.8,0.3,3.9,0,0,Riverview,518000
463,2032,4,2.5,3.5,0.08,15.4,0,1,Brandon,489000
464,2239,3,2.0,21.6,0.36,10.5,0,0,South Tampa,523000
465,1369,3,1.0,1.6,0.08,10.6,0,0,South Tampa,425000
466,1553,3,1.0,29.8,0.46,8.0,0,0,Riverview,329000
467,2255,4,1.0,36.4,0.31,2.8,0,0,South Tampa,563000
468,2043,3,1.5,8.6,0.35,3.8,0,0,South Tampa,592000
469,1766,2,2.5,20.4,0.3,11.9,1,0,Riverview,439000
470,1563,2,1.0,6.0,0.4,2.8,0,0,Carrollwood,426000
471,1291,5,2.0,2.0,0.15,7.2,0,0,Riverview,340000
472,2266,3,1.5,2.9,0.16,9.3,0,0,South Tampa,584000
473,1876,3,2.0,45.9,0.2,24.1,1,1,Riverview,347000
474,1677,3,1.5,2.9,0.16,23.7,1,0,South Tampa,472000
475,1982,3,3.0,24.6,0.45,4.5,0,0,South Tampa,546000
476,1192,3,2.0,4.7,0.4,2.7,0,0,Brandon,369000
477,1751,2,1.5,3.7,0.22,4.3,0,0,Carrollwood,449000
478,2409,3,3.0,12.5,0.3,10.0,0,0,Carrollwood,578000
479,1764,4,1.5,70.0,0.22,12.9,0,0,Brandon,249000
480,2156,3,2.0,1.5,0.09,5.7,1,0,Carrollwood,515000
481,1682,3,1.5,6.6,0.11,18.7,1,0,Carrollwood,405000
482,2033,3,2.0,31.3,0.18,5.9,0,1,South Tampa,581000
483,2318,4,1.0,2.0,0.19,5.3,0,0,Carrollwood,532000
484,1890,5,2.0,4.8,0.08,4.5,1,0,Brandon,522000
485,1317,2,2.0,28.2,0.24,6.5,0,1,South Tampa,397000
486,1995,2,3.0,12.7,0.14,24.0,1,1,Brandon,420000
487,1211,3,2.5,10.0,0.08,15.8,1,0,Carrollwood,343000
488,1638,3,2.0,23.7,0.46,4.3,0,1,Riverview,437000
489,1636,5,2.0,4.1,0.32,13.3,0,0,South Tampa,489000
490,2064,2,2.5,8.4,0.35,8.2,0,1,Brandon,494000
491,800,4,2.5,25.1,0.42,7.9,0,0,Carrollwood,299000
492,1571,3,1.5,27.2,0.23,2.6,0,0,South Tampa,404000
493,2130,4,2.0,12.6,0.27,18.7,0,1,Riverview,458000
494,800,3,1.5,24.8,0.4,13.6,0,0,Brandon,200000
495,2435,5,2.5,8.0,0.33,24.1,0,0,Carrollwood,522000
496,1670,3,1.5,14.3,0.31,8.1,1,0,Brandon,425000
497,1773,3,1.5,9.6,0.57,5.5,0,0,South Tampa,554000
498,1398,4,2.5,4.4,0.2,11.9,1,1,Brandon,471000
499,872,4,2.0,19.5,0.24,12.3,0,1,Brandon,293000
500,2337,3,2.0,38.4,0.13,24.4,1,0,Brandon,422000
501,1922,3,2.5,3.4,0.13,23.8,0,1,Brandon,386000
502,2844,4,2.0,8.1,0.38,10.8,1,0,Riverview,643000
503,2076,3,3.0,27.0,0.46,23.9,1,0,Carrollwood,495000
504,1755,4,2.0,9.3,0.21,16.0,0,0,South Tampa,505000
505,1700,3,2.0,0.9,0.26,21.4,0,0,South Tampa,394000
506,1952,3,2.0,25.6,0.32,10.2,1,0,Riverview,443000
507,1780,3,2.5,2.9,0.35,19.8,0,0,Carrollwood,487000
508,1453,4,2.0,15.0,0.38,2.7,1,1,Riverview,481000
509,2045,3,1.0,2.8,0.28,4.8,0,0,Carrollwood,407000
510,941,2,2.5,56.3,0.49,15.1,0,0,South Tampa,253000
511,2471,3,1.5,18.4,0.13,22.0,0,1,Brandon,490000
512,1544,3,2.0,16.5,0.28,24.7,0,0,Carrollwood,306000
513,2143,2,2.0,69.5,0.41,3.8,0,0,Brandon,319000
514,829,4,2.0,47.8,0.25,22.6,0,0,Brandon,130000
515,1690,3,1.5,29.6,0.08,13.0,0,0,South Tampa,404000
516,1776,3,2.0,6.8,0.18,6.0,0,1,South Tampa,550000
517,2106,3,2.0,37.0,0.13,20.2,0,0,Brandon,390000
518,2356,5,3.0,13.8,0.17,9.1,0,0,South Tampa,636000
519,1012,2,2.0,14.4,0.14,9.8,0,0,Carrollwood,235000
520,2048,3,2.0,26.4,0.31,13.0,1,1,Carrollwood,507000
521,1950,2,2.0,32.4,0.16,7.6,0,1,Riverview,341000
522,1791,3,1.5,4.8,0.2,15.5,1,0,Carrollwood,403000
523,2105,4,2.0,8.3,0.19,20.3,1,0,South Tampa,502000
524,1378,4,2.5,16.5,0.32,18.5,1,0,Carrollwood,345000
525,1669,5,2.5,45.3,0.24,14.9,0,1,Carrollwood,425000
526,1409,3,2.5,15.7,0.2,8.6,0,1,Riverview,324000
527,2054,4,2.0,7.2,0.08,5.7,1,0,Riverview,542000
528,1947,3,1.0,19.7,0.41,21.0,0,0,Carrollwood,446000
529,2129,3,3.0,8.7,0.2,17.7,0,0,Carrollwood,493000
530,1863,2,2.5,1.3,0.39,20.7,1,0,Brandon,407000
531,2816,2,2.5,46.2,0.08,13.9,0,1,South Tampa,581000
532,1679,4,2.5,0.5,0.08,11.5,0,1,Carrollwood,491000
533,2216,3,2.5,11.4,0.18,13.6,0,0,Carrollwood,558000
534,1210,3,1.0,2.9,0.29,15.0,0,0,Brandon,306000
535,1329,3,2.0,30.7,0.08,18.9,0,1,Brandon,222000
536,1788,2,3.0,40.6,0.13,2.5,0,0,Brandon,343000
537,1924,3,1.0,51.2,0.31,20.1,0,0,Riverview,319000
538,1196,3,2.0,52.4,0.31,6.6,1,1,South Tampa,326000
539,1641,5,2.0,18.7,0.09,5.6,0,0,Riverview,387000
540,1855,2,2.5,1.8,0.33,21.3,1,0,Brandon,399000
541,1830,4,2.0,5.0,0.34,16.7,0,0,Brandon,459000
542,1668,3,2.0,5.3,0.32,22.2,1,0,Brandon,363000
543,2099,4,2.0,20.6,0.39,13.3,1,0,Riverview,498000
544,2047,3,1.5,59.7,0.15,4.7,0,0,Riverview,337000
545,1923,5,2.0,37.2,0.33,3.9,1,0,Riverview,493000
546,1321,4,2.0,52.7,0.26,4.7,1,0,Carrollwood,365000
547,1374,4,3.0,56.5,0.2,18.1,0,0,Riverview,306000
548,1359,3,2.5,15.6,0.42,24.9,0,0,Brandon,268000
549,1971,4,3.0,56.0,0.26,5.9,0,1,South Tampa,483000
550,1683,2,1.0,44.7,0.5,6.0,0,0,Carrollwood,329000
551,1493,4,2.5,70.0,0.08,14.1,0,0,Brandon,229000
552,2291,2,2.5,70.0,0.21,2.2,0,1,South Tampa,490000
553,2390,3,1.0,9.3,0.08,12.4,0,1,South Tampa,597000
554,2058,3,1.0,14.4,0.11,6.8,1,0,South Tampa,540000
555,2140,5,1.0,41.0,0.1,14.7,0,0,Carrollwood,445000
556,1538,4,1.0,15.1,0.2,24.5,0,0,Carrollwood,351000
557,2012,4,1.5,35.9,0.17,17.7,1,0,South Tampa,438000
558,1436,3,2.5,22.1,0.29,21.3,0,0,Brandon,306000
559,3340,4,1.0,8.8,0.28,7.0,1,0,Riverview,774000
560,1453,3,2.5,3.7,0.08,19.9,0,0,South Tampa,423000
561,2549,2,2.5,4.8,0.31,23.4,1,0,Riverview,558000
562,1575,4,2.5,32.7,0.43,7.8,1,1,Riverview,413000
563,1692,4,2.5,8.4,0.39,11.6,0,0,Riverview,438000
564,2233,5,2.0,2.7,0.35,22.0,0,1,Carrollwood,607000
565,1409,2,2.0,10.9,0.32,10.1,0,1,South Tampa,449000
566,2266,4,1.5,26.2,0.38,10.7,1,1,Brandon,548000
567,1454,4,1.5,43.4,0.21,5.0,0,0,Carrollwood,362000
568,1439,5,2.5,29.2,0.45,18.3,0,0,Riverview,313000
569,1320,3,1.0,5.8,0.08,16.4,0,1,Carrollwood,331000
570,1854,4,1.5,3.2,0.39,22.5,0,0,Brandon,468000
571,1172,3,1.0,6.6,0.23,13.1,1,0,Brandon,360000
572,2004,3,2.0,16.3,0.25,20.2,1,0,South Tampa,527000
573,2065,3,3.0,26.7,0.08,13.3,0,1,Riverview,452000
574,1325,4,2.0,7.3,0.23,20.9,0,0,South Tampa,419000
575,2088,3,1.0,38.9,0.28,24.7,0,0,Brandon,347000
576,2245,3,3.0,20.9,0.18,24.7,0,0,Carrollwood,387000
577,1233,5,1.5,0.1,0.26,13.9,0,0,Carrollwood,394000
578,1123,3,2.0,8.1,0.37,14.5,0,0,Riverview,303000
579,1721,4,2.0,8.9,0.41,11.8,1,0,Brandon,433000
580,1646,5,2.0,8.2,0.17,2.7,0,0,Brandon,447000
581,1852,4,2.0,15.5,0.43,9.9,0,1,South Tampa,542000
582,1307,4,2.5,4.3,0.29,15.8,0,1,Carrollwood,375000
583,1751,4,2.0,20.2,0.53,4.2,0,1,Carrollwood,505000
584,1415,3,2.0,27.7,0.14,5.8,1,0,Brandon,367000
585,1977,3,2.0,25.2,0.15,5.0,0,0,South Tampa,458000
586,2158,5,1.5,19.0,0.18,7.9,0,0,Riverview,496000
587,2300,2,2.0,10.7,0.5,12.5,0,0,Brandon,543000
588,1042,4,1.5,6.1,0.09,3.8,1,0,Riverview,340000
589,2166,3,2.0,4.1,0.35,7.7,0,0,Riverview,526000
590,1749,3,2.0,15.2,0.39,11.6,1,1,Riverview,448000
591,1954,2,2.5,0.1,0.08,22.1,0,0,South Tampa,514000
592,1221,4,1.0,32.5,0.14,11.4,1,0,Brandon,295000
593,1516,3,2.0,4.7,0.18,21.9,0,1,Brandon,323000
594,2235,4,2.5,17.6,0.23,22.4,0,0,Carrollwood,514000
595,1589,2,2.5,11.4,0.21,9.3,0,0,South Tampa,396000
596,2258,5,3.0,0.6,0.42,4.1,0,1,South Tampa,665000
597,2127,4,3.0,70.0,0.16,8.6,1,0,Riverview,413000
598,1473,3,1.5,15.9,0.33,22.2,0,0,Riverview,263000
599,1966,3,2.5,8.4,0.21,12.5,0,0,South Tampa,546000
600,1638,3,2.0,15.1,0.08,21.1,0,0,Brandon,329000
601,2227,4,1.0,6.4,0.3,16.2,0,1,Riverview,532000
602,2392,2,2.0,18.4,0.36,10.6,1,0,South Tampa,624000
603,969,4,2.5,17.3,0.24,13.5,0,1,Carrollwood,270000
604,1497,3,2.0,14.1,0.45,8.3,1,0,Riverview,382000
605,1578,3,2.5,16.5,0.52,7.6,1,1,Carrollwood,459000
606,2167,3,2.0,2.9,0.37,21.3,1,0,Riverview,481000
607,1752,4,2.0,2.2,0.21,13.8,0,0,Brandon,440000
608,1261,3,1.0,26.1,0.35,20.1,1,1,Brandon,287000
609,1994,4,2.5,0.3,0.47,16.3,1,0,Brandon,527000
610,1944,4,1.5,1.1,0.59,7.9,0,1,Brandon,536000
611,2279,2,2.0,35.6,0.39,20.7,0,0,South Tampa,497000
612,1559,3,3.0,0.6,0.65,10.5,0,0,Brandon,433000
613,1509,2,2.0,12.8,0.11,18.9,1,0,Brandon,378000
614,1345,3,2.0,2.2,0.27,23.4,0,0,Brandon,292000
615,948,4,1.5,12.3,0.16,13.6,0,0,South Tampa,267000
616,1172,3,1.5,18.2,0.13,17.2,1,0,Brandon,338000
617,2641,2,2.0,9.2,0.38,10.7,1,0,South Tampa,633000
618,1628,3,2.5,5.7,0.3,13.3,0,1,Carrollwood,478000
619,1054,4,2.5,5.6,0.31,15.7,0,0,Riverview,214000
620,1391,4,1.5,17.8,0.38,13.8,1,0,Brandon,348000
621,2298,4,2.5,66.2,0.57,18.2,0,0,Riverview,440000
622,1318,3,1.0,10.7,0.08,22.9,1,0,Riverview,298000
623,1841,3,2.0,9.6,0.21,20.8,0,0,South Tampa,443000
624,2499,2,3.0,4.2,0.08,2.1,0,0,Carrollwood,617000
625,1437,2,1.5,7.5,0.39,12.1,1,0,Riverview,387000
626,2133,2,1.5,52.4,0.3,2.5,0,1,South Tampa,536000
627,1601,2,1.0,3.6,0.08,13.5,0,0,Brandon,330000
628,1791,4,2.0,64.5,0.33,8.5,0,1,Carrollwood,331000
629,1265,3,2.0,0.4,0.17,5.3,0,0,Riverview,385000
630,1591,3,1.0,0.7,0.41,13.6,0,1,South Tampa,517000
631,1844,2,3.0,0.1,0.19,7.4,1,1,Brandon,472000
632,1691,3,2.5,8.7,0.21,22.0,1,0,Carrollwood,442000
633,1158,3,2.0,2.7,0.24,23.1,0,0,Carrollwood,287000
634,1774,3,2.0,15.0,0.35,14.8,0,0,Carrollwood,434000
635,2161,4,2.0,20.4,0.44,4.1,0,0,Brandon,502000
636,1918,3,2.0,37.2,0.2,9.1,1,0,Riverview,401000
637,2054,2,1.5,3.0,0.42,6.0,0,0,Riverview,468000
638,1814,3,1.5,3.3,0.19,2.3,0,0,Brandon,481000
639,2694,3,2.0,6.7,0.46,3.9,0,0,Brandon,674000
640,2789,3,2.0,3.7,0.22,10.3,1,0,Brandon,615000
641,1086,2,2.0,8.6,0.16,23.4,1,0,Carrollwood,258000
642,915,3,1.0,43.3,0.18,9.5,0,1,Brandon,214000
643,1581,3,2.0,23.3,0.43,18.2,1,0,Brandon,368000
644,1667,3,2.0,4.3,0.36,13.4,1,0,Carrollwood,529000
645,1101,4,1.0,70.0,0.33,10.6,0,0,Carrollwood,180000
646,1580,3,1.0,1.5,0.18,20.0,1,1,Brandon,433000
647,2168,4,2.5,7.7,0.38,12.7,0,0,Carrollwood,536000
648,1787,3,2.0,7.2,0.49,24.2,0,0,South Tampa,457000
649,1058,2,1.5,13.4,0.19,8.3,1,0,Riverview,292000
650,1942,3,1.5,0.9,0.24,19.4,0,0,Brandon,437000
651,800,4,2.5,1.3,0.08,9.2,0,0,Brandon,256000
652,1615,4,2.0,27.6,0.21,6.4,1,0,Carrollwood,404000
653,1630,3,2.5,8.4,0.14,20.2,0,0,Brandon,377000
654,2235,4,2.0,35.9,0.36,13.3,0,0,Brandon,431000
655,1966,2,2.0,2.1,0.42,12.5,0,0,Brandon,484000
656,1683,4,2.0,17.5,0.31,14.9,0,1,Carrollwood,403000
657,1228,2,2.0,2.8,0.51,14.1,0,1,Carrollwood,371000
658,1604,4,1.5,23.7,0.36,9.8,0,0,South Tampa,467000
659,1579,5,2.0,27.7,0.3,9.0,0,1,Riverview,357000
660,2531,4,1.5,11.1,0.59,23.9,1,0,South Tampa,682000
661,1964,5,3.0,14.7,0.08,18.8,0,0,Riverview,392000
662,2063,3,1.0,1.9,0.4,18.7,0,0,Riverview,440000
663,1953,3,3.0,3.1,0.08,7.8,0,0,Carrollwood,458000
664,1798,3,2.5,5.3,0.26,22.5,0,0,Riverview,391000
665,1582,3,2.0,21.1,0.51,3.9,1,0,Riverview,451000
666,1605,2,2.0,20.7,0.09,14.1,0,1,Brandon,328000
667,2187,3,2.0,58.9,0.15,6.5,0,1,South Tampa,481000
668,1114,3,3.0,40.8,0.17,5.7,1,1,South Tampa,401000
669,2854,4,3.0,8.7,0.25,21.9,0,0,South Tampa,675000
670,2203,3,2.5,12.6,0.39,3.4,0,0,South Tampa,582000
671,1605,3,2.5,24.8,0.3,18.4,0,1,South Tampa,420000
672,2808,4,1.0,4.2,0.22,24.2,0,0,Carrollwood,610000
673,2188,3,1.0,0.5,0.38,17.9,1,0,Carrollwood,546000
674,1396,3,2.0,0.2,0.08,15.3,1,0,South Tampa,457000
675,2244,3,2.5,12.0,0.42,11.6,0,0,Riverview,487000
676,1952,3,2.0,0.9,0.33,23.2,0,0,Brandon,425000
677,2471,3,2.0,59.1,0.18,13.5,0,1,Riverview,441000
678,1988,4,1.0,9.4,0.13,11.9,0,0,Brandon,432000
679,2065,4,2.0,37.3,0.1,24.5,0,1,Carrollwood,356000
680,2925,3,1.5,28.0,0.31,8.9,1,1,Carrollwood,657000
681,2362,3,2.5,23.1,0.08,18.6,0,0,South Tampa,575000
682,2321,4,1.0,8.8,0.32,3.2,1,0,South Tampa,699000
683,2015,4,2.0,27.2,0.21,3.9,0,0,Carrollwood,474000
684,1656,2,2.5,15.8,0.15,13.4,0,0,Brandon,360000
685,1986,3,1.0,3.0,0.19,20.9,0,0,South Tampa,529000
686,2127,5,2.0,23.4,0.33,16.5,1,0,Brandon,498000
687,1857,3,2.5,20.3,0.37,21.2,0,1,South Tampa,474000
688,2481,2,1.0,8.8,0.3,10.5,0,1,Brandon,591000
689,2205,3,1.0,9.8,0.08,19.9,0,0,Riverview,464000
690,1819,3,2.0,24.2,0.18,6.5,0,0,Riverview,366000
691,2103,3,2.0,9.9,0.41,4.3,0,0,Brandon,514000
692,1573,3,2.0,15.6,0.38,15.1,1,1,Carrollwood,479000
693,1944,4,2.5,0.4,0.41,8.5,1,0,Carrollwood,556000
694,1562,3,2.0,11.1,0.46,2.9,1,0,Brandon,477000
695,1856,4,2.0,0.9,0.08,22.4,0,0,Brandon,427000
696,3039,2,2.0,2.4,0.32,14.3,1,0,Riverview,652000
697,1553,3,2.0,15.6,0.26,14.7,0,1,Carrollwood,336000
698,1099,3,1.5,1.0,0.08,23.0,0,0,Riverview,261000
699,1364,2,2.0,10.5,0.2,23.1,1,1,Carrollwood,370000
700,2747,3,2.0,32.8,0.08,2.7,1,0,Brandon,564000
701,1851,3,2.0,2.0,0.21,19.6,1,0,Brandon,476000
702,1415,4,2.0,31.3,0.25,6.6,1,1,Riverview,365000
703,850,3,1.0,49.1,0.27,11.8,0,0,Carrollwood,178000
704,2432,3,3.0,1.0,0.08,16.8,0,0,Brandon,509000
705,1555,4,2.5,12.2,0.39,6.0,1,0,Carrollwood,446000
706,2253,3,2.0,40.6,0.24,11.5,1,0,Riverview,446000
707,2205,4,2.5,48.7,0.25,13.5,0,1,Carrollwood,500000
708,1933,3,1.5,22.7,0.32,14.4,0,0,South Tampa,462000
709,2079,2,2.5,18.9,0.08,23.4,0,1,Carrollwood,442000
710,1930,2,2.0,12.4,0.36,11.6,1,0,Carrollwood,500000
711,1891,3,2.0,70.0,0.14,21.2,0,0,Brandon,267000
712,1617,5,2.0,32.2,0.24,13.8,1,0,Carrollwood,444000
713,1570,2,1.0,19.1,0.16,3.3,0,0,Carrollwood,354000
714,2258,2,2.0,17.6,0.32,15.8,0,1,South Tampa,546000
715,2126,3,1.5,4.8,0.41,6.9,0,0,Riverview,476000
716,1836,3,2.5,2.3,0.52,10.9,1,1,Carrollwood,586000
717,2183,3,1.5,14.3,0.42,3.4,0,0,Brandon,476000
718,2942,4,2.0,7.5,0.09,9.3,1,0,Brandon,654000
719,1688,2,2.0,4.8,0.5,4.3,1,0,Brandon,441000
720,2373,3,3.0,24.9,0.22,15.5,0,0,Riverview,481000
721,1061,4,1.5,1.0,0.21,4.7,0,0,Riverview,342000
722,2625,3,1.0,5.5,0.38,7.1,1,1,Carrollwood,633000
723,2604,3,1.5,10.0,0.22,4.1,0,0,Carrollwood,590000
724,1183,2,2.0,2.3,0.23,14.7,0,0,South Tampa,325000
725,1639,2,2.0,2.4,0.35,13.1,0,0,Riverview,384000
726,1275,4,2.5,11.9,0.32,9.8,1,0,Brandon,424000
727,1858,2,1.5,14.1,0.22,23.2,1,0,Riverview,378000
728,2297,5,2.0,17.6,0.33,5.3,0,0,Riverview,519000
729,1638,3,2.0,10.2,0.2,21.1,0,0,Brandon,341000
730,1199,3,2.0,4.5,0.31,6.3,0,1,Brandon,370000
731,3343,2,2.0,49.0,0.25,4.5,0,0,Carrollwood,627000
732,1796,3,2.0,8.3,0.29,14.6,0,0,Brandon,352000
733,2461,3,2.0,2.1,0.15,12.4,0,1,South Tampa,661000
734,2113,5,1.0,27.0,0.08,15.8,1,1,Riverview,418000
735,2434,3,1.5,21.7,0.19,8.6,0,0,Brandon,506000
736,1596,4,1.5,0.1,0.32,13.2,1,1,Carrollwood,543000
737,1766,3,2.0,10.9,0.08,23.6,1,0,Brandon,417000
738,1695,3,2.0,3.2,0.08,18.8,0,0,South Tampa,448000
739,1449,3,1.5,31.3,0.15,3.9,1,1,Riverview,388000
740,1862,4,2.0,1.9,0.29,13.4,1,0,South Tampa,608000
741,2296,4,2.5,38.2,0.41,15.3,0,0,Carrollwood,484000
742,1747,3,3.0,34.7,0.24,4.6,0,1,South Tampa,478000
743,1085,5,2.0,6.5,0.29,3.4,0,1,Brandon,382000
744,1503,3,3.0,15.7,0.31,2.8,0,1,Brandon,415000
745,1412,3,2.0,54.4,0.23,10.7,1,1,Riverview,323000
746,2249,3,1.5,9.3,0.3,4.7,0,0,Brandon,564000
747,1648,3,2.5,8.8,0.08,23.7,0,0,Riverview,284000
748,1943,2,1.5,13.5,0.42,22.9,0,1,Riverview,375000
749,1376,4,2.0,13.8,0.49,3.6,0,1,Riverview,359000
750,1717,3,1.0,10.6,0.14,14.7,0,1,Brandon,356000
751,1903,5,2.0,1.3,0.31,15.1,0,0,Brandon,474000
752,2074,2,3.0,44.5,0.32,19.5,0,1,South Tampa,501000
753,1630,2,2.0,46.9,0.38,7.0,0,1,Carrollwood,330000
754,1725,4,2.0,20.9,0.25,23.5,1,1,Riverview,444000
755,1628,3,1.0,4.9,0.29,7.6,0,1,Brandon,414000
756,1903,3,1.5,15.1,0.28,3.4,0,0,Carrollwood,447000
757,1857,2,2.5,21.3,0.12,23.8,0,1,Brandon,381000
758,2416,3,2.0,67.6,0.2,21.0,1,1,Brandon,450000
759,1578,4,2.0,12.2,0.15,6.2,1,0,Riverview,355000
760,1807,2,2.0,3.9,0.29,5.3,0,0,South Tampa,506000
761,2040,3,2.0,1.4,0.08,6.3,0,0,Carrollwood,527000
762,2049,4,1.5,11.3,0.11,16.1,1,1,Brandon,503000
763,1722,2,2.0,0.8,0.08,7.1,0,0,Brandon,393000
764,2166,3,2.5,70.0,0.3,19.0,0,1,Brandon,347000
765,1454,3,2.5,24.5,0.3,16.4,0,1,Carrollwood,355000
766,2049,2,2.0,13.5,0.09,18.4,0,0,Riverview,406000
767,1416,3,1.5,14.4,0.08,4.4,0,1,Riverview,358000
768,1542,4,2.0,17.6,0.43,18.8,0,1,Riverview,343000
769,2443,3,1.5,7.2,0.13,11.2,1,0,South Tampa,562000
770,1647,5,2.0,17.5,0.08,8.7,0,0,Brandon,369000
771,1266,4,1.5,9.2,0.23,13.7,1,0,South Tampa,423000
772,1748,4,2.5,22.7,0.08,6.1,1,1,South Tampa,507000
773,1906,4,2.0,70.0,0.13,17.3,0,0,Brandon,321000
774,2537,4,2.0,70.0,0.18,6.1,0,0,Carrollwood,493000
775,2022,3,1.5,1.5,0.08,3.5,0,0,South Tampa,537000
776,2580,5,1.5,14.3,0.44,9.7,0,0,Carrollwood,635000
777,1337,3,2.5,28.6,0.35,24.3,1,0,Brandon,322000
778,1711,3,2.0,14.4,0.16,15.7,1,0,South Tampa,523000
779,979,3,1.5,14.3,0.22,3.4,0,0,Carrollwood,317000
780,2381,5,1.0,8.4,0.08,19.2,0,0,Brandon,542000
781,1975,4,2.0,2.6,0.1,14.5,0,0,Carrollwood,487000
782,2145,2,2.0,1.7,0.27,14.3,1,0,South Tampa,565000
783,1359,3,1.5,64.8,0.56,6.6,0,0,Riverview,276000
784,1822,3,2.5,13.9,0.18,5.4,0,0,South Tampa,500000
785,1993,3,2.5,56.4,0.14,9.0,1,0,Carrollwood,403000
786,1847,4,2.0,27.5,0.4,11.6,0,1,South Tampa,508000
787,1849,4,3.0,29.1,0.28,7.9,0,0,Brandon,467000
788,1340,4,2.0,32.5,0.4,19.0,0,1,Riverview,282000
789,1406,5,1.5,5.6,0.47,20.1,0,0,Carrollwood,426000
790,2230,2,1.0,4.0,0.34,21.3,0,0,Riverview,426000
791,1736,3,2.0,0.7,0.33,9.8,0,1,Brandon,498000
792,1749,2,1.0,23.0,0.12,4.4,0,0,Brandon,310000
793,1597,3,2.0,39.5,0.08,12.6,1,1,Brandon,349000
794,1717,4,2.0,3.4,0.27,2.6,1,1,Carrollwood,537000
795,1012,4,2.0,28.8,0.16,4.5,1,0,Carrollwood,329000
796,2167,3,3.0,70.0,0.28,23.1,1,0,Brandon,370000
797,935,3,1.5,3.6,0.22,3.1,1,1,Brandon,384000
798,2372,3,1.5,21.4,0.18,16.7,1,1,Carrollwood,484000
799,2197,4,2.5,9.2,0.38,22.7,1,1,South Tampa,594000
800,1804,2,1.0,13.4,0.15,8.4,0,0,South Tampa,462000
