customer_id,name,email,city,signup_date
2001,Ava Nguyen,ava.nguyen@example.com,Clearwater,04/07/2024
2002,Liam Garcia,,St. Petersburg,04/12/2024
2002,Liam Garcia,,St. Petersburg,04/12/2024
2003,Noah Smith,noah.smith@example.com,ST. PETERSBURG,02/25/2024
2004,Mia Patel,mia.patel@example.com,CLEARWATER,09/06/2024
2005,Ethan Johnson,ethan.johnson@example.com,sarasota,04/25/2024
2006,Zoe Lee,zoe.lee@example.com,Sarasota,08/09/2024
2007,Lucas Brown,lucas.brown@example.com,CLEARWATER,11/15/2024
2008,Emma Martinez,emma.martinez@example.com,Brandon,08/24/2024
2009,Olivia Davis,olivia.davis@example.com,Tampa,03/31/2024
2010,Mason Lopez,mason.lopez@example.com,Clearwater,11/17/2024
2011,  Sofia Wilson,sofia.wilson@example.com,tampa,04/06/2024
2011,  Sofia Wilson,sofia.wilson@example.com,tampa,04/06/2024
2012,Jack Clark,jack.clark@example.com,Tampa,02/22/2024
2013,  Isla Torres,isla.torres@example.com, Clearwater,08/02/2024
2014,Henry Walker,henry.walker@example.com,Clearwater,05/23/2024
2014,Henry Walker,henry.walker@example.com,Clearwater,05/23/2024
2015,Ruby Young,ruby.young@example.com,sarasota,04/18/2024
2016,Leo Allen,leo.allen@example.com,Tampa,04/20/2024
2016,Leo Allen,leo.allen@example.com,Tampa,04/20/2024
2017,Nora King,nora.king@example.com,Brandon,05/14/2024
2018,Owen Wright,,brandon,04/27/2024
2019,Ivy Scott,,brandon,05/16/2024
2020,Caleb Green,caleb.green@example.com,St. Petersburg,09/20/2024
2021,Maya Baker,maya.baker@example.com,Tampa,07/16/2024
2022,Eli Adams,eli.adams@example.com,Tampa,10/15/2024
2023,Lily Rivera,,Tampa,01/14/2024
2024,Ryan Campbell,ryan.campbell@example.com, Sarasota,08/10/2024
2025,  Chloe Mitchell,chloe.mitchell@example.com, Sarasota,09/04/2024
2026,Adam Carter,adam.carter@example.com,tampa,10/01/2024
2027,Grace Phillips,grace.phillips@example.com,St. Petersburg,05/11/2024
2028,Dylan Evans,,Clearwater,04/15/2024
2029,Hannah Turner,hannah.turner@example.com,brandon,05/11/2024
2030,Cole Parker,cole.parker@example.com,Sarasota,06/19/2024
2031,Paige Cruz,paige.cruz@example.com,St. Petersburg,07/12/2024
2032,Sean Reyes,sean.reyes@example.com,Sarasota,07/03/2024
2032,Sean Reyes,sean.reyes@example.com,Sarasota,07/03/2024
2033,Tessa Morris,,Sarasota,02/10/2024
2034,Blake Rogers,blake.rogers@example.com,Sarasota,04/01/2024
2035,Erin Cook,erin.cook@example.com, Brandon,11/25/2024
2036,Reed Bell,reed.bell@example.com,Clearwater,04/09/2024
