txn_id,txn_date,store_id,member_id,items,amount
500001,07/01/2024,2,1417.0,7,$63.53
500002,07/01/2024,1,1441.0,5,$39.80
500003,07/01/2024,1,1497.0,8,$52.23
500004,07/01/2024,11,1324.0,7,$59.04
500005,07/01/2024,3,,1,$31.75
500006,07/01/2024,4,1087.0,6,$56.07
500007,07/01/2024,11,1053.0,5,$52.92
500008,07/01/2024,5,1015.0,6,$45.68
500009,07/01/2024,7,1067.0,5,$20.32
500010,07/01/2024,7,1102.0,5,$31.87
500011,07/01/2024,2,1398.0,5,$42.69
500012,07/01/2024,2,1162.0,5,$44.35
500013,07/01/2024,4,1061.0,6,$63.68
500014,07/01/2024,5,1148.0,1,$26.18
500015,07/01/2024,5,1204.0,1,$15.65
500016,07/01/2024,9,1111.0,7,$49.45
500017,07/01/2024,9,1246.0,6,$31.13
500018,07/02/2024,11,1443.0,2,$30.31
500019,07/02/2024,8,1381.0,11,$100.15
500020,07/02/2024,11,1495.0,10,$80.11
500021,07/02/2024,5,,5,$28.92
500022,07/02/2024,4,,3,$52.43
500023,07/02/2024,12,1272.0,6,$46.77
500024,07/02/2024,1,,6,$44.76
500025,07/02/2024,4,1353.0,7,$33.65
500026,07/02/2024,12,1417.0,7,$49.35
500027,07/02/2024,1,1053.0,2,$33.01
500028,07/02/2024,8,1478.0,4,$27.12
500029,07/02/2024,11,1488.0,7,$29.75
500030,07/02/2024,10,1262.0,5,$45.13
500031,07/02/2024,6,1341.0,6,$29.20
500032,07/02/2024,2,,4,$22.93
500033,07/02/2024,1,1435.0,2,$16.32
500034,07/02/2024,5,,4,$30.35
500035,07/02/2024,11,,2,$18.71
500036,07/02/2024,11,1482.0,2,$17.82
500037,07/02/2024,6,1276.0,7,$47.75
500038,07/02/2024,7,1144.0,4,$33.12
500039,07/02/2024,1,1304.0,14,$103.63
500040,07/03/2024,7,,3,$9.78
500041,07/03/2024,5,1275.0,7,$35.36
500042,07/03/2024,5,1064.0,6,$40.18
500043,07/03/2024,4,1181.0,10,$63.30
500044,07/03/2024,1,,7,$53.97
500045,07/03/2024,5,1431.0,4,$23.43
500046,07/03/2024,12,1312.0,4,$33.98
500047,07/03/2024,3,1269.0,8,$79.91
500048,07/03/2024,2,1192.0,3,$20.51
500049,07/03/2024,11,1145.0,4,$14.90
500050,07/03/2024,7,1199.0,1,$26.53
500051,07/03/2024,7,1224.0,3,$30.03
500052,07/03/2024,12,1258.0,6,$52.73
500053,07/03/2024,9,1327.0,9,$46.75
500054,07/03/2024,12,1294.0,5,$40.04
500055,07/03/2024,2,1217.0,7,$38.62
500056,07/03/2024,1,1088.0,6,$29.72
500057,07/03/2024,6,1022.0,1,$22.06
500058,07/03/2024,9,,4,$17.64
500059,07/03/2024,5,1070.0,9,$70.59
500060,07/03/2024,3,1360.0,5,$22.09
500061,07/04/2024,12,1135.0,7,$50.91
500062,07/04/2024,8,1172.0,9,$60.70
500063,07/04/2024,3,1423.0,10,$76.88
500064,07/04/2024,5,,8,$77.35
500065,07/04/2024,5,1105.0,5,$46.02
500066,07/04/2024,4,,2,$14.59
500067,07/04/2024,9,1139.0,5,$24.89
500068,07/04/2024,3,,3,$34.03
500069,07/04/2024,2,1041.0,8,$59.00
500070,07/04/2024,5,1320.0,3,$42.88
500071,07/04/2024,12,1271.0,4,$44.37
500072,07/04/2024,12,1032.0,1,$30.82
500073,07/04/2024,3,1362.0,3,$25.55
500074,07/04/2024,3,,3,$22.10
500075,07/04/2024,11,,7,$41.08
500076,07/04/2024,8,1468.0,11,$87.18
500077,07/05/2024,6,1470.0,4,$17.24
500078,07/05/2024,3,,2,$23.47
500079,07/05/2024,4,1335.0,3,$24.96
500080,07/05/2024,4,1137.0,1,$31.01
500081,07/05/2024,11,1354.0,2,$22.17
500082,07/05/2024,8,1421.0,5,$30.69
500083,07/05/2024,5,1024.0,11,$64.22
500084,07/05/2024,11,1497.0,5,$48.52
500085,07/05/2024,1,1127.0,3,$47.25
500086,07/05/2024,10,1360.0,6,$63.31
500087,07/05/2024,8,,4,$44.71
500088,07/05/2024,8,1251.0,17,$136.30
500089,07/05/2024,10,1101.0,5,$29.45
500090,07/05/2024,9,1066.0,4,$22.78
500091,07/05/2024,12,1215.0,3,$33.67
500092,07/05/2024,3,1495.0,4,$43.77
500093,07/05/2024,12,,4,$23.36
500094,07/05/2024,8,1297.0,7,$45.26
500095,07/05/2024,9,1421.0,5,$43.94
500096,07/05/2024,3,1140.0,6,$47.38
500097,07/05/2024,10,1384.0,6,$50.79
500098,07/05/2024,8,1041.0,5,$25.83
500099,07/05/2024,4,1198.0,11,$76.33
500100,07/05/2024,7,,3,$20.29
500101,07/05/2024,12,1305.0,13,$100.94
500102,07/05/2024,9,1397.0,4,$24.61
500103,07/05/2024,11,1438.0,3,$19.19
500104,07/05/2024,3,,4,$32.31
500104,07/05/2024,3,,4,$32.31
500105,07/06/2024,1,,1,$16.20
500106,07/06/2024,11,1199.0,8,$62.71
500107,07/06/2024,8,1405.0,5,$23.46
500108,07/06/2024,6,1486.0,2,$29.84
500109,07/06/2024,3,1120.0,6,$49.08
500110,07/06/2024,7,1376.0,3,$35.27
500111,07/06/2024,2,1210.0,6,$50.87
500112,07/06/2024,4,1149.0,15,$109.13
500113,07/06/2024,7,1106.0,7,$50.90
500114,07/06/2024,2,1404.0,5,$32.34
500115,07/06/2024,5,1067.0,7,$59.77
500116,07/06/2024,3,1003.0,6,$40.49
500117,07/06/2024,7,1494.0,22,$170.20
500118,07/06/2024,12,,4,$42.04
500119,07/06/2024,8,1495.0,11,$104.16
500120,07/06/2024,11,1222.0,3,$29.09
500121,07/06/2024,3,1022.0,6,$34.64
500122,07/06/2024,7,1090.0,7,$32.77
500123,07/06/2024,5,1351.0,3,$14.56
500124,07/06/2024,10,1348.0,5,$38.48
500125,07/06/2024,5,1113.0,5,$32.88
500126,07/06/2024,4,,3,$21.33
500127,07/06/2024,8,1293.0,4,$45.98
500128,07/06/2024,3,,7,$44.81
500129,07/07/2024,8,1056.0,8,$61.73
500130,07/07/2024,3,1443.0,9,$48.99
500131,07/07/2024,1,,1,$17.79
500132,07/07/2024,6,,3,$8.55
500133,07/07/2024,3,,2,$35.18
500134,07/07/2024,8,1063.0,11,$85.32
500135,07/07/2024,9,1390.0,5,$28.00
500136,07/07/2024,8,1292.0,10,$81.39
500137,07/07/2024,3,,4,$11.60
500138,07/07/2024,7,1495.0,9,$62.97
500139,07/07/2024,12,1377.0,5,$31.08
500140,07/07/2024,9,1395.0,4,$32.03
500141,07/07/2024,1,1180.0,1,$27.28
500142,07/07/2024,2,,2,$26.76
500143,07/07/2024,11,1181.0,6,$49.71
500144,07/07/2024,2,1473.0,6,$33.99
500145,07/07/2024,6,1186.0,3,$39.16
500146,07/07/2024,8,1384.0,8,$41.31
500147,07/07/2024,10,1068.0,10,$80.62
500148,07/07/2024,7,,5,$37.76
500149,07/07/2024,4,,2,$39.62
500150,07/07/2024,8,1093.0,16,$82.01
500151,07/07/2024,5,1348.0,1,$13.21
500152,07/07/2024,11,,3,$37.76
500153,07/08/2024,2,1376.0,6,$44.53
500154,07/08/2024,7,1119.0,6,$46.70
500155,07/08/2024,12,1226.0,2,$19.96
500156,07/08/2024,12,1374.0,7,$75.30
500157,07/08/2024,2,1493.0,5,$40.97
500158,07/08/2024,12,1022.0,8,$54.45
500159,07/08/2024,11,1298.0,6,$58.61
500159,07/08/2024,11,1298.0,6,$58.61
500160,07/08/2024,2,1488.0,1,$27.15
500161,07/08/2024,9,1323.0,8,$65.03
500162,07/08/2024,7,1246.0,8,$55.44
500163,07/08/2024,3,,1,$20.04
500164,07/08/2024,11,1156.0,6,$27.01
500165,07/08/2024,3,1209.0,10,$80.29
500166,07/08/2024,12,,1,$13.09
500167,07/08/2024,11,1158.0,4,$49.58
500168,07/08/2024,3,,4,$41.99
500169,07/08/2024,4,1481.0,4,$24.97
500170,07/08/2024,1,,6,$41.84
500171,07/08/2024,2,1039.0,4,$22.04
500172,07/08/2024,99,,1,$6.98
500173,07/08/2024,99,,3,$16.56
500174,07/09/2024,6,1063.0,1,$20.68
500175,07/09/2024,9,1210.0,7,$55.93
500176,07/09/2024,8,1408.0,4,$26.29
500177,07/09/2024,3,1091.0,4,$29.92
500178,07/09/2024,3,1393.0,4,$28.61
500179,07/09/2024,5,1039.0,5,$23.61
500180,07/09/2024,8,1227.0,3,$22.17
500181,07/09/2024,12,1106.0,15,$91.77
500182,07/09/2024,7,1363.0,4,$33.32
500183,07/09/2024,10,1051.0,9,$77.50
500184,07/09/2024,11,,5,$40.13
500185,07/09/2024,1,1470.0,20,$153.99
500186,07/09/2024,1,1060.0,3,$29.17
500187,07/09/2024,1,1172.0,8,$78.51
500188,07/09/2024,10,,4,$29.71
500189,07/09/2024,1,1385.0,4,$33.12
500190,07/09/2024,9,1053.0,5,$37.44
500191,07/09/2024,12,1006.0,4,$35.88
500192,07/09/2024,99,,4,$26.79
500193,07/09/2024,99,,3,$19.13
500194,07/09/2024,99,,1,$5.40
500195,07/10/2024,5,,1,$34.09
500196,07/10/2024,1,1034.0,7,$42.27
500197,07/10/2024,11,1471.0,5,$30.49
500198,07/10/2024,7,1260.0,2,$34.25
500199,07/10/2024,8,1319.0,6,$51.74
500200,07/10/2024,3,1059.0,1,$18.90
500201,07/10/2024,9,1259.0,3,$40.22
500202,07/10/2024,11,1468.0,2,$16.60
500203,07/10/2024,5,1435.0,3,$41.60
500204,07/10/2024,12,,5,$32.13
500205,07/10/2024,7,1040.0,3,$23.15
500206,07/10/2024,6,1166.0,3,$25.86
500207,07/10/2024,7,1201.0,5,$42.85
500208,07/10/2024,1,1152.0,1,$15.40
500209,07/10/2024,1,1390.0,4,$53.49
500209,07/10/2024,1,1390.0,4,$53.49
500210,07/10/2024,1,1344.0,6,$41.97
500211,07/10/2024,3,1147.0,7,$41.76
500212,07/10/2024,5,1153.0,10,$53.07
500212,07/10/2024,5,1153.0,10,$53.07
500213,07/10/2024,8,1056.0,7,$40.02
500214,07/10/2024,11,,5,$51.22
500215,07/10/2024,4,,7,$55.34
500216,07/10/2024,6,1076.0,1,$16.81
500217,07/10/2024,8,1266.0,4,$36.02
500218,07/10/2024,9,,3,$25.93
500219,07/10/2024,99,,2,$14.84
500220,07/10/2024,99,,4,$26.00
500221,07/10/2024,99,,4,$26.34
500222,07/11/2024,9,1077.0,3,$35.99
500223,07/11/2024,4,1119.0,7,$79.91
500224,07/11/2024,6,1087.0,5,$35.90
500225,07/11/2024,9,1268.0,8,$47.77
500226,07/11/2024,7,1037.0,2,$41.76
500227,07/11/2024,6,1322.0,2,$11.52
500228,07/11/2024,10,1030.0,5,$39.52
500229,07/11/2024,1,1327.0,10,$64.02
500230,07/11/2024,5,1272.0,4,$43.77
500231,07/11/2024,5,,3,$24.13
500232,07/11/2024,6,1014.0,16,$128.58
500233,07/11/2024,10,1079.0,8,$54.17
500234,07/11/2024,12,1466.0,10,$60.00
500235,07/11/2024,2,1174.0,5,$25.57
500236,07/11/2024,12,1211.0,3,$31.29
500237,07/11/2024,11,1381.0,13,$100.92
500238,07/11/2024,5,,3,$26.26
500239,07/11/2024,99,,1,$8.55
500240,07/11/2024,99,,1,$4.66
500241,07/12/2024,8,,7,$56.50
500242,07/12/2024,6,1305.0,11,$70.94
500243,07/12/2024,4,1049.0,5,$41.43
500244,07/12/2024,3,,3,$25.96
500245,07/12/2024,9,1288.0,5,$48.72
500246,07/12/2024,1,1065.0,12,$80.27
500247,07/12/2024,5,1015.0,7,$44.87
500248,07/12/2024,6,1259.0,9,$61.73
500249,07/12/2024,8,1226.0,4,$30.28
500250,07/12/2024,3,1432.0,9,$58.15
500251,07/12/2024,8,,3,$24.15
500252,07/12/2024,5,1425.0,2,$16.87
500253,07/12/2024,6,1221.0,5,$42.55
500254,07/12/2024,12,1284.0,11,$96.12
500255,07/12/2024,8,1495.0,8,$43.81
500256,07/12/2024,10,1188.0,12,$90.16
500257,07/12/2024,7,1004.0,7,$53.46
500258,07/12/2024,8,1371.0,6,$84.90
500259,07/12/2024,99,,4,$22.26
500260,07/12/2024,99,,1,$6.55
500261,07/13/2024,1,1290.0,10,$70.85
500262,07/13/2024,8,1303.0,10,$75.26
500263,07/13/2024,2,,1,$20.17
500264,07/13/2024,1,1354.0,6,$38.46
500265,07/13/2024,6,1316.0,5,$30.64
500266,07/13/2024,7,1251.0,8,$53.38
500267,07/13/2024,8,1370.0,2,$31.97
500268,07/13/2024,3,,3,$41.19
500269,07/13/2024,12,1285.0,5,$26.23
500270,07/13/2024,8,1363.0,10,$76.78
500271,07/13/2024,1,,5,$25.62
500272,07/13/2024,3,1048.0,1,$14.57
500273,07/13/2024,9,1477.0,3,$29.28
500274,07/13/2024,5,1058.0,2,$31.56
500275,07/13/2024,9,1094.0,4,$22.74
500276,07/13/2024,9,1178.0,2,$27.39
500277,07/13/2024,2,1468.0,4,$46.08
500278,07/13/2024,7,1209.0,4,$51.19
500279,07/13/2024,11,1099.0,6,$71.31
500280,07/13/2024,11,1278.0,8,$60.07
500281,07/13/2024,5,1170.0,11,$85.89
500282,07/13/2024,2,1233.0,9,$74.84
500283,07/13/2024,4,1182.0,6,$57.11
500284,07/13/2024,10,1119.0,5,$32.52
500285,07/13/2024,7,1479.0,4,$27.88
500286,07/14/2024,3,,3,$24.37
500287,07/14/2024,10,1242.0,9,$68.22
500288,07/14/2024,2,,4,$43.33
500289,07/14/2024,11,1292.0,6,$32.94
500290,07/14/2024,7,1083.0,5,$31.78
500291,07/14/2024,6,1273.0,7,$32.78
500292,07/14/2024,1,1493.0,6,$50.43
500293,07/14/2024,3,1383.0,6,$24.35
500294,07/14/2024,5,1004.0,5,$45.32
500295,07/14/2024,5,1031.0,2,$17.16
500296,07/14/2024,2,1335.0,2,$14.62
500297,07/14/2024,8,1460.0,4,$35.30
500298,07/14/2024,11,,2,$22.58
500299,07/14/2024,4,1177.0,6,$36.28
500300,07/14/2024,2,,6,$46.65
500301,07/14/2024,5,1323.0,4,$30.80
500302,07/14/2024,4,1494.0,3,$34.31
500303,07/14/2024,6,1439.0,5,$43.01
500304,07/14/2024,5,,4,$18.97
500305,07/14/2024,10,1210.0,2,$37.11
500306,07/14/2024,11,1182.0,4,$40.69
500307,07/14/2024,12,,5,$25.46
500308,07/14/2024,12,1032.0,12,$84.46
500309,07/14/2024,12,1251.0,2,$18.47
500310,07/14/2024,5,1295.0,7,$51.52
500311,07/15/2024,9,1376.0,4,$21.11
500312,07/15/2024,7,1262.0,5,$43.92
500313,07/15/2024,1,,7,$60.79
500314,07/15/2024,12,1251.0,7,$50.15
500315,07/15/2024,10,1261.0,1,$15.42
500316,07/15/2024,12,1239.0,7,$57.68
500317,07/15/2024,12,1345.0,9,$87.08
500318,07/15/2024,1,1140.0,15,$112.27
500319,07/15/2024,4,,10,$78.98
500320,07/15/2024,12,1308.0,3,$15.68
500321,07/15/2024,9,,9,$53.31
500321,07/15/2024,9,,9,$53.31
500322,07/15/2024,5,1227.0,3,$22.17
500323,07/15/2024,3,1051.0,4,$19.85
500324,07/16/2024,1,1223.0,6,$31.31
500325,07/16/2024,11,1181.0,4,$25.55
500326,07/16/2024,11,1213.0,1,$31.95
500327,07/16/2024,1,1346.0,1,$21.60
500328,07/16/2024,9,1098.0,1,$35.67
500329,07/16/2024,10,1141.0,3,$47.93
500330,07/16/2024,6,1257.0,6,$47.33
500331,07/16/2024,6,,10,$62.14
500332,07/16/2024,2,1290.0,1,$25.89
500333,07/16/2024,10,1058.0,7,$55.76
500334,07/16/2024,2,1149.0,8,$69.38
500335,07/16/2024,7,1144.0,12,$90.16
500336,07/16/2024,10,1328.0,6,$28.45
500337,07/16/2024,1,1272.0,7,$47.94
500338,07/16/2024,4,1466.0,3,$29.72
500339,07/16/2024,4,,5,$25.08
500340,07/16/2024,7,1252.0,2,$14.46
500341,07/16/2024,8,1325.0,4,$38.62
500342,07/16/2024,12,1328.0,2,$24.67
500343,07/17/2024,8,1389.0,4,$30.19
500344,07/17/2024,10,1309.0,2,$35.19
500345,07/17/2024,10,,4,$24.60
500346,07/17/2024,10,1029.0,4,$23.96
500347,07/17/2024,8,1455.0,10,$75.77
500348,07/17/2024,5,1022.0,5,$63.85
500349,07/17/2024,2,1454.0,6,$39.70
500350,07/17/2024,8,1164.0,3,$36.88
500351,07/17/2024,2,1319.0,11,$76.38
500352,07/17/2024,7,1479.0,11,$92.88
500353,07/17/2024,1,1107.0,3,$21.21
500354,07/17/2024,5,1058.0,7,$45.28
500355,07/17/2024,2,1163.0,2,$24.89
500356,07/17/2024,5,1080.0,5,$31.19
500357,07/17/2024,11,1264.0,6,$47.64
500358,07/17/2024,6,1285.0,7,$42.32
500359,07/17/2024,3,1371.0,11,$121.67
500360,07/17/2024,6,1435.0,11,$67.91
500361,07/17/2024,1,1098.0,2,$28.82
500362,07/17/2024,2,1459.0,1,$18.07
500363,07/17/2024,9,1113.0,6,$44.76
500364,07/17/2024,1,1060.0,8,$48.44
500365,07/17/2024,7,1385.0,1,$26.68
500366,07/17/2024,11,,5,$33.70
500367,07/18/2024,11,,6,$35.82
500368,07/18/2024,5,1456.0,5,$50.12
500369,07/18/2024,10,,14,$106.68
500370,07/18/2024,4,1487.0,11,$89.92
500371,07/18/2024,10,1356.0,6,$52.54
500372,07/18/2024,8,1385.0,5,$31.17
500373,07/18/2024,5,1212.0,4,$40.54
500374,07/18/2024,11,1086.0,3,$28.56
500375,07/18/2024,4,,3,$32.83
500376,07/18/2024,6,1456.0,7,$44.19
500377,07/18/2024,8,,1,$29.34
500378,07/18/2024,8,1492.0,2,$17.49
500379,07/18/2024,8,1468.0,5,$26.38
500380,07/18/2024,4,,1,$9.45
500381,07/18/2024,11,1095.0,8,$50.91
500382,07/18/2024,4,1040.0,11,$58.50
500383,07/19/2024,7,1468.0,3,$27.39
500384,07/19/2024,4,1206.0,21,$143.10
500385,07/19/2024,11,1268.0,4,$43.45
500386,07/19/2024,4,1215.0,1,$15.95
500387,07/19/2024,1,1444.0,7,$48.97
500388,07/19/2024,7,,8,$40.93
500389,07/19/2024,10,1153.0,4,$23.15
500390,07/19/2024,1,,3,$23.26
500391,07/19/2024,10,,9,$72.92
500392,07/19/2024,3,1057.0,7,$29.96
500393,07/19/2024,7,1157.0,7,$57.47
500394,07/19/2024,8,,1,$16.08
500395,07/19/2024,1,,4,$30.75
500396,07/19/2024,1,1169.0,5,$35.23
500397,07/19/2024,9,1186.0,9,$70.87
500398,07/19/2024,11,1470.0,16,$116.40
500399,07/19/2024,10,1385.0,2,$20.51
500400,07/19/2024,8,1370.0,1,$15.46
500401,07/19/2024,1,1043.0,5,$39.03
500402,07/19/2024,12,1360.0,9,$78.62
500403,07/19/2024,9,1119.0,8,$53.56
500404,07/19/2024,7,1311.0,10,$70.97
500405,07/19/2024,2,1355.0,7,$53.30
500406,07/19/2024,4,1086.0,8,$62.31
500407,07/19/2024,6,1381.0,12,$107.58
500408,07/19/2024,1,1434.0,1,$11.05
500409,07/20/2024,1,1218.0,3,$31.22
500410,07/20/2024,3,1453.0,18,$121.23
500411,07/20/2024,11,1254.0,3,$34.91
500412,07/20/2024,3,1377.0,4,$26.00
500413,07/20/2024,5,1264.0,5,$37.36
500414,07/20/2024,6,1414.0,1,$11.97
500415,07/20/2024,6,1360.0,5,$55.84
500416,07/20/2024,12,1414.0,2,$19.09
500417,07/20/2024,1,1351.0,5,$34.36
500418,07/20/2024,12,,2,$17.22
500419,07/20/2024,12,1025.0,5,$32.83
500420,07/20/2024,8,1038.0,1,$14.38
500421,07/20/2024,7,,1,$30.90
500422,07/20/2024,6,1265.0,12,$104.50
500423,07/20/2024,5,1225.0,9,$68.60
500424,07/20/2024,2,1359.0,5,$43.69
500425,07/20/2024,12,,13,$79.23
500426,07/20/2024,5,1206.0,7,$40.54
500427,07/20/2024,4,1294.0,2,$23.02
500428,07/20/2024,6,1022.0,10,$66.30
500429,07/20/2024,1,1059.0,4,$31.89
500430,07/20/2024,12,1174.0,8,$52.82
500431,07/20/2024,8,1421.0,2,$18.67
500432,07/20/2024,9,1169.0,10,$72.39
500433,07/20/2024,7,1367.0,8,$51.87
500434,07/20/2024,7,1062.0,9,$60.90
500435,07/20/2024,5,1499.0,7,$52.63
500436,07/21/2024,8,1026.0,4,$28.36
500437,07/21/2024,5,1173.0,4,$8.57
500438,07/21/2024,5,1211.0,4,$34.14
500439,07/21/2024,3,1216.0,7,$47.99
500440,07/21/2024,7,1455.0,5,$33.95
500441,07/21/2024,2,1118.0,3,$40.94
500442,07/21/2024,5,1181.0,7,$40.38
500443,07/21/2024,11,1444.0,6,$19.58
500444,07/21/2024,9,1393.0,3,$22.20
500445,07/21/2024,7,1493.0,12,$102.75
500446,07/21/2024,12,1131.0,1,$17.32
500447,07/21/2024,12,1093.0,8,$62.68
500448,07/21/2024,8,,6,$27.31
500449,07/21/2024,1,1100.0,8,$60.79
500450,07/21/2024,3,1367.0,2,$44.17
500451,07/21/2024,7,,4,$40.83
500452,07/21/2024,3,1037.0,2,$21.33
500453,07/21/2024,5,1283.0,5,$14.96
500454,07/21/2024,12,1340.0,13,$92.84
500455,07/21/2024,11,1336.0,7,$48.45
500456,07/21/2024,3,1101.0,3,$18.71
500457,07/21/2024,1,1470.0,7,$64.47
500458,07/21/2024,2,1434.0,4,$31.85
500458,07/21/2024,2,1434.0,4,$31.85
500459,07/22/2024,11,1137.0,2,$26.49
500460,07/22/2024,11,1208.0,4,$35.92
500461,07/22/2024,2,1371.0,10,$75.43
500462,07/22/2024,12,,3,$24.74
500463,07/22/2024,8,1305.0,9,$58.25
500464,07/22/2024,7,1068.0,9,$75.78
500465,07/22/2024,7,1460.0,5,$37.23
500466,07/22/2024,6,1379.0,6,$43.57
500467,07/22/2024,2,,3,$25.56
500467,07/22/2024,2,,3,$25.56
500468,07/22/2024,3,1042.0,6,$45.69
500469,07/22/2024,7,1296.0,4,$39.44
500470,07/22/2024,5,1324.0,2,$18.25
500471,07/22/2024,7,1116.0,7,$41.64
500472,07/22/2024,7,1141.0,4,$42.87
500473,07/22/2024,6,1227.0,2,$43.78
500474,07/22/2024,9,1371.0,5,$63.42
500475,07/23/2024,8,1397.0,3,$31.70
500476,07/23/2024,1,1105.0,6,$28.19
500477,07/23/2024,12,1277.0,3,$42.34
500478,07/23/2024,10,1489.0,1,$28.28
500478,07/23/2024,10,1489.0,1,$28.28
500479,07/23/2024,11,1301.0,5,$45.94
500480,07/23/2024,9,1097.0,2,$24.85
500481,07/23/2024,1,1332.0,4,$50.88
500482,07/23/2024,5,1078.0,1,$14.61
500483,07/23/2024,9,,5,$33.12
500484,07/23/2024,11,1170.0,6,$60.25
500485,07/23/2024,11,1435.0,5,$60.29
500486,07/23/2024,5,,7,$58.24
500487,07/23/2024,2,1119.0,6,$41.13
500488,07/23/2024,1,1366.0,9,$62.41
500489,07/24/2024,9,1459.0,6,$52.06
500490,07/24/2024,3,1478.0,9,$71.44
500491,07/24/2024,3,,6,$44.93
500492,07/24/2024,1,,4,$33.17
500493,07/24/2024,12,,3,$44.91
500494,07/24/2024,1,1159.0,2,$13.82
500495,07/24/2024,8,1460.0,3,$39.27
500496,07/24/2024,7,1462.0,1,$23.89
500497,07/24/2024,7,1069.0,5,$39.76
500498,07/24/2024,3,1255.0,5,$38.68
500499,07/24/2024,12,1186.0,7,$38.91
500500,07/24/2024,12,1479.0,6,$26.17
500501,07/24/2024,2,1175.0,1,$26.86
500502,07/24/2024,4,1145.0,8,$51.40
500503,07/24/2024,6,1186.0,11,$75.37
500504,07/24/2024,7,1016.0,5,$28.74
500505,07/24/2024,3,1058.0,5,$31.95
500506,07/24/2024,2,1158.0,5,$30.12
500506,07/24/2024,2,1158.0,5,$30.12
500507,07/24/2024,8,1408.0,2,$27.48
500508,07/25/2024,5,1164.0,7,$53.44
500509,07/25/2024,3,1106.0,1,$17.21
500510,07/25/2024,11,1101.0,6,$58.14
500511,07/25/2024,9,1072.0,3,$14.64
500512,07/25/2024,1,1327.0,7,$29.19
500513,07/25/2024,5,1342.0,5,$47.17
500514,07/25/2024,4,1170.0,18,$147.31
500515,07/25/2024,7,,1,$18.12
500516,07/25/2024,8,1194.0,2,$24.62
500517,07/25/2024,5,1090.0,3,$26.57
500518,07/25/2024,2,1314.0,1,$22.34
500519,07/25/2024,1,1181.0,6,$43.10
500520,07/25/2024,9,1186.0,12,$94.87
500521,07/25/2024,2,,1,$23.51
500522,07/25/2024,7,1102.0,2,$21.94
500523,07/25/2024,6,1019.0,5,$24.51
500524,07/25/2024,11,,2,$27.67
500525,07/25/2024,5,1400.0,4,$34.51
500526,07/25/2024,4,1347.0,5,$26.40
500527,07/25/2024,7,1119.0,8,$58.18
500528,07/25/2024,2,1275.0,5,$38.80
500529,07/25/2024,3,1092.0,4,$43.20
500530,07/25/2024,7,1360.0,4,$32.36
500531,07/25/2024,1,1453.0,12,$96.19
500532,07/26/2024,7,1373.0,4,$26.98
500533,07/26/2024,12,,5,$38.34
500534,07/26/2024,10,1447.0,7,$34.17
500535,07/26/2024,11,1284.0,2,$23.06
500536,07/26/2024,5,,2,$14.34
500537,07/26/2024,12,1469.0,8,$46.13
500537,07/26/2024,12,1469.0,8,$46.13
500538,07/26/2024,12,1029.0,13,$106.94
500539,07/26/2024,6,1232.0,7,$41.87
500540,07/26/2024,12,1287.0,4,$50.28
500541,07/26/2024,8,1086.0,11,$88.11
500542,07/26/2024,8,1410.0,8,$50.90
500543,07/26/2024,4,,5,$43.30
500544,07/26/2024,7,1454.0,6,$45.97
500545,07/26/2024,1,1127.0,11,$87.60
500546,07/26/2024,8,1409.0,7,$50.40
500547,07/26/2024,12,1199.0,11,$83.91
500548,07/26/2024,9,1258.0,6,$18.72
500549,07/26/2024,1,1438.0,3,$35.67
500550,07/26/2024,4,1045.0,7,$45.16
500551,07/26/2024,9,1458.0,3,$36.32
500552,07/27/2024,12,1466.0,4,$32.90
500553,07/27/2024,12,1213.0,2,$16.20
500554,07/27/2024,5,1496.0,8,$45.62
500555,07/27/2024,11,1332.0,8,$72.11
500556,07/27/2024,11,,4,$23.44
500557,07/27/2024,7,1475.0,18,$159.18
500558,07/27/2024,2,1319.0,6,$42.22
500559,07/27/2024,4,1121.0,4,$36.29
500560,07/27/2024,4,1205.0,1,$15.72
500561,07/27/2024,7,,2,$20.69
500562,07/27/2024,6,1049.0,3,$27.47
500563,07/27/2024,12,1371.0,4,$27.95
500564,07/27/2024,7,1252.0,8,$66.80
500565,07/27/2024,11,1218.0,5,$40.30
500566,07/27/2024,3,1145.0,4,$43.47
500567,07/27/2024,2,1023.0,6,$48.65
500568,07/27/2024,7,1420.0,3,$25.92
500569,07/27/2024,9,1409.0,9,$76.78
500570,07/27/2024,1,1144.0,4,$26.11
500571,07/27/2024,9,1204.0,5,$47.17
500572,07/27/2024,11,1184.0,10,$84.32
500573,07/27/2024,2,1337.0,5,$34.16
500574,07/27/2024,11,1084.0,6,$28.45
500575,07/27/2024,10,1204.0,9,$59.07
500576,07/27/2024,12,1228.0,5,$41.25
500577,07/27/2024,5,1259.0,8,$54.93
500578,07/27/2024,3,1132.0,6,$30.21
500579,07/27/2024,5,1092.0,12,$85.34
500580,07/27/2024,6,1214.0,4,$59.26
500581,07/27/2024,8,,5,$34.63
500582,07/28/2024,2,1042.0,3,$38.46
500583,07/28/2024,5,1377.0,7,$42.80
500584,07/28/2024,5,1259.0,9,$70.15
500585,07/28/2024,11,1477.0,7,$57.96
500586,07/28/2024,1,1372.0,6,$30.49
500587,07/28/2024,5,1140.0,3,$31.74
500588,07/28/2024,9,,3,$28.99
500589,07/28/2024,1,1080.0,4,$40.31
500590,07/28/2024,6,1380.0,8,$73.94
500591,07/28/2024,1,1280.0,3,$31.05
500592,07/28/2024,8,,5,$49.10
500593,07/28/2024,2,1406.0,5,$46.43
500594,07/28/2024,1,1030.0,5,$54.18
500595,07/28/2024,1,1238.0,8,$44.70
500596,07/28/2024,2,1114.0,4,$35.55
500597,07/28/2024,12,1255.0,1,$19.80
500598,07/28/2024,7,1049.0,7,$53.93
500599,07/28/2024,5,1361.0,11,$81.55
500600,07/28/2024,10,1004.0,4,$46.51
500601,07/28/2024,7,1428.0,6,$35.63
500601,07/28/2024,7,1428.0,6,$35.63
500602,07/28/2024,5,,6,$34.63
500603,07/28/2024,7,1443.0,2,$32.37
500604,07/29/2024,8,1476.0,1,$14.41
500605,07/29/2024,5,1283.0,6,$45.81
500606,07/29/2024,6,,3,$26.45
500607,07/29/2024,7,,3,$39.94
500608,07/29/2024,12,1125.0,4,$29.84
500609,07/29/2024,5,1371.0,4,$43.10
500610,07/29/2024,4,,5,$37.71
500611,07/29/2024,8,1460.0,4,$34.56
500611,07/29/2024,8,1460.0,4,$34.56
500612,07/29/2024,2,1188.0,3,$29.07
500613,07/29/2024,4,,8,$70.14
500614,07/30/2024,12,1221.0,2,$22.35
500615,07/30/2024,5,1087.0,3,$28.14
500616,07/30/2024,10,1058.0,5,$38.11
500617,07/30/2024,2,1213.0,5,$35.20
500618,07/30/2024,2,1250.0,6,$47.95
500619,07/30/2024,7,1486.0,5,$29.59
500620,07/30/2024,2,1198.0,6,$62.03
500621,07/30/2024,6,1095.0,7,$61.68
500622,07/30/2024,11,1060.0,4,$37.87
500623,07/30/2024,3,,5,$47.31
500624,07/30/2024,11,1259.0,4,$31.79
500625,07/30/2024,2,1316.0,8,$51.67
500626,07/30/2024,5,1294.0,11,$67.32
500627,07/30/2024,2,1472.0,8,$63.53
500628,07/30/2024,6,1345.0,7,$35.01
500629,07/31/2024,10,1073.0,5,$46.75
500630,07/31/2024,4,1011.0,6,$29.13
500631,07/31/2024,3,,7,$32.83
500632,07/31/2024,6,1215.0,6,$28.83
500633,07/31/2024,9,1095.0,9,$63.67
500634,07/31/2024,5,1087.0,6,$42.79
500635,07/31/2024,4,1369.0,3,$19.72
500636,07/31/2024,1,1186.0,8,$78.58
500637,07/31/2024,1,1433.0,3,$20.59
500638,07/31/2024,11,1144.0,5,$26.70
500639,07/31/2024,5,,3,$22.90
500640,07/31/2024,9,1095.0,8,$42.88
500641,07/31/2024,9,1332.0,6,$34.45
500642,07/31/2024,11,,6,$62.74
500643,07/31/2024,5,1083.0,6,$38.83
500644,08/01/2024,10,1185.0,2,$22.97
500645,08/01/2024,10,1071.0,5,$38.68
500646,08/01/2024,3,1060.0,10,$68.43
500647,08/01/2024,5,1459.0,8,$62.42
500648,08/01/2024,7,1137.0,9,$42.99
500649,08/01/2024,11,1451.0,9,$62.98
500650,08/01/2024,3,1223.0,8,$44.70
500651,08/01/2024,7,,3,$25.48
500652,08/01/2024,10,1461.0,1,$10.35
500653,08/01/2024,10,1021.0,2,$27.73
500654,08/01/2024,11,1478.0,6,$32.91
500655,08/01/2024,2,1024.0,10,$54.91
500656,08/01/2024,12,1228.0,5,$26.06
500657,08/01/2024,6,1144.0,1,$23.33
500658,08/01/2024,4,1462.0,8,$70.88
500659,08/01/2024,12,1353.0,5,$55.14
500660,08/01/2024,7,1083.0,4,$38.52
500661,08/01/2024,8,1206.0,4,$24.85
500662,08/01/2024,11,1013.0,4,$21.47
500663,08/01/2024,1,1043.0,3,$37.98
500664,08/01/2024,5,1198.0,8,$48.95
500665,08/01/2024,7,1025.0,9,$63.19
500666,08/02/2024,12,1292.0,6,$34.56
500667,08/02/2024,1,1129.0,6,$34.12
500668,08/02/2024,9,1387.0,7,$59.45
500669,08/02/2024,2,1028.0,7,$22.08
500670,08/02/2024,4,,7,$64.53
500671,08/02/2024,9,1237.0,10,$68.16
500672,08/02/2024,8,1129.0,3,$23.66
500673,08/02/2024,4,1269.0,1,$25.11
500674,08/02/2024,10,1074.0,4,$38.11
500675,08/02/2024,2,1426.0,9,$55.08
500676,08/02/2024,10,1058.0,4,$46.49
500677,08/03/2024,9,1183.0,5,$34.12
500678,08/03/2024,11,,7,$51.17
500679,08/03/2024,1,1169.0,2,$15.01
500680,08/03/2024,4,1016.0,1,$8.81
500681,08/03/2024,12,1096.0,2,$17.87
500682,08/03/2024,8,,1,$18.31
500683,08/03/2024,12,1171.0,4,$22.52
500684,08/03/2024,2,1359.0,5,$44.72
500685,08/03/2024,7,1183.0,6,$32.62
500686,08/03/2024,4,1161.0,4,$24.71
500687,08/03/2024,1,,1,$10.02
500688,08/03/2024,7,1381.0,11,$76.30
500689,08/03/2024,8,1246.0,6,$41.22
500690,08/03/2024,12,1172.0,3,$38.28
500691,08/03/2024,1,1379.0,7,$47.30
500692,08/03/2024,6,1349.0,8,$58.34
500693,08/03/2024,9,1438.0,1,$19.27
500694,08/03/2024,12,,1,$9.73
500695,08/03/2024,12,1294.0,5,$34.68
500696,08/03/2024,4,1411.0,5,$27.18
500697,08/03/2024,7,1156.0,7,$53.37
500698,08/04/2024,9,1024.0,9,$77.63
500699,08/04/2024,9,,1,$21.46
500700,08/04/2024,6,1084.0,5,$51.05
500701,08/04/2024,2,1265.0,2,$16.90
500702,08/04/2024,6,1211.0,3,$35.03
500703,08/04/2024,4,1034.0,4,$43.53
500704,08/04/2024,12,1360.0,7,$53.77
500705,08/04/2024,5,,3,$25.27
500706,08/04/2024,1,1143.0,5,$31.98
500707,08/04/2024,7,,3,$31.41
500708,08/04/2024,10,1373.0,6,$36.84
500709,08/04/2024,2,1226.0,2,$25.59
500710,08/04/2024,1,1323.0,4,$22.32
500711,08/04/2024,3,1426.0,2,$31.01
500712,08/04/2024,6,,4,$24.47
500713,08/04/2024,12,1420.0,7,$48.81
500714,08/04/2024,5,,1,$24.24
500715,08/04/2024,6,1083.0,3,$26.51
500716,08/04/2024,9,1292.0,8,$61.24
500717,08/05/2024,10,1384.0,7,$38.19
500718,08/05/2024,8,,1,$19.22
500719,08/05/2024,11,,4,$18.97
500720,08/05/2024,9,1107.0,3,$21.98
500721,08/05/2024,12,1241.0,5,$46.08
500722,08/05/2024,3,1037.0,4,$23.81
500723,08/05/2024,7,1454.0,4,$56.82
500724,08/05/2024,4,1095.0,4,$39.47
500725,08/05/2024,2,,3,$24.73
500726,08/05/2024,8,1212.0,1,$15.82
500727,08/05/2024,4,,4,$45.12
500728,08/05/2024,12,1113.0,4,$42.31
500729,08/05/2024,5,,7,$45.94
500730,08/05/2024,7,1488.0,10,$60.56
500731,08/05/2024,10,1308.0,9,$57.24
500732,08/05/2024,8,1165.0,5,$29.54
500733,08/05/2024,3,,10,$75.14
500734,08/05/2024,2,,3,$17.18
500735,08/05/2024,3,1320.0,2,$32.21
500736,08/05/2024,5,1469.0,4,$33.87
500736,08/05/2024,5,1469.0,4,$33.87
500737,08/05/2024,6,1482.0,7,$25.53
500738,08/05/2024,3,1190.0,4,$38.00
500739,08/06/2024,2,1189.0,4,$42.35
500740,08/06/2024,12,1284.0,7,$39.32
500741,08/06/2024,3,1304.0,11,$88.67
500742,08/06/2024,3,,4,$33.75
500743,08/06/2024,4,1467.0,1,$19.40
500744,08/06/2024,9,1089.0,11,$91.33
500745,08/06/2024,2,1363.0,2,$35.60
500746,08/06/2024,5,1097.0,1,$10.00
500747,08/06/2024,6,1323.0,3,$29.72
500748,08/06/2024,12,,1,$22.25
500749,08/06/2024,5,1068.0,2,$23.69
500750,08/06/2024,7,1165.0,5,$24.84
500751,08/06/2024,1,1285.0,2,$38.65
500752,08/06/2024,8,1304.0,8,$60.48
500753,08/06/2024,11,1144.0,4,$36.00
500754,08/06/2024,4,1236.0,5,$28.75
500755,08/06/2024,4,1461.0,2,$17.99
500756,08/06/2024,11,,6,$18.74
500757,08/06/2024,6,1071.0,12,$99.91
500758,08/06/2024,4,1482.0,7,$51.64
500759,08/06/2024,3,1024.0,9,$84.26
500760,08/07/2024,3,1396.0,4,$32.38
500761,08/07/2024,7,1236.0,2,$37.02
500762,08/07/2024,9,1202.0,4,$18.75
500763,08/07/2024,1,1151.0,7,$41.36
500764,08/07/2024,3,1387.0,15,$109.22
500765,08/07/2024,11,,5,$30.82
500766,08/07/2024,10,1205.0,3,$31.42
500767,08/07/2024,4,,2,$16.95
500768,08/07/2024,5,1229.0,3,$31.69
500769,08/07/2024,5,1311.0,8,$62.50
500770,08/07/2024,10,,11,$98.88
500771,08/07/2024,1,1002.0,4,$50.13
500772,08/07/2024,11,1312.0,5,$39.86
500773,08/07/2024,12,1361.0,2,$22.10
500774,08/07/2024,4,1177.0,1,$15.20
500775,08/07/2024,11,,4,$20.77
500776,08/07/2024,1,1172.0,3,$28.64
500777,08/07/2024,8,1298.0,12,$86.21
500778,08/07/2024,7,,2,$28.21
500779,08/08/2024,7,,1,$21.01
500780,08/08/2024,8,1479.0,3,$22.95
500781,08/08/2024,2,1451.0,10,$73.45
500782,08/08/2024,5,1463.0,4,$36.76
500783,08/08/2024,2,1067.0,4,$23.28
500784,08/08/2024,9,1310.0,10,$72.79
500785,08/08/2024,5,,1,$26.27
500786,08/08/2024,8,1495.0,8,$57.68
500787,08/08/2024,11,1095.0,1,$14.28
500788,08/08/2024,10,,2,$23.30
500789,08/08/2024,5,,1,$9.84
500790,08/08/2024,2,,4,$46.24
500791,08/09/2024,3,1270.0,3,$23.23
500792,08/09/2024,1,1399.0,5,$36.30
500793,08/09/2024,11,1323.0,3,$27.32
500794,08/09/2024,7,1300.0,3,$20.19
500795,08/09/2024,3,1255.0,9,$78.23
500796,08/09/2024,8,,4,$37.75
500797,08/09/2024,10,1289.0,3,$14.41
500798,08/09/2024,7,1436.0,5,$12.40
500799,08/09/2024,5,1155.0,1,$20.81
500800,08/09/2024,11,1495.0,12,$84.04
500801,08/09/2024,12,1046.0,9,$77.74
500802,08/09/2024,11,1125.0,7,$35.27
500803,08/09/2024,8,1192.0,5,$48.21
500804,08/09/2024,9,1259.0,8,$56.23
500805,08/09/2024,1,,4,$45.28
500806,08/09/2024,2,,1,$21.19
500807,08/09/2024,7,1328.0,4,$34.20
500808,08/10/2024,4,1202.0,4,$31.69
500809,08/10/2024,2,1371.0,10,$90.40
500810,08/10/2024,12,1134.0,3,$41.16
500811,08/10/2024,7,1097.0,5,$36.58
500812,08/10/2024,11,1363.0,2,$14.10
500813,08/10/2024,9,1479.0,5,$26.03
500814,08/10/2024,8,1428.0,25,$192.90
500815,08/10/2024,12,,3,$34.01
500816,08/10/2024,1,1364.0,2,$21.83
500817,08/10/2024,4,1230.0,3,$24.92
500818,08/10/2024,6,,3,$34.96
500819,08/10/2024,9,1214.0,3,$14.12
500820,08/10/2024,11,1331.0,5,$27.83
500821,08/10/2024,1,1339.0,2,$30.11
500822,08/10/2024,10,1297.0,7,$38.41
500823,08/10/2024,12,1104.0,4,$16.80
500824,08/10/2024,1,1492.0,9,$52.84
500825,08/10/2024,3,1294.0,10,$58.87
500826,08/10/2024,7,,7,$52.40
500827,08/10/2024,6,1163.0,2,$26.34
500828,08/10/2024,10,1206.0,9,$63.27
500828,08/10/2024,10,1206.0,9,$63.27
500829,08/10/2024,4,1222.0,6,$52.77
500830,08/10/2024,5,1433.0,4,$41.60
500831,08/10/2024,12,1024.0,2,$30.09
500832,08/10/2024,8,1087.0,3,$22.07
500833,08/11/2024,4,,1,$29.71
500834,08/11/2024,7,1317.0,11,$68.60
500835,08/11/2024,1,1251.0,7,$51.50
500836,08/11/2024,2,1165.0,12,$90.79
500837,08/11/2024,7,1032.0,16,$134.57
500838,08/11/2024,12,1208.0,6,$30.20
500839,08/11/2024,1,1409.0,2,$28.04
500840,08/11/2024,5,1371.0,3,$55.84
500841,08/11/2024,1,1312.0,9,$58.76
500842,08/11/2024,8,1006.0,19,$151.02
500843,08/11/2024,8,1177.0,2,$18.81
500844,08/11/2024,1,1352.0,11,$85.84
500845,08/11/2024,5,1392.0,4,$29.12
500846,08/11/2024,8,1142.0,9,$67.72
500847,08/11/2024,4,1201.0,5,$31.96
500848,08/11/2024,3,1432.0,7,$72.67
500849,08/11/2024,9,1118.0,12,$80.43
500850,08/11/2024,5,1489.0,6,$39.71
500851,08/11/2024,2,1387.0,2,$10.82
500852,08/11/2024,10,1330.0,1,$15.17
500852,08/11/2024,10,1330.0,1,$15.17
500853,08/11/2024,6,1271.0,3,$20.06
500854,08/11/2024,11,1213.0,3,$48.06
500855,08/11/2024,4,1361.0,7,$46.68
500856,08/11/2024,1,1146.0,5,$43.75
500857,08/11/2024,12,1294.0,1,$22.82
500858,08/11/2024,2,,3,$29.76
500859,08/12/2024,10,1191.0,5,$21.14
500860,08/12/2024,3,1426.0,7,$42.20
500861,08/12/2024,9,1375.0,5,$40.72
500862,08/12/2024,12,1298.0,2,$24.28
500863,08/12/2024,7,1051.0,2,$24.42
500863,08/12/2024,7,1051.0,2,$24.42
500864,08/12/2024,5,1180.0,7,$49.73
500865,08/12/2024,8,1393.0,3,$26.39
500866,08/12/2024,12,1291.0,9,$54.70
500867,08/12/2024,2,1010.0,6,$54.78
500868,08/13/2024,1,1061.0,2,$32.27
500869,08/13/2024,7,1059.0,8,$55.19
500870,08/13/2024,9,,2,$30.71
500871,08/13/2024,5,1451.0,3,$20.60
500872,08/13/2024,5,1024.0,4,$30.00
500873,08/13/2024,11,,3,$24.57
500874,08/13/2024,3,1404.0,7,$54.19
500875,08/13/2024,2,1255.0,6,$11.45
500876,08/13/2024,11,,11,$82.33
500876,08/13/2024,11,,11,$82.33
500877,08/13/2024,11,1014.0,2,$34.62
500878,08/13/2024,2,1081.0,4,$57.83
500879,08/13/2024,12,,5,$40.35
500880,08/13/2024,7,1307.0,5,$32.30
500881,08/13/2024,7,1089.0,9,$59.24
500882,08/13/2024,3,1439.0,2,$27.59
500883,08/13/2024,7,1054.0,6,$61.46
500884,08/13/2024,4,1462.0,4,$44.41
500885,08/13/2024,11,1245.0,3,$33.12
500886,08/13/2024,6,1081.0,2,$27.02
500887,08/13/2024,3,1413.0,16,$131.13
500888,08/14/2024,5,1244.0,5,$40.82
500889,08/14/2024,7,1212.0,9,$45.85
500890,08/14/2024,9,1373.0,4,$27.75
500890,08/14/2024,9,1373.0,4,$27.75
500891,08/14/2024,11,1325.0,3,$23.96
500892,08/14/2024,7,,6,$34.02
500893,08/14/2024,3,1168.0,6,$47.57
500894,08/14/2024,12,1054.0,2,$23.06
500895,08/14/2024,3,1270.0,4,$33.31
500896,08/14/2024,7,1033.0,1,$8.40
500897,08/14/2024,4,1413.0,7,$72.04
500898,08/14/2024,7,1341.0,1,$33.82
500899,08/14/2024,1,1398.0,7,$37.83
500900,08/14/2024,1,1425.0,3,$18.50
500901,08/14/2024,7,1392.0,3,$16.52
500902,08/14/2024,11,1354.0,18,$143.58
500903,08/14/2024,7,1008.0,5,$44.10
500904,08/14/2024,12,1274.0,6,$37.77
500905,08/14/2024,3,1261.0,5,$36.75
500906,08/14/2024,11,1013.0,11,$71.74
500907,08/14/2024,2,,5,$40.11
500908,08/15/2024,2,,5,$42.59
500909,08/15/2024,1,1287.0,2,$24.09
500910,08/15/2024,9,1227.0,7,$59.36
500911,08/15/2024,9,1477.0,4,$42.13
500912,08/15/2024,12,1210.0,6,$45.65
500913,08/15/2024,11,1207.0,2,$22.67
500914,08/15/2024,5,1351.0,6,$47.33
500915,08/15/2024,1,1169.0,3,$40.19
500916,08/15/2024,1,1307.0,2,$22.99
500917,08/15/2024,10,,5,$45.90
500918,08/15/2024,5,1226.0,3,$35.02
500919,08/16/2024,9,1404.0,4,$30.99
500920,08/16/2024,3,1451.0,6,$31.37
500921,08/16/2024,7,1340.0,7,$65.04
500922,08/16/2024,12,1147.0,8,$73.03
500923,08/16/2024,11,,3,$17.08
500924,08/16/2024,5,1259.0,15,$135.18
500925,08/16/2024,5,1419.0,3,$25.27
500926,08/16/2024,7,1484.0,14,$107.39
500927,08/16/2024,5,1156.0,2,$27.82
500928,08/16/2024,1,1315.0,6,$37.36
500929,08/16/2024,6,1363.0,2,$29.69
500930,08/16/2024,7,,7,$61.96
500931,08/16/2024,1,1475.0,6,$57.62
500932,08/16/2024,10,1035.0,6,$32.83
500933,08/16/2024,2,1484.0,6,$47.72
500934,08/16/2024,3,1198.0,14,$110.32
500935,08/16/2024,12,1089.0,4,$19.85
500936,08/16/2024,11,1484.0,5,$44.10
500937,08/16/2024,7,1429.0,8,$46.08
500938,08/16/2024,4,1268.0,6,$35.47
500939,08/16/2024,7,1381.0,5,$40.58
500940,08/16/2024,12,,2,$13.68
500941,08/17/2024,1,,11,$93.61
500942,08/17/2024,8,,4,$34.98
500943,08/17/2024,6,1174.0,7,$59.06
500944,08/17/2024,1,1113.0,3,$18.86
500945,08/17/2024,2,1229.0,7,$59.23
500946,08/17/2024,8,,5,$40.14
500947,08/17/2024,1,,4,$45.46
500948,08/17/2024,5,1022.0,8,$56.77
500949,08/17/2024,11,1014.0,8,$52.76
500950,08/17/2024,11,1236.0,9,$69.00
500951,08/17/2024,4,1300.0,1,$21.94
500952,08/17/2024,11,1268.0,3,$31.23
500953,08/17/2024,7,,6,$38.38
500954,08/17/2024,4,1246.0,8,$68.41
500955,08/17/2024,6,1402.0,6,$53.90
500956,08/17/2024,2,,8,$72.19
500957,08/17/2024,3,1236.0,9,$74.39
500958,08/17/2024,7,1360.0,1,$17.37
500959,08/17/2024,9,1299.0,3,$29.76
500960,08/17/2024,1,,3,$19.36
500961,08/17/2024,4,,5,$18.74
500962,08/17/2024,7,1490.0,6,$40.75
500963,08/17/2024,12,1134.0,5,$27.26
500964,08/17/2024,12,,3,$37.91
500965,08/17/2024,12,1468.0,5,$55.67
500966,08/18/2024,10,,5,$26.23
500967,08/18/2024,3,1088.0,7,$52.73
500968,08/18/2024,8,,4,$19.77
500969,08/18/2024,5,1371.0,4,$26.18
500970,08/18/2024,10,1033.0,3,$26.62
500971,08/18/2024,2,1356.0,16,$126.28
500972,08/18/2024,8,1232.0,9,$75.00
500973,08/18/2024,6,1246.0,6,$58.75
500974,08/18/2024,1,,6,$35.86
500975,08/18/2024,5,1117.0,3,$25.37
500976,08/18/2024,5,1332.0,4,$44.41
500977,08/18/2024,10,1437.0,7,$63.40
500978,08/18/2024,10,1052.0,6,$57.69
500979,08/18/2024,1,1477.0,4,$37.42
500980,08/18/2024,4,1177.0,3,$51.65
500981,08/18/2024,12,1359.0,9,$68.07
500982,08/18/2024,2,1183.0,9,$84.84
500983,08/18/2024,7,1269.0,1,$18.72
500984,08/18/2024,4,1310.0,1,$13.89
500985,08/19/2024,2,1203.0,7,$48.56
500986,08/19/2024,10,1177.0,11,$116.98
500987,08/19/2024,8,1262.0,13,$99.70
500988,08/19/2024,5,1206.0,4,$26.24
500989,08/19/2024,6,1303.0,5,$44.96
500990,08/19/2024,6,1231.0,2,$41.28
500991,08/19/2024,7,,4,$47.67
500992,08/19/2024,8,1013.0,6,$21.26
500993,08/19/2024,5,1257.0,9,$64.03
500994,08/19/2024,3,1258.0,7,$54.03
500995,08/19/2024,1,,4,$32.62
500996,08/19/2024,9,1488.0,9,$57.39
500997,08/19/2024,10,1371.0,5,$45.33
500998,08/19/2024,7,,2,$18.35
500999,08/19/2024,9,1132.0,13,$111.67
501000,08/19/2024,11,1310.0,8,$70.33
501001,08/19/2024,12,1004.0,1,$11.87
501002,08/19/2024,6,1073.0,5,$34.08
501003,08/19/2024,8,,4,$28.66
501004,08/20/2024,12,1292.0,20,$158.02
501005,08/20/2024,6,1289.0,3,$22.61
501006,08/20/2024,12,,2,$26.40
501007,08/20/2024,5,,3,$45.59
501008,08/20/2024,9,1177.0,6,$39.75
501009,08/20/2024,11,1328.0,4,$38.15
501010,08/20/2024,2,,5,$25.79
501011,08/20/2024,8,,5,$23.87
501012,08/20/2024,9,1213.0,5,$26.92
501013,08/20/2024,10,1327.0,1,$25.06
501014,08/20/2024,8,1432.0,10,$64.77
501015,08/20/2024,1,1382.0,3,$14.30
501016,08/20/2024,7,1138.0,10,$67.79
501017,08/20/2024,2,1241.0,2,$21.51
501018,08/20/2024,6,,2,$17.43
501019,08/20/2024,3,1296.0,4,$24.21
501020,08/20/2024,8,1360.0,10,$67.37
501021,08/20/2024,7,1438.0,5,$30.40
501022,08/20/2024,12,1170.0,3,$27.86
501023,08/21/2024,4,1075.0,3,$47.65
501024,08/21/2024,2,1496.0,14,$107.21
501025,08/21/2024,4,1317.0,7,$30.82
501026,08/21/2024,8,1342.0,8,$62.22
501027,08/21/2024,1,1177.0,4,$19.43
501028,08/21/2024,7,1461.0,9,$66.51
501029,08/21/2024,7,1432.0,2,$19.94
501030,08/21/2024,2,1407.0,4,$29.87
501031,08/21/2024,4,,6,$25.86
501032,08/21/2024,8,1168.0,8,$68.29
501033,08/21/2024,12,1233.0,1,$15.89
501034,08/21/2024,5,1217.0,1,$19.55
501035,08/21/2024,9,1022.0,5,$40.31
501036,08/21/2024,4,1047.0,5,$36.19
501037,08/21/2024,10,,1,$20.06
501038,08/21/2024,2,1103.0,1,$17.31
501039,08/21/2024,6,1268.0,6,$49.36
501040,08/21/2024,3,1456.0,5,$44.45
501041,08/21/2024,11,1181.0,7,$39.67
501042,08/21/2024,9,,9,$63.42
501043,08/21/2024,8,1189.0,2,$19.54
501044,08/21/2024,4,,6,$47.67
501045,08/21/2024,12,,3,$47.32
501046,08/22/2024,2,1070.0,4,$29.93
501047,08/22/2024,1,,2,$12.26
501048,08/22/2024,11,1175.0,4,$25.36
501049,08/22/2024,7,1060.0,6,$72.12
501050,08/22/2024,9,1496.0,8,$51.99
501051,08/22/2024,10,1039.0,6,$30.96
501052,08/22/2024,6,1343.0,7,$65.47
501053,08/22/2024,9,1321.0,16,$136.79
501054,08/22/2024,7,1356.0,9,$73.43
501055,08/22/2024,3,1261.0,3,$19.65
501056,08/22/2024,6,1467.0,10,$65.06
501057,08/22/2024,1,1484.0,8,$69.48
501058,08/22/2024,3,1167.0,3,$23.17
501059,08/23/2024,3,1171.0,5,$28.42
501060,08/23/2024,2,1181.0,7,$62.34
501061,08/23/2024,7,1398.0,4,$20.74
501062,08/23/2024,3,1171.0,5,$38.79
501063,08/23/2024,7,1354.0,13,$90.81
501064,08/23/2024,3,1247.0,3,$35.76
501065,08/23/2024,3,1463.0,9,$79.22
501066,08/23/2024,12,1495.0,13,$93.91
501067,08/23/2024,1,,4,$37.17
501068,08/23/2024,11,1296.0,3,$15.14
501069,08/23/2024,7,1371.0,5,$47.49
501070,08/23/2024,8,1390.0,2,$23.45
501071,08/23/2024,10,1039.0,5,$45.38
501072,08/23/2024,1,1437.0,4,$40.05
501073,08/23/2024,6,1124.0,12,$77.95
501074,08/23/2024,5,1230.0,9,$73.82
501075,08/23/2024,8,1393.0,6,$68.06
501076,08/23/2024,1,1412.0,4,$29.55
501077,08/23/2024,2,,1,$11.11
501078,08/23/2024,1,,4,$21.43
501079,08/24/2024,5,,7,$42.07
501080,08/24/2024,11,,4,$36.63
501081,08/24/2024,3,1250.0,8,$62.68
501082,08/24/2024,12,1055.0,4,$24.75
501083,08/24/2024,9,1186.0,8,$81.46
501084,08/24/2024,10,1389.0,3,$23.44
501085,08/24/2024,2,1200.0,7,$65.30
501086,08/24/2024,10,,3,$24.30
501087,08/24/2024,7,1067.0,6,$35.04
501088,08/24/2024,3,1156.0,9,$52.24
501089,08/24/2024,1,1011.0,1,$18.04
501090,08/24/2024,11,1101.0,15,$116.83
501091,08/24/2024,7,,2,$27.42
501092,08/24/2024,11,1336.0,2,$38.22
501093,08/24/2024,1,1097.0,9,$52.55
501094,08/24/2024,9,1199.0,6,$47.04
501095,08/24/2024,1,,1,$21.15
501096,08/24/2024,3,1118.0,3,$39.78
501097,08/24/2024,4,1315.0,14,$102.79
501098,08/24/2024,3,1125.0,5,$34.89
501099,08/24/2024,12,1402.0,6,$52.73
501100,08/24/2024,8,1063.0,11,$79.89
501101,08/24/2024,6,1251.0,4,$25.22
501102,08/25/2024,5,,2,$24.07
501103,08/25/2024,5,1310.0,8,$46.80
501104,08/25/2024,3,1042.0,6,$38.06
501105,08/25/2024,4,1032.0,3,$39.54
501106,08/25/2024,7,1145.0,3,$33.73
501107,08/25/2024,6,1274.0,1,$20.42
501107,08/25/2024,6,1274.0,1,$20.42
501108,08/25/2024,5,1232.0,5,$38.15
501108,08/25/2024,5,1232.0,5,$38.15
501109,08/25/2024,6,1137.0,8,$35.61
501110,08/25/2024,1,1203.0,3,$15.07
501111,08/25/2024,11,,7,$66.83
501112,08/25/2024,5,1238.0,4,$46.86
501113,08/25/2024,12,,2,$33.23
501114,08/25/2024,6,,2,$19.82
501115,08/25/2024,12,1411.0,4,$48.70
501116,08/25/2024,2,1112.0,5,$32.96
501117,08/25/2024,4,1118.0,5,$50.84
501118,08/25/2024,10,1151.0,10,$69.11
501119,08/25/2024,2,1221.0,3,$21.41
501120,08/25/2024,2,1188.0,5,$34.09
501121,08/25/2024,11,1315.0,4,$28.82
501122,08/25/2024,5,1386.0,6,$38.45
501123,08/25/2024,4,1253.0,6,$56.96
501124,08/25/2024,10,1384.0,11,$58.33
501125,08/25/2024,10,1098.0,4,$41.50
501126,08/25/2024,10,1010.0,3,$19.79
501127,08/25/2024,3,1406.0,9,$73.95
501128,08/26/2024,2,1198.0,4,$57.03
501128,08/26/2024,2,1198.0,4,$57.03
501129,08/26/2024,11,,6,$39.86
501130,08/26/2024,10,1063.0,3,$35.39
501131,08/26/2024,12,1299.0,4,$27.65
501132,08/26/2024,11,,3,$20.72
501133,08/26/2024,11,1119.0,4,$33.33
501134,08/26/2024,2,1425.0,6,$43.51
501135,08/26/2024,11,1317.0,7,$74.28
501136,08/26/2024,5,1195.0,1,$19.01
501137,08/26/2024,6,,1,$16.59
501138,08/26/2024,3,1499.0,7,$46.90
501139,08/26/2024,10,,2,$21.03
501140,08/26/2024,12,1397.0,5,$37.97
501141,08/26/2024,1,1484.0,3,$31.44
501142,08/26/2024,1,1423.0,9,$86.16
501143,08/26/2024,8,1163.0,1,$20.73
501144,08/26/2024,9,1218.0,7,$50.67
501145,08/26/2024,5,1238.0,7,$28.32
501146,08/26/2024,3,1020.0,4,$16.79
501147,08/27/2024,3,1361.0,10,$78.13
501148,08/27/2024,4,1181.0,1,$26.71
501149,08/27/2024,12,1408.0,2,$37.45
501150,08/27/2024,8,1130.0,10,$67.95
501151,08/27/2024,9,1491.0,6,$37.56
501152,08/27/2024,9,1236.0,8,$77.08
501153,08/27/2024,3,1117.0,9,$82.45
501154,08/27/2024,5,,2,$16.93
501155,08/27/2024,11,1394.0,6,$48.50
501156,08/27/2024,2,1286.0,1,$17.01
501157,08/27/2024,11,,2,$18.84
501158,08/27/2024,11,1476.0,9,$61.71
501159,08/27/2024,5,1093.0,8,$62.98
501160,08/27/2024,3,1228.0,1,$26.73
501161,08/28/2024,12,,4,$35.71
501162,08/28/2024,10,1365.0,6,$45.38
501163,08/28/2024,2,1467.0,4,$26.78
501164,08/28/2024,12,1349.0,11,$90.18
501165,08/28/2024,11,1173.0,2,$28.86
501166,08/28/2024,5,1277.0,4,$31.11
501167,08/28/2024,10,1472.0,8,$62.49
501168,08/28/2024,4,1286.0,4,$11.98
501169,08/28/2024,5,1009.0,9,$62.66
501170,08/28/2024,9,1382.0,11,$65.80
501171,08/28/2024,6,1363.0,10,$77.29
501172,08/28/2024,6,1259.0,4,$43.17
501173,08/28/2024,7,1055.0,1,$14.43
501174,08/28/2024,11,1180.0,2,$22.58
501175,08/28/2024,4,1069.0,13,$101.93
501176,08/29/2024,1,,3,$12.53
501177,08/29/2024,7,1232.0,3,$28.94
501178,08/29/2024,8,1480.0,1,$13.25
501179,08/29/2024,6,1311.0,10,$86.22
501180,08/29/2024,10,1292.0,12,$83.17
501181,08/29/2024,1,1493.0,1,$13.50
501182,08/29/2024,8,1377.0,4,$22.81
501183,08/29/2024,7,1410.0,7,$40.38
501184,08/29/2024,1,1196.0,6,$28.44
501185,08/29/2024,3,1320.0,8,$56.31
501186,08/29/2024,9,1480.0,6,$35.91
501187,08/29/2024,3,1264.0,11,$75.32
501188,08/29/2024,8,1137.0,5,$41.34
501189,08/29/2024,3,1239.0,6,$37.12
501190,08/29/2024,1,1189.0,5,$34.01
501191,08/29/2024,9,1430.0,3,$24.59
501192,08/29/2024,9,1322.0,5,$23.89
501193,08/29/2024,5,1122.0,5,$30.78
501194,08/30/2024,12,1437.0,1,$21.07
501195,08/30/2024,11,,6,$28.78
501196,08/30/2024,4,1257.0,6,$49.45
501197,08/30/2024,5,1100.0,5,$24.17
501198,08/30/2024,1,1304.0,14,$117.91
501199,08/30/2024,11,1070.0,13,$89.62
501200,08/30/2024,4,1279.0,14,$103.44
501201,08/30/2024,4,1320.0,6,$49.05
501202,08/30/2024,7,1422.0,3,$46.90
501203,08/30/2024,12,1396.0,3,$23.43
501204,08/30/2024,4,1181.0,9,$81.24
501205,08/30/2024,4,1117.0,3,$10.67
501206,08/30/2024,5,1310.0,7,$62.88
501207,08/30/2024,9,,5,$33.43
501208,08/30/2024,8,,5,$18.37
501209,08/30/2024,5,,3,$38.01
501210,08/30/2024,7,1461.0,8,$38.52
501211,08/30/2024,1,1059.0,8,$60.03
501212,08/31/2024,3,1014.0,8,$42.43
501213,08/31/2024,2,,1,$13.36
501214,08/31/2024,2,,5,$36.60
501215,08/31/2024,4,1086.0,9,$72.98
501216,08/31/2024,3,1007.0,7,$70.12
501217,08/31/2024,11,,1,$19.55
501218,08/31/2024,3,1140.0,4,$41.39
501219,08/31/2024,8,1222.0,10,$67.08
501220,08/31/2024,6,1336.0,7,$56.97
501221,08/31/2024,6,1009.0,10,$67.78
501222,08/31/2024,2,1011.0,5,$38.13
501223,08/31/2024,10,,1,$22.78
501224,08/31/2024,2,1200.0,6,$38.30
501225,08/31/2024,6,1360.0,11,$68.03
501226,08/31/2024,12,1266.0,2,$21.08
501227,08/31/2024,2,1220.0,2,$20.33
501228,08/31/2024,12,1042.0,7,$49.44
501229,08/31/2024,2,1030.0,4,$29.70
501230,08/31/2024,7,,8,$64.12
501231,08/31/2024,8,1426.0,3,$14.28
501232,08/31/2024,7,1302.0,2,$34.87
501233,08/31/2024,6,1336.0,9,$79.21
501234,08/31/2024,8,1377.0,9,$76.28
501235,08/31/2024,2,,4,$29.71
501236,09/01/2024,7,1225.0,4,$42.54
501237,09/01/2024,10,1284.0,9,$75.00
501238,09/01/2024,6,1025.0,6,$46.40
501239,09/01/2024,4,1086.0,8,$61.60
501240,09/01/2024,1,1332.0,6,$29.33
501241,09/01/2024,1,,4,$22.30
501242,09/01/2024,3,1225.0,8,$48.51
501243,09/01/2024,12,1050.0,5,$47.02
501244,09/01/2024,4,,2,$12.66
501245,09/01/2024,3,1181.0,9,$93.67
501246,09/01/2024,3,1017.0,5,$39.59
501247,09/01/2024,12,1204.0,4,$38.00
501248,09/01/2024,11,,4,$30.20
501249,09/01/2024,9,1162.0,2,$28.73
501250,09/01/2024,5,1135.0,7,$59.51
501251,09/01/2024,7,1469.0,10,$68.78
501252,09/01/2024,7,1447.0,1,$27.03
501253,09/01/2024,10,1066.0,5,$41.64
501254,09/01/2024,5,1079.0,8,$73.26
501255,09/01/2024,10,,3,$23.17
501256,09/01/2024,9,,2,$27.07
501257,09/01/2024,10,1313.0,9,$59.21
501258,09/01/2024,12,1461.0,1,$22.59
501259,09/01/2024,11,,7,$40.69
501260,09/01/2024,5,1359.0,1,$15.01
501261,09/01/2024,5,1344.0,13,$87.45
501262,09/01/2024,5,,15,$103.32
501263,09/01/2024,4,1412.0,2,$20.82
501264,09/01/2024,2,1304.0,18,$159.33
501265,09/01/2024,12,,4,$23.44
501266,09/02/2024,4,1180.0,1,$15.12
501267,09/02/2024,6,1232.0,8,$60.95
501268,09/02/2024,5,1262.0,10,$71.46
501269,09/02/2024,4,1428.0,1,$13.23
501270,09/02/2024,4,1435.0,6,$62.51
501271,09/02/2024,3,1410.0,3,$26.92
501272,09/02/2024,12,1170.0,9,$58.08
501273,09/02/2024,1,,4,$30.54
501274,09/02/2024,11,1448.0,2,$19.89
501275,09/02/2024,5,1181.0,11,$66.46
501276,09/02/2024,10,1061.0,5,$50.80
501277,09/02/2024,4,,3,$24.93
501278,09/02/2024,1,1364.0,8,$54.54
501279,09/02/2024,5,,11,$87.91
501280,09/02/2024,8,1033.0,5,$20.92
501281,09/02/2024,1,1206.0,2,$28.47
501282,09/02/2024,7,,1,$22.34
501283,09/03/2024,3,1059.0,6,$33.74
501284,09/03/2024,12,1097.0,6,$37.49
501285,09/03/2024,5,1345.0,11,$48.22
501286,09/03/2024,7,,1,$13.84
501287,09/03/2024,8,1012.0,2,$28.28
501288,09/03/2024,6,1449.0,6,$42.09
501289,09/03/2024,5,1354.0,4,$41.18
501290,09/03/2024,11,1229.0,8,$56.28
501291,09/03/2024,5,1305.0,10,$75.63
501292,09/03/2024,8,1260.0,6,$43.43
501293,09/03/2024,5,,1,$6.59
501294,09/03/2024,9,1372.0,8,$42.71
501295,09/03/2024,12,1140.0,6,$48.40
501296,09/03/2024,12,1429.0,5,$30.87
501297,09/03/2024,8,1426.0,5,$40.86
501298,09/03/2024,8,,1,$33.27
501299,09/03/2024,10,1414.0,4,$38.61
501300,09/03/2024,2,1199.0,9,$70.29
501301,09/03/2024,7,,10,$78.66
501302,09/03/2024,2,1415.0,10,$63.69
501303,09/04/2024,7,1340.0,4,$43.60
501304,09/04/2024,5,1424.0,5,$28.06
501305,09/04/2024,5,,1,$12.26
501306,09/04/2024,5,,4,$16.57
501307,09/04/2024,2,1453.0,1,$21.15
501308,09/04/2024,8,,3,$17.36
501309,09/04/2024,11,1178.0,6,$26.47
501310,09/04/2024,9,1467.0,7,$49.19
501311,09/04/2024,9,1034.0,2,$35.55
501312,09/04/2024,3,,3,$21.83
501313,09/04/2024,3,,6,$37.13
501314,09/04/2024,7,1179.0,8,$52.62
501315,09/05/2024,3,1282.0,11,$98.50
501316,09/05/2024,8,,7,$26.76
501317,09/05/2024,11,1440.0,1,$13.20
501318,09/05/2024,11,1246.0,7,$78.16
501319,09/05/2024,2,,3,$38.77
501320,09/05/2024,12,1411.0,3,$16.64
501321,09/05/2024,4,,1,$20.35
501322,09/05/2024,10,,1,$19.25
501323,09/05/2024,9,1441.0,5,$60.05
501324,09/05/2024,5,1481.0,4,$18.72
501325,09/05/2024,10,1387.0,6,$45.60
501326,09/05/2024,9,1389.0,2,$17.36
501327,09/05/2024,12,,5,$31.76
501328,09/05/2024,7,1056.0,3,$14.90
501329,09/05/2024,3,1461.0,13,$90.48
501330,09/05/2024,3,1340.0,3,$23.84
501331,09/05/2024,5,1438.0,2,$13.50
501332,09/05/2024,9,1420.0,14,$86.44
501333,09/05/2024,4,,4,$32.03
501334,09/05/2024,12,1137.0,2,$35.29
501335,09/05/2024,12,1297.0,1,$15.88
501336,09/06/2024,9,1360.0,5,$26.75
501337,09/06/2024,4,1022.0,5,$53.72
501338,09/06/2024,1,1495.0,9,$57.08
501339,09/06/2024,6,1145.0,17,$124.26
501340,09/06/2024,5,1237.0,10,$77.22
501341,09/06/2024,3,1266.0,5,$25.17
501342,09/06/2024,1,1085.0,4,$41.21
501343,09/06/2024,1,1105.0,11,$69.53
501344,09/06/2024,10,1438.0,1,$19.02
501345,09/06/2024,5,,5,$38.84
501346,09/06/2024,11,1050.0,6,$57.81
501347,09/06/2024,9,,3,$20.34
501348,09/06/2024,9,,8,$64.76
501349,09/06/2024,2,1077.0,3,$32.77
501350,09/06/2024,12,1495.0,4,$35.06
501351,09/06/2024,6,,11,$95.00
501352,09/06/2024,6,1232.0,10,$76.59
501353,09/06/2024,7,1177.0,1,$22.70
501354,09/06/2024,9,1420.0,4,$24.44
501355,09/06/2024,7,1363.0,6,$53.23
501356,09/06/2024,5,,7,$47.39
501357,09/06/2024,6,1362.0,5,$37.81
501358,09/07/2024,8,1435.0,5,$40.83
501359,09/07/2024,6,,4,$31.39
501360,09/07/2024,8,1224.0,2,$23.19
501361,09/07/2024,2,1378.0,10,$101.23
501362,09/07/2024,7,1385.0,6,$50.26
501363,09/07/2024,7,1236.0,9,$61.68
501364,09/07/2024,7,,1,$18.63
501365,09/07/2024,6,1033.0,3,$28.62
501366,09/07/2024,11,1139.0,8,$49.49
501367,09/07/2024,3,1104.0,3,$24.79
501368,09/07/2024,3,,13,$91.70
501369,09/07/2024,7,,6,$35.02
501370,09/07/2024,6,1263.0,11,$85.18
501371,09/07/2024,8,1093.0,3,$28.80
501372,09/07/2024,5,1012.0,4,$19.57
501373,09/07/2024,7,,7,$41.90
501374,09/07/2024,2,1132.0,6,$47.53
501375,09/07/2024,12,1361.0,8,$53.44
501376,09/07/2024,5,,1,$14.21
501377,09/07/2024,1,1103.0,5,$31.56
501378,09/07/2024,7,1169.0,4,$25.22
501379,09/07/2024,9,1398.0,6,$51.49
501380,09/07/2024,2,1063.0,7,$49.15
501381,09/08/2024,3,,19,$142.76
501382,09/08/2024,6,1140.0,7,$63.16
501383,09/08/2024,1,1371.0,1,$24.74
501384,09/08/2024,5,1027.0,2,$27.79
501385,09/08/2024,5,1095.0,2,$44.43
501386,09/08/2024,2,1079.0,5,$34.11
501387,09/08/2024,3,,6,$49.55
501388,09/08/2024,4,1314.0,8,$50.15
501389,09/08/2024,5,1321.0,5,$35.91
501390,09/08/2024,7,1229.0,4,$33.45
501391,09/08/2024,4,1188.0,6,$45.13
501392,09/08/2024,9,1016.0,6,$53.16
501393,09/08/2024,8,1485.0,6,$63.20
501394,09/08/2024,6,1324.0,13,$98.06
501395,09/08/2024,11,1497.0,6,$37.14
501396,09/08/2024,3,,1,$36.98
501397,09/08/2024,8,1065.0,6,$41.80
501398,09/09/2024,9,1330.0,5,$22.66
501399,09/09/2024,8,1013.0,6,$38.99
501400,09/09/2024,12,1102.0,8,$46.40
501401,09/09/2024,12,,6,$28.36
501402,09/09/2024,2,1004.0,9,$66.15
501403,09/09/2024,2,1035.0,11,$98.04
501404,09/09/2024,2,1487.0,6,$38.37
501405,09/09/2024,1,,4,$27.70
501406,09/09/2024,8,1084.0,3,$24.82
501407,09/09/2024,9,1183.0,6,$38.77
501408,09/09/2024,4,1008.0,13,$90.32
501409,09/09/2024,3,1004.0,15,$126.04
501410,09/09/2024,9,1457.0,9,$68.46
501411,09/09/2024,4,,4,$20.40
501412,09/09/2024,5,1227.0,8,$54.33
501413,09/09/2024,6,1308.0,5,$28.31
501414,09/09/2024,7,1443.0,1,$28.63
501415,09/09/2024,1,1233.0,4,$36.13
501416,09/10/2024,12,1020.0,5,$30.77
501417,09/10/2024,8,1189.0,5,$53.75
501418,09/10/2024,3,1028.0,4,$33.92
501419,09/10/2024,6,1328.0,6,$49.48
501420,09/10/2024,6,1186.0,8,$62.16
501421,09/10/2024,6,1081.0,3,$26.98
501422,09/10/2024,9,,4,$17.70
501423,09/10/2024,10,1172.0,6,$47.55
501424,09/10/2024,7,1073.0,8,$58.30
501425,09/10/2024,4,1407.0,5,$49.33
501426,09/10/2024,8,1130.0,6,$49.31
501427,09/10/2024,3,1027.0,6,$54.06
501428,09/10/2024,7,1329.0,9,$60.45
501429,09/10/2024,6,,1,$21.32
501430,09/11/2024,2,1356.0,5,$40.90
501431,09/11/2024,6,1250.0,8,$76.15
501432,09/11/2024,11,1280.0,2,$11.81
501433,09/11/2024,7,,1,$16.72
501434,09/11/2024,10,,1,$18.08
501435,09/11/2024,11,1089.0,16,$129.99
501436,09/11/2024,2,1063.0,1,$16.28
501437,09/11/2024,7,1172.0,2,$16.23
501438,09/11/2024,2,,1,$27.92
501439,09/11/2024,7,1312.0,6,$30.35
501440,09/11/2024,1,1320.0,6,$42.62
501441,09/11/2024,6,1268.0,10,$61.27
501442,09/11/2024,10,,3,$20.51
501443,09/11/2024,7,1417.0,6,$68.97
501444,09/11/2024,4,,3,$27.19
501445,09/11/2024,11,1261.0,5,$22.88
501446,09/11/2024,5,1147.0,4,$29.85
501447,09/11/2024,12,1437.0,12,$90.44
501448,09/12/2024,8,,3,$22.39
501449,09/12/2024,6,1381.0,7,$53.33
501450,09/12/2024,5,1371.0,5,$44.72
501451,09/12/2024,1,1283.0,2,$28.44
501452,09/12/2024,11,,7,$34.89
501453,09/12/2024,2,1060.0,3,$44.72
501454,09/12/2024,1,1224.0,3,$29.11
501455,09/12/2024,7,1299.0,1,$10.33
501456,09/12/2024,11,1342.0,4,$56.42
501457,09/12/2024,2,,4,$21.24
501458,09/12/2024,2,1438.0,2,$29.89
501459,09/12/2024,1,1357.0,8,$64.71
501460,09/12/2024,8,1428.0,4,$13.78
501461,09/12/2024,3,1179.0,1,$19.60
501462,09/12/2024,12,1187.0,1,$13.24
501463,09/12/2024,4,1041.0,2,$29.30
501464,09/12/2024,10,1453.0,4,$31.88
501465,09/12/2024,6,1173.0,3,$37.31
501466,09/12/2024,7,1495.0,9,$60.52
501467,09/12/2024,1,1452.0,7,$48.10
501468,09/12/2024,6,1074.0,7,$40.17
501468,09/12/2024,6,1074.0,7,$40.17
501469,09/12/2024,5,1025.0,3,$51.84
501470,09/13/2024,9,,7,$59.37
501471,09/13/2024,4,1089.0,7,$54.02
501472,09/13/2024,9,1262.0,12,$83.87
501473,09/13/2024,11,1445.0,6,$64.83
501474,09/13/2024,5,1456.0,10,$74.48
501475,09/13/2024,5,1033.0,3,$24.03
501476,09/13/2024,8,1498.0,4,$26.22
501477,09/13/2024,4,1123.0,1,$12.84
501478,09/13/2024,4,1234.0,2,$16.55
501479,09/13/2024,1,1221.0,2,$28.14
501480,09/13/2024,4,1163.0,1,$30.67
501481,09/13/2024,7,,1,$10.36
501482,09/13/2024,10,,6,$41.55
501483,09/13/2024,7,1339.0,4,$34.07
501484,09/13/2024,7,1005.0,3,$14.06
501485,09/13/2024,1,1363.0,1,$44.09
501486,09/14/2024,6,1276.0,10,$64.15
501487,09/14/2024,12,1125.0,6,$33.38
501488,09/14/2024,7,1140.0,7,$60.16
501489,09/14/2024,3,1137.0,4,$39.28
501490,09/14/2024,5,1305.0,5,$40.95
501491,09/14/2024,10,,5,$48.51
501492,09/14/2024,7,1011.0,3,$27.01
501493,09/14/2024,2,1133.0,6,$58.06
501494,09/14/2024,12,1177.0,1,$17.11
501495,09/14/2024,8,1089.0,2,$28.15
501496,09/14/2024,4,1433.0,5,$48.49
501497,09/14/2024,7,1249.0,4,$32.42
501498,09/14/2024,7,,5,$51.64
501499,09/14/2024,12,1432.0,15,$128.82
501500,09/14/2024,4,,13,$95.66
501501,09/14/2024,5,1406.0,16,$102.57
501502,09/14/2024,11,1154.0,4,$40.91
501503,09/14/2024,8,1198.0,11,$57.31
501504,09/14/2024,2,,8,$61.90
501505,09/14/2024,12,1262.0,6,$56.99
501506,09/14/2024,1,,4,$40.06
501507,09/14/2024,11,,5,$35.23
501508,09/14/2024,7,,5,$33.31
501509,09/14/2024,7,1262.0,8,$74.85
501510,09/14/2024,5,1381.0,13,$103.47
501511,09/14/2024,12,1456.0,5,$28.17
501512,09/14/2024,5,1354.0,14,$110.30
501513,09/14/2024,4,1107.0,4,$31.36
501514,09/14/2024,10,1298.0,3,$43.81
501515,09/15/2024,1,,1,$17.75
501516,09/15/2024,1,1463.0,5,$50.49
501517,09/15/2024,5,1224.0,3,$14.37
501518,09/15/2024,1,1412.0,6,$32.50
501519,09/15/2024,5,1495.0,5,$38.32
501520,09/15/2024,12,1262.0,13,$97.65
501521,09/15/2024,10,1325.0,1,$19.74
501522,09/15/2024,8,1028.0,5,$48.54
501523,09/15/2024,7,,3,$53.76
501523,09/15/2024,7,,3,$53.76
501524,09/15/2024,8,1480.0,2,$23.70
501525,09/15/2024,6,1354.0,5,$32.28
501526,09/15/2024,10,1224.0,4,$32.67
501527,09/15/2024,4,,6,$39.37
501528,09/15/2024,11,1462.0,8,$57.71
501529,09/15/2024,1,1239.0,2,$24.58
501530,09/15/2024,2,1226.0,4,$27.34
501531,09/15/2024,12,1168.0,5,$50.79
501532,09/15/2024,10,1346.0,5,$33.98
501533,09/15/2024,5,1300.0,4,$25.36
501534,09/15/2024,11,1181.0,1,$17.95
501535,09/15/2024,4,1243.0,6,$32.35
501536,09/15/2024,7,,7,$42.94
501537,09/15/2024,11,,5,$35.31
501538,09/15/2024,5,1051.0,1,$14.99
501539,09/15/2024,1,1346.0,5,$52.55
501540,09/15/2024,12,1478.0,3,$33.37
501541,09/15/2024,2,1484.0,8,$68.06
501542,09/15/2024,10,1357.0,7,$66.52
501542,09/15/2024,10,1357.0,7,$66.52
501543,09/15/2024,5,1432.0,7,$88.75
501543,09/15/2024,5,1432.0,7,$88.75
501544,09/16/2024,5,1421.0,4,$30.10
501545,09/16/2024,6,,3,$16.48
501546,09/16/2024,7,,5,$34.55
501547,09/16/2024,2,1465.0,10,$65.04
501548,09/16/2024,8,1320.0,7,$55.64
501549,09/16/2024,4,1098.0,5,$27.86
501550,09/16/2024,3,1478.0,3,$10.36
501551,09/16/2024,10,1075.0,3,$32.09
501552,09/16/2024,11,1040.0,6,$52.41
501553,09/16/2024,2,1499.0,3,$33.99
501554,09/16/2024,8,1137.0,9,$83.26
501555,09/16/2024,7,1210.0,8,$64.80
501556,09/16/2024,6,1297.0,4,$25.19
501557,09/16/2024,8,1401.0,1,$22.11
501558,09/16/2024,11,1145.0,7,$33.86
501559,09/16/2024,7,,6,$37.82
501560,09/16/2024,3,,7,$57.32
501561,09/16/2024,3,1300.0,6,$29.28
501562,09/17/2024,9,1074.0,4,$45.03
501563,09/17/2024,6,1498.0,10,$80.72
501564,09/17/2024,5,1417.0,6,$52.68
501565,09/17/2024,1,1124.0,5,$21.71
501566,09/17/2024,3,1386.0,4,$38.00
501567,09/17/2024,7,1361.0,2,$23.68
501568,09/17/2024,2,,3,$21.22
501569,09/17/2024,3,1495.0,5,$43.24
501570,09/17/2024,9,1300.0,12,$85.18
501571,09/17/2024,7,1095.0,4,$20.00
501572,09/17/2024,7,1486.0,5,$26.87
501573,09/17/2024,12,1102.0,5,$28.01
501574,09/17/2024,12,1381.0,9,$58.38
501575,09/17/2024,4,1155.0,3,$31.59
501576,09/17/2024,5,1129.0,2,$27.30
501577,09/17/2024,1,1260.0,6,$37.95
501578,09/17/2024,4,1259.0,3,$24.86
501579,09/17/2024,11,1156.0,6,$62.01
501580,09/18/2024,7,1250.0,8,$51.34
501581,09/18/2024,3,1011.0,8,$39.98
501581,09/18/2024,3,1011.0,8,$39.98
501582,09/18/2024,7,1211.0,7,$44.77
501583,09/18/2024,5,1481.0,6,$33.82
501583,09/18/2024,5,1481.0,6,$33.82
501584,09/18/2024,2,1319.0,5,$49.99
501585,09/18/2024,5,1045.0,7,$37.69
501586,09/18/2024,4,1442.0,4,$30.07
501587,09/18/2024,2,1125.0,5,$29.77
501588,09/18/2024,11,1465.0,8,$48.77
501589,09/18/2024,7,1055.0,1,$12.15
501590,09/18/2024,11,,1,$12.97
501591,09/18/2024,11,1465.0,8,$63.67
501592,09/18/2024,7,1425.0,6,$52.15
501593,09/18/2024,9,1392.0,5,$37.26
501594,09/18/2024,3,1493.0,9,$78.16
501594,09/18/2024,3,1493.0,9,$78.16
501595,09/18/2024,5,1423.0,4,$8.34
501596,09/18/2024,3,1075.0,6,$28.92
501597,09/18/2024,11,,1,$30.53
501598,09/18/2024,11,1420.0,7,$43.79
501599,09/18/2024,12,1134.0,6,$52.62
501600,09/19/2024,10,1179.0,5,$34.51
501601,09/19/2024,9,1309.0,10,$77.15
501602,09/19/2024,9,1080.0,4,$44.29
501603,09/19/2024,7,1086.0,6,$63.47
501604,09/19/2024,2,1145.0,2,$25.02
501605,09/19/2024,3,,5,$34.69
501606,09/19/2024,6,1418.0,5,$40.48
501607,09/19/2024,8,1496.0,9,$68.09
501608,09/19/2024,2,1371.0,6,$49.46
501609,09/19/2024,7,,2,$12.79
501610,09/19/2024,8,1130.0,5,$57.94
501611,09/19/2024,5,1369.0,6,$53.24
501612,09/19/2024,8,1414.0,3,$25.11
501613,09/19/2024,2,1360.0,6,$51.15
501614,09/19/2024,11,1050.0,6,$39.63
501615,09/19/2024,1,1160.0,9,$73.43
501616,09/20/2024,9,1382.0,12,$100.68
501617,09/20/2024,5,1442.0,4,$33.41
501618,09/20/2024,5,1450.0,5,$32.60
501619,09/20/2024,9,1135.0,13,$90.92
501620,09/20/2024,11,,7,$46.27
501621,09/20/2024,5,1362.0,2,$28.37
501622,09/20/2024,3,1095.0,3,$31.90
501623,09/20/2024,3,1084.0,4,$37.58
501624,09/20/2024,9,1119.0,11,$88.08
501625,09/21/2024,9,,6,$23.45
501626,09/21/2024,7,1413.0,4,$34.35
501627,09/21/2024,2,1133.0,4,$20.64
501628,09/21/2024,1,1305.0,5,$32.34
501629,09/21/2024,12,1191.0,4,$17.71
501630,09/21/2024,12,1172.0,4,$35.37
501631,09/21/2024,7,,6,$37.29
501632,09/21/2024,8,1262.0,6,$41.60
501633,09/21/2024,9,1046.0,1,$24.86
501634,09/21/2024,12,1136.0,5,$32.07
501635,09/21/2024,12,1400.0,1,$46.33
501636,09/21/2024,8,1364.0,7,$32.92
501637,09/21/2024,1,1146.0,2,$26.67
501638,09/21/2024,10,1233.0,4,$54.37
501639,09/21/2024,11,1294.0,8,$57.68
501640,09/21/2024,12,1397.0,4,$41.22
501641,09/21/2024,12,1112.0,2,$46.75
501642,09/21/2024,1,,5,$42.68
501643,09/21/2024,4,1165.0,4,$27.93
501644,09/21/2024,2,1426.0,5,$35.68
501645,09/21/2024,9,1457.0,5,$35.67
501646,09/21/2024,3,1269.0,2,$23.52
501647,09/21/2024,5,1014.0,9,$47.83
501648,09/21/2024,10,,4,$29.19
501649,09/21/2024,1,1241.0,7,$47.29
501650,09/21/2024,2,1265.0,5,$53.30
501651,09/21/2024,5,1142.0,4,$36.37
501652,09/21/2024,12,1358.0,3,$25.77
501653,09/21/2024,5,1448.0,4,$39.11
501654,09/21/2024,3,1045.0,7,$56.35
501655,09/21/2024,8,1448.0,3,$13.44
501656,09/21/2024,4,1130.0,3,$35.18
501657,09/21/2024,7,1124.0,2,$25.10
501658,09/21/2024,9,,5,$48.46
501659,09/21/2024,10,,2,$7.42
501660,09/21/2024,3,1260.0,2,$21.25
501661,09/21/2024,12,1195.0,2,$22.82
501662,09/21/2024,5,,4,$27.68
501663,09/22/2024,7,1021.0,3,$19.93
501664,09/22/2024,11,1220.0,2,$15.74
501665,09/22/2024,3,1201.0,6,$58.14
501666,09/22/2024,6,1058.0,1,$11.53
501667,09/22/2024,2,,4,$43.78
501668,09/22/2024,3,,5,$24.33
501669,09/22/2024,5,1412.0,8,$71.10
501670,09/22/2024,1,1337.0,4,$28.62
501671,09/22/2024,1,1489.0,5,$75.80
501672,09/22/2024,9,1450.0,4,$23.76
501673,09/22/2024,9,1056.0,7,$29.84
501674,09/22/2024,9,1471.0,7,$45.00
501675,09/22/2024,2,1093.0,4,$20.78
501676,09/22/2024,12,1435.0,3,$47.85
501677,09/22/2024,7,1326.0,2,$23.11
501678,09/22/2024,1,,4,$21.76
501679,09/22/2024,8,1363.0,11,$95.32
501680,09/22/2024,11,1451.0,1,$31.92
501681,09/22/2024,1,1460.0,1,$21.54
501681,09/22/2024,1,1460.0,1,$21.54
501682,09/22/2024,5,1450.0,1,$31.45
501683,09/22/2024,5,1435.0,6,$57.66
501684,09/22/2024,1,1463.0,6,$33.60
501685,09/22/2024,7,,4,$39.48
501686,09/23/2024,5,1168.0,3,$24.16
501687,09/23/2024,3,1413.0,5,$36.11
501688,09/23/2024,4,1004.0,9,$55.07
501689,09/23/2024,8,1064.0,15,$122.13
501690,09/23/2024,11,1071.0,7,$54.96
501691,09/23/2024,4,1209.0,4,$39.48
501692,09/23/2024,8,1111.0,17,$156.38
501693,09/23/2024,3,1246.0,1,$19.48
501694,09/23/2024,9,,4,$31.37
501695,09/23/2024,2,1081.0,4,$38.06
501696,09/23/2024,3,1304.0,2,$28.95
501697,09/23/2024,7,1043.0,6,$42.40
501698,09/23/2024,4,1178.0,13,$86.00
501699,09/23/2024,5,1325.0,4,$46.77
501700,09/23/2024,3,1485.0,5,$32.84
501701,09/23/2024,5,1439.0,1,$19.55
501702,09/23/2024,4,1222.0,3,$17.07
501703,09/23/2024,5,1038.0,8,$51.85
501704,09/23/2024,6,1237.0,7,$60.87
501705,09/24/2024,5,1099.0,8,$42.39
501706,09/24/2024,9,,3,$27.70
501707,09/24/2024,12,1022.0,5,$42.88
501708,09/24/2024,9,1264.0,10,$48.82
501709,09/24/2024,7,1272.0,6,$52.20
501710,09/24/2024,2,1469.0,4,$27.36
501711,09/24/2024,2,1406.0,5,$35.61
501712,09/24/2024,9,1354.0,9,$62.35
501713,09/24/2024,8,1400.0,11,$93.19
501714,09/24/2024,6,1432.0,6,$35.40
501715,09/24/2024,2,,5,$41.03
501716,09/24/2024,8,1162.0,3,$28.80
501717,09/24/2024,10,1059.0,2,$43.53
501718,09/24/2024,7,1342.0,4,$21.82
501719,09/24/2024,2,1363.0,22,$174.21
501720,09/24/2024,9,1396.0,8,$79.03
501721,09/24/2024,9,,6,$38.43
501721,09/24/2024,9,,6,$38.43
501722,09/24/2024,11,1357.0,10,$69.46
501723,09/24/2024,6,1255.0,1,$8.13
501724,09/24/2024,8,1079.0,11,$88.83
501725,09/24/2024,9,1130.0,4,$44.76
501726,09/24/2024,6,1151.0,2,$27.59
501727,09/25/2024,4,1259.0,8,$44.23
501728,09/25/2024,3,1294.0,11,$76.37
501729,09/25/2024,8,1183.0,4,$35.43
501730,09/25/2024,1,1104.0,3,$27.16
501731,09/25/2024,10,1234.0,8,$84.10
501732,09/25/2024,12,1377.0,1,$35.88
501733,09/25/2024,5,1126.0,2,$34.88
501734,09/25/2024,1,1422.0,3,$17.30
501735,09/25/2024,11,1444.0,4,$22.45
501736,09/25/2024,12,1107.0,6,$57.43
501737,09/25/2024,6,1354.0,11,$72.33
501738,09/25/2024,6,1041.0,3,$31.95
501739,09/25/2024,4,1331.0,3,$28.39
501740,09/26/2024,3,1034.0,3,$16.89
501741,09/26/2024,5,1438.0,8,$49.31
501742,09/26/2024,4,,5,$34.10
501743,09/26/2024,2,,6,$43.89
501744,09/26/2024,10,1463.0,8,$46.64
501745,09/26/2024,4,,2,$26.69
501746,09/26/2024,1,,4,$34.25
501747,09/26/2024,11,1276.0,14,$102.78
501748,09/26/2024,10,1264.0,10,$89.21
501749,09/26/2024,1,,3,$28.87
501750,09/26/2024,12,,6,$42.41
501751,09/26/2024,5,1199.0,1,$14.63
501752,09/26/2024,12,1497.0,7,$33.25
501752,09/26/2024,12,1497.0,7,$33.25
501753,09/26/2024,5,1096.0,24,$180.02
501754,09/26/2024,4,1273.0,12,$86.65
501755,09/26/2024,1,,3,$38.21
501756,09/26/2024,5,1363.0,11,$81.68
501757,09/27/2024,10,1487.0,3,$34.77
501758,09/27/2024,11,1288.0,11,$78.53
501759,09/27/2024,4,,2,$14.86
501760,09/27/2024,5,1126.0,1,$28.79
501761,09/27/2024,4,,11,$82.67
501762,09/27/2024,8,1165.0,6,$26.93
501763,09/27/2024,5,1311.0,5,$50.66
501764,09/27/2024,2,1309.0,11,$73.78
501765,09/27/2024,5,1457.0,2,$12.46
501766,09/27/2024,4,1022.0,7,$40.38
501767,09/27/2024,9,1447.0,4,$26.95
501768,09/27/2024,10,1240.0,5,$22.25
501769,09/27/2024,5,1062.0,2,$16.22
501770,09/27/2024,4,1250.0,3,$36.53
501771,09/27/2024,3,1122.0,6,$58.19
501772,09/27/2024,7,1108.0,12,$88.01
501773,09/27/2024,6,1033.0,14,$87.95
501774,09/27/2024,6,1028.0,9,$41.17
501775,09/29/2024,5,1063.0,4,$39.65
501776,09/30/2024,9,1381.0,11,$69.75
501777,09/30/2024,9,1407.0,5,$48.55
501778,09/30/2024,2,1103.0,1,$10.09
501779,09/30/2024,2,1432.0,5,$40.43
501780,09/30/2024,2,,2,$14.45
501781,09/30/2024,12,,2,$28.04
501782,09/30/2024,6,1456.0,9,$62.56
501783,09/30/2024,3,1368.0,2,$27.97
501784,09/30/2024,5,1198.0,5,$41.85
501785,09/30/2024,3,,4,$37.08
501786,09/30/2024,8,1325.0,1,$12.64
501787,09/30/2024,2,1147.0,2,$21.18
501788,09/30/2024,7,1175.0,7,$58.19
501789,09/30/2024,5,,3,$24.08
501790,09/30/2024,1,1480.0,2,$25.17
501791,09/30/2024,9,1495.0,8,$67.84
501792,09/30/2024,5,,6,$56.33
501793,10/01/2024,1,1376.0,8,$42.34
501794,10/01/2024,11,1184.0,3,$32.39
501795,10/01/2024,2,1433.0,6,$56.33
501796,10/01/2024,1,1498.0,3,$42.46
501797,10/01/2024,8,1280.0,7,$66.32
501798,10/01/2024,2,1165.0,16,$118.57
501799,10/01/2024,12,1308.0,6,$58.77
501800,10/01/2024,11,1415.0,2,$18.05
501801,10/01/2024,1,1034.0,13,$87.12
501802,10/01/2024,6,1292.0,9,$77.50
501803,10/01/2024,2,1495.0,4,$35.81
501804,10/01/2024,4,1442.0,7,$46.12
501805,10/01/2024,7,1356.0,8,$49.74
501806,10/01/2024,3,1041.0,4,$29.01
