Amount,Online,DistanceFromHome,PriorChargebacks,Fraud
69.9,0,15.9,0,0
5.27,0,3.0,0,0
27.23,1,26.4,0,1
45.62,0,17.3,0,0
18.76,1,8.4,0,0
185.3,0,0.4,1,0
77.84,0,3.7,0,0
22.05,0,13.0,0,0
17.54,0,15.0,1,0
19.91,0,5.1,0,0
67.88,1,11.2,0,0
14.81,0,7.1,0,0
28.01,1,11.2,0,0
57.06,1,8.5,0,0
30.19,1,29.9,0,0
44.24,0,5.8,0,0
49.49,1,14.7,0,0
9.08,0,8.9,0,0
19.95,1,0.6,2,1
19.03,0,5.5,2,0
23.15,0,0.5,0,0
26.44,0,9.7,0,0
11.98,1,1.3,0,0
27.24,0,7.9,0,0
49.78,0,1.1,1,0
26.5,0,10.4,0,0
15.23,0,9.2,0,0
7.91,1,5.6,1,0
45.94,0,15.0,0,0
44.05,1,0.1,0,0
48.57,0,12.0,0,0
100.21,0,11.8,0,0
13.5,1,34.0,0,0
12.55,1,2.4,0,0
99.47,1,1.1,0,0
40.57,0,2.0,0,0
197.86,1,1.1,0,0
34.96,0,5.4,0,0
49.75,1,16.3,0,0
35.22,1,2.7,0,0
53.73,1,16.5,0,0
278.41,0,9.4,1,0
173.31,1,29.7,0,0
27.06,0,2.4,0,0
6.45,1,14.3,0,0
17.75,1,18.9,0,0
28.76,1,11.5,0,0
23.04,0,0.6,0,0
34.94,1,9.7,0,0
34.89,0,3.3,0,0
9.29,0,0.1,1,0
44.5,0,52.0,0,0
55.57,1,3.9,1,0
31.98,1,12.0,0,0
9.06,1,4.4,0,0
10.6,0,5.3,1,0
39.49,0,16.2,1,0
28.18,1,0.2,1,0
27.1,1,17.9,1,0
20.17,1,3.7,0,0
8.21,1,0.2,0,0
63.19,0,6.8,0,0
49.32,0,2.5,0,0
6.96,0,19.0,1,0
5.08,0,5.5,0,0
18.89,0,0.8,0,0
37.83,1,15.2,0,0
53.66,0,10.6,0,0
32.6,1,0.1,1,0
18.83,0,11.4,0,0
23.94,1,24.9,0,0
71.78,1,5.2,0,0
27.2,1,0.7,0,0
45.7,0,7.2,0,0
32.05,0,12.5,0,0
18.72,0,5.2,0,0
72.77,0,1.0,0,0
284.34,1,3.8,0,0
8.85,0,3.7,0,0
27.36,0,7.0,0,0
77.27,0,2.5,0,0
29.63,0,7.8,0,0
78.98,1,24.1,0,0
105.89,1,6.6,0,0
12.86,1,13.7,1,0
14.71,1,9.6,0,0
19.03,0,3.0,1,0
22.99,0,29.1,0,0
13.15,1,7.9,1,1
21.31,0,13.4,0,0
12.28,0,8.1,0,0
43.37,0,5.9,0,0
15.25,1,3.6,0,0
38.77,0,11.1,0,0
16.22,0,2.3,0,0
40.53,0,2.0,0,0
14.24,0,14.8,0,0
80.1,0,24.5,0,0
131.68,0,16.6,0,0
25.97,0,26.8,0,0
380.9,0,4.2,0,0
6.57,0,5.5,0,0
27.08,0,10.0,0,0
88.29,1,8.5,0,0
55.09,0,27.2,0,0
39.36,0,5.1,1,0
16.85,1,7.9,0,0
37.27,0,2.8,0,0
31.47,0,15.2,0,0
24.54,1,11.5,0,0
53.91,1,12.3,0,0
72.0,0,24.8,0,0
118.83,0,1.7,0,0
72.22,0,4.4,0,0
45.68,0,4.4,0,0
27.44,1,10.7,0,0
16.9,0,12.4,0,0
31.1,1,15.1,1,1
12.58,1,3.5,0,0
51.02,1,0.6,0,0
14.8,1,9.8,0,0
70.23,0,1.7,0,0
46.37,0,0.2,0,0
17.61,0,12.5,0,0
45.65,1,5.4,1,0
56.64,1,8.8,1,0
54.31,0,1.1,1,0
18.19,1,13.4,0,0
86.49,1,7.6,0,0
45.92,0,7.2,1,0
10.99,1,3.1,0,0
23.25,1,24.3,0,0
5.58,1,4.6,0,0
33.22,0,5.2,0,0
25.14,0,4.6,0,0
41.48,0,0.5,0,0
23.88,1,6.7,0,0
138.5,1,32.5,0,1
29.16,1,0.5,0,0
18.2,0,9.5,0,0
22.17,1,19.0,0,0
46.85,0,14.5,0,0
18.03,0,7.3,0,0
64.83,1,4.5,0,0
81.34,0,0.7,0,0
77.51,1,14.9,0,0
60.61,0,6.8,0,0
40.98,1,7.3,0,0
181.73,1,3.6,0,0
59.25,1,4.9,0,0
111.26,1,0.1,0,0
72.92,1,6.5,0,0
58.4,0,4.0,0,0
73.05,1,17.3,0,0
25.19,1,12.3,0,0
8.32,0,14.8,0,0
28.63,1,2.3,0,1
39.32,0,8.1,0,0
82.79,1,4.3,0,0
61.2,0,19.3,0,0
24.37,1,4.3,0,0
68.54,0,1.9,0,0
12.71,1,14.2,0,0
15.18,0,10.9,0,1
123.84,0,4.3,0,0
66.1,1,1.1,0,0
23.21,0,3.0,1,0
55.24,0,8.1,0,0
93.06,1,22.2,0,0
17.9,0,10.9,1,0
28.11,0,3.4,0,0
37.34,1,10.2,0,1
10.42,1,25.8,0,0
50.13,0,2.4,0,0
35.65,1,5.5,0,1
84.45,1,18.8,0,0
18.91,1,3.2,0,0
80.06,0,18.8,0,0
75.78,0,29.5,0,0
25.58,0,0.6,0,0
24.49,0,5.9,0,0
6.72,0,4.4,0,0
5.36,1,1.2,0,0
45.78,0,2.9,0,0
137.62,0,6.5,0,0
132.84,0,8.9,1,0
84.38,1,3.1,0,0
25.63,0,26.8,1,0
89.96,0,9.7,0,0
17.47,1,24.2,0,0
192.52,0,8.9,1,0
12.92,1,11.4,0,0
22.12,0,15.0,0,0
31.44,0,3.7,0,0
42.54,1,2.3,0,0
9.28,0,4.0,0,0
2.77,0,5.2,0,0
30.71,1,24.5,0,0
25.15,0,0.9,1,0
92.74,0,2.2,0,0
31.99,0,26.9,0,0
12.61,0,16.5,0,0
15.06,0,15.8,1,0
12.78,0,1.5,0,0
12.28,0,2.0,1,0
79.97,0,2.7,0,0
58.46,0,11.5,0,0
24.22,1,3.0,0,0
88.94,1,6.4,0,0
8.26,1,8.4,0,0
32.57,0,7.1,0,0
73.92,0,0.0,1,0
31.49,1,25.5,0,0
23.04,0,0.7,0,0
14.98,0,8.3,1,0
86.32,1,9.7,0,1
21.28,1,5.3,0,0
36.56,0,2.6,0,0
18.98,0,14.6,0,0
47.71,0,2.5,0,0
45.13,0,10.5,0,0
199.42,0,8.5,0,0
15.54,0,15.7,0,0
67.2,0,21.2,0,0
35.81,0,0.6,0,0
62.9,0,14.9,1,1
13.4,1,17.0,0,0
40.89,1,2.3,0,0
27.3,0,30.2,0,0
18.0,1,22.6,1,0
25.69,1,41.7,0,0
30.45,1,6.2,0,0
96.55,0,14.6,0,0
55.43,0,9.0,0,1
35.8,0,3.1,0,0
74.93,1,1.2,0,0
12.45,1,8.0,0,0
71.19,1,1.4,0,0
4.92,0,1.4,0,0
54.52,1,15.7,0,0
33.06,1,0.4,0,0
39.87,1,3.3,1,1
4.58,0,2.0,0,0
45.04,0,10.2,1,0
46.51,0,18.2,0,0
56.2,1,15.9,0,0
8.59,0,5.5,0,0
47.91,1,0.4,0,0
69.41,0,33.8,0,0
27.8,0,2.9,0,0
47.32,0,1.0,0,0
24.62,0,5.2,0,0
6.46,0,7.5,0,0
45.54,0,2.5,0,0
12.67,0,14.8,0,0
51.14,0,0.8,0,0
12.57,0,21.2,1,0
17.14,0,4.8,0,0
79.88,0,4.6,0,0
20.08,1,1.6,0,0
48.37,1,10.5,0,0
46.33,1,17.9,0,0
138.06,0,1.9,0,0
61.73,1,3.3,0,0
112.32,1,1.9,0,0
77.13,0,12.3,0,0
47.13,1,8.0,0,0
5.36,0,10.1,0,0
73.5,1,0.6,0,0
79.14,1,1.6,0,0
89.54,1,14.4,0,0
24.74,0,7.7,0,0
25.65,1,4.1,0,0
14.59,1,8.3,0,0
11.58,1,8.9,0,0
13.36,1,8.2,0,0
27.57,1,3.0,0,0
35.11,1,5.6,0,0
36.26,0,7.3,0,1
82.43,0,3.9,0,0
26.27,0,7.6,0,0
17.12,0,4.1,0,0
58.43,0,23.9,0,0
38.0,0,2.3,0,0
16.42,0,5.0,0,0
41.29,1,0.3,0,0
28.12,0,18.7,0,0
51.48,1,2.2,0,0
38.04,0,21.3,1,0
25.58,0,4.6,2,0
22.43,0,32.0,0,0
71.58,1,7.3,0,0
37.92,1,5.7,0,0
19.9,0,16.8,0,0
94.94,1,22.8,0,0
96.14,1,13.8,0,0
49.1,0,4.9,0,0
42.71,1,0.4,0,0
96.8,1,1.9,0,0
148.72,0,22.3,0,0
27.08,0,3.4,2,0
50.67,1,11.4,0,0
16.51,0,5.3,1,0
18.98,0,3.0,0,0
28.47,1,0.4,1,0
17.09,1,1.9,0,0
27.8,0,0.8,0,0
69.41,1,8.7,0,0
18.01,0,3.3,0,0
11.59,0,6.5,0,0
21.99,0,0.9,0,0
30.21,0,14.4,1,0
54.17,0,0.8,0,0
96.44,0,0.0,0,0
27.55,0,17.1,0,0
17.95,0,6.9,0,0
25.07,0,2.5,0,0
21.45,1,7.6,0,0
48.29,1,12.7,0,0
67.03,0,17.5,0,0
17.25,1,11.9,0,0
214.79,1,3.1,0,0
16.94,0,0.1,0,0
85.73,1,2.9,0,0
5.36,0,9.1,0,0
68.22,1,5.9,0,1
16.87,1,15.3,1,0
29.01,0,0.0,1,0
38.65,0,13.1,0,0
36.19,0,4.7,1,0
104.16,1,3.5,0,0
14.37,0,4.6,0,0
7.69,1,56.8,0,0
17.08,1,3.1,0,1
7.18,1,6.3,0,0
98.22,0,15.3,0,0
14.01,0,4.1,0,0
14.54,0,20.7,0,0
36.85,0,26.9,0,0
75.14,0,7.8,0,0
68.68,0,1.2,0,0
22.68,1,1.1,0,0
46.46,0,4.0,0,0
12.82,0,3.6,0,0
42.24,1,2.2,0,0
64.68,1,6.6,0,0
40.72,0,4.2,0,0
38.3,1,4.0,0,0
124.01,0,25.1,0,0
126.83,0,15.7,1,0
63.36,0,7.2,0,0
9.25,0,2.2,0,0
60.95,0,30.9,0,0
63.28,0,8.5,0,0
47.62,0,7.0,0,0
13.44,0,17.3,0,0
71.91,1,17.2,0,0
37.38,0,8.5,0,0
98.37,0,7.2,0,0
56.81,0,5.8,0,0
60.39,0,9.6,0,0
23.15,1,12.3,0,0
13.93,0,1.1,0,0
9.55,1,8.7,0,0
70.6,0,2.2,0,0
27.26,1,9.3,0,0
27.64,0,26.7,1,0
6.68,1,3.5,0,0
194.27,1,0.1,0,0
59.99,1,15.8,0,0
23.88,1,3.2,0,0
19.47,0,6.7,0,0
29.65,0,1.6,0,0
36.07,0,8.3,0,0
39.55,0,2.5,0,0
17.34,0,3.8,0,0
29.14,0,6.0,0,0
4.06,1,11.3,0,0
58.83,0,26.7,0,0
247.1,0,6.4,0,0
14.63,0,14.5,0,0
47.9,1,44.2,0,0
36.54,0,0.3,0,0
62.21,1,3.5,0,0
22.64,1,24.1,0,0
27.95,1,6.1,0,0
76.41,0,0.5,0,0
8.77,1,0.8,0,0
71.99,1,0.9,0,0
91.7,0,4.4,0,0
72.82,0,3.2,0,0
20.16,0,1.4,0,0
111.83,1,17.5,0,0
11.56,0,10.2,1,0
30.97,1,8.8,0,0
38.86,1,6.6,0,0
124.2,0,33.3,0,0
29.01,1,15.3,0,0
30.65,1,11.8,0,0
9.67,0,5.8,0,0
34.94,1,21.2,0,0
41.23,1,17.4,0,0
23.82,1,17.5,0,0
54.64,0,31.7,1,0
116.64,0,8.1,0,0
7.1,0,15.4,0,0
155.5,0,5.5,0,0
5.58,1,14.7,1,0
11.56,0,6.9,0,0
46.87,0,11.2,0,0
63.13,0,9.3,0,0
9.76,1,2.4,1,0
208.47,1,10.9,0,0
9.02,0,2.0,1,0
25.29,1,3.8,0,0
19.48,0,2.8,0,0
27.47,1,1.1,0,0
13.6,0,11.3,0,0
38.18,0,1.6,0,0
38.64,0,33.1,0,0
5.49,1,30.2,0,0
8.95,1,14.2,0,0
27.62,0,1.7,0,0
73.6,0,6.0,0,0
34.15,0,43.1,0,1
30.29,0,7.8,0,0
24.86,1,10.1,0,0
93.52,0,4.2,0,0
14.12,1,2.8,0,0
17.73,0,9.6,1,0
12.64,0,9.1,0,0
144.88,0,1.2,0,0
23.51,1,63.2,0,1
7.02,1,3.7,0,0
207.75,1,1.1,1,0
48.84,0,33.8,0,0
59.27,0,8.9,1,0
4.72,0,31.4,0,1
12.82,0,7.9,0,0
15.36,0,20.8,0,0
43.71,1,7.7,0,0
29.38,1,1.7,0,0
19.78,0,0.1,0,0
13.86,0,1.3,0,0
15.32,0,10.5,0,0
11.34,0,1.5,0,0
94.89,1,1.8,0,0
16.69,1,27.7,0,0
19.54,0,13.5,0,0
20.48,1,8.9,0,0
44.66,1,2.6,0,0
29.98,1,10.8,0,0
139.11,0,13.4,0,0
17.03,0,8.6,0,0
9.94,0,28.5,0,0
149.41,0,7.5,0,0
55.71,1,9.4,0,0
14.03,1,5.9,0,0
80.03,1,3.4,1,1
33.6,1,12.3,0,0
49.47,0,10.6,0,0
4.33,1,4.3,0,0
92.91,1,17.5,0,0
44.58,1,0.6,0,0
46.33,0,1.7,0,0
45.13,0,1.9,0,0
77.56,1,1.7,0,0
68.87,1,6.9,0,0
191.86,0,8.0,0,0
93.99,0,3.2,1,1
9.4,0,1.0,0,0
153.63,0,30.2,0,0
28.99,0,6.0,0,0
19.79,1,1.0,0,0
12.5,1,22.5,0,0
78.42,0,1.7,1,0
35.53,0,2.8,0,0
44.83,0,0.7,1,0
181.93,0,6.6,0,0
35.89,1,9.4,0,0
5.43,0,0.9,0,1
31.08,1,5.5,0,0
36.93,0,4.2,1,0
27.51,1,0.7,0,0
13.37,1,0.8,0,0
41.48,0,0.8,0,0
13.6,1,7.5,1,0
15.9,1,3.0,0,0
11.05,0,2.3,0,0
21.52,1,0.0,0,0
28.42,1,14.1,0,0
7.87,0,17.1,0,0
22.99,0,5.9,0,0
6.59,0,1.0,0,0
12.28,1,12.5,0,0
45.89,1,1.1,0,0
123.82,1,24.4,0,1
20.51,0,0.6,0,0
70.54,1,1.3,0,0
12.54,0,5.3,1,0
36.15,0,4.2,1,0
31.4,0,17.4,0,0
27.59,0,5.4,0,0
30.02,0,2.0,0,0
11.31,0,8.8,0,0
24.88,0,6.1,0,0
21.08,1,12.5,1,0
17.83,0,20.7,0,0
26.85,0,10.1,0,0
20.32,0,2.4,0,0
24.3,0,20.7,0,0
39.18,1,9.3,0,0
42.53,0,11.8,0,0
65.81,1,2.4,1,0
8.32,1,7.6,0,0
46.81,1,5.5,0,0
4.95,1,2.1,0,0
30.33,0,19.2,0,0
59.39,1,4.7,0,0
33.15,0,0.3,0,0
31.33,1,31.0,1,0
39.67,0,2.6,0,0
97.23,1,1.9,0,0
22.38,0,7.3,0,0
33.35,0,17.9,0,0
69.81,0,3.1,0,0
35.23,1,2.1,0,0
36.42,1,1.9,0,0
34.84,0,15.6,0,0
23.01,0,16.3,0,0
30.54,1,16.5,0,0
59.65,1,6.4,0,0
9.04,1,4.4,0,0
66.76,1,15.9,0,0
20.54,0,1.0,0,0
27.98,1,6.1,0,0
109.14,0,10.0,0,0
7.65,1,5.6,0,0
41.69,1,2.6,0,0
36.32,0,31.8,0,0
8.37,0,5.0,0,0
49.81,1,1.4,0,0
50.98,1,9.5,0,0
5.72,0,29.0,0,0
12.02,0,3.3,0,0
23.9,1,8.8,0,0
86.25,0,2.6,0,0
66.06,0,1.3,0,0
5.62,0,5.9,0,0
73.39,1,17.5,0,1
74.0,0,0.5,0,0
480.05,1,9.5,2,1
58.78,1,2.6,1,0
40.49,1,13.9,0,0
10.28,0,1.8,0,0
29.8,0,9.1,0,0
17.92,0,0.0,0,0
31.76,0,2.5,0,0
21.92,1,20.6,0,0
30.35,0,5.3,0,0
34.19,0,4.5,0,0
8.95,0,7.2,0,0
62.35,0,8.7,0,0
10.81,0,1.4,0,0
35.96,1,3.0,0,0
94.27,1,16.2,0,0
71.01,0,2.1,1,0
40.45,0,5.5,0,0
175.1,1,11.4,0,0
17.23,1,6.5,0,0
2.64,0,1.0,1,0
6.1,1,1.5,1,0
4.36,1,0.2,0,0
24.85,1,12.9,0,1
10.99,1,4.5,0,0
33.83,1,14.2,0,0
17.09,0,37.2,0,0
83.23,0,21.3,0,0
77.81,1,2.7,0,0
25.5,0,14.9,0,0
10.48,0,6.0,0,0
25.59,0,4.0,1,1
52.89,0,12.4,0,0
12.75,1,21.9,0,0
113.43,1,3.1,0,0
15.53,1,3.3,0,0
17.1,0,10.9,0,0
42.52,0,0.1,0,0
82.1,0,15.1,0,0
23.48,0,3.3,0,0
35.89,1,18.3,0,0
27.89,0,16.9,0,0
79.82,0,6.3,0,0
89.13,0,20.1,1,0
45.45,0,19.6,0,0
38.62,0,22.0,0,0
67.52,0,0.1,1,0
7.92,0,0.2,1,0
9.28,1,2.9,0,0
95.04,1,5.7,3,0
22.2,1,16.9,0,0
74.33,1,1.3,0,0
21.21,0,26.6,0,0
12.67,1,16.5,0,0
10.06,0,3.6,0,0
35.98,0,0.8,0,0
68.99,0,3.7,0,0
39.74,1,1.6,1,0
8.83,1,3.0,1,0
16.48,0,24.4,0,0
39.27,0,17.1,0,0
23.48,1,7.1,0,0
113.97,1,2.0,0,0
80.5,1,2.9,0,0
103.29,0,0.9,0,0
52.1,1,3.5,0,0
12.71,1,8.9,0,0
210.47,1,4.6,0,0
131.59,1,6.2,1,0
98.77,1,2.0,0,0
33.93,0,3.1,0,0
48.57,0,1.1,0,0
23.24,0,6.9,0,0
7.76,1,11.2,0,0
28.03,0,0.4,0,0
114.76,0,4.0,1,0
44.08,1,41.6,0,0
166.8,1,3.6,1,0
24.95,0,21.8,0,0
41.28,0,8.4,0,0
20.79,1,14.6,0,0
49.65,1,2.2,0,0
19.9,0,1.4,0,0
97.86,0,29.0,0,0
7.7,1,16.5,0,0
33.63,0,47.6,0,0
7.0,0,12.5,0,0
37.45,1,1.8,0,0
63.49,0,15.3,0,0
8.12,1,12.2,0,0
76.73,0,2.2,0,0
69.66,1,2.7,1,0
125.33,0,1.5,0,0
19.22,1,6.4,0,0
32.94,1,1.4,0,0
24.58,1,14.9,0,0
39.33,0,1.6,0,0
9.51,0,13.5,1,0
23.47,1,9.5,0,0
14.3,1,9.3,0,0
17.92,0,19.7,1,0
47.36,1,3.9,0,1
11.68,0,5.8,0,0
61.58,1,19.7,0,0
6.87,0,26.7,0,0
40.73,0,19.0,0,0
12.54,0,6.2,0,0
42.72,0,23.5,0,0
110.02,1,16.8,0,0
61.04,1,51.1,0,0
93.02,1,7.8,0,0
15.96,1,6.8,0,0
197.26,0,25.7,0,0
30.16,1,22.6,0,1
31.28,1,23.8,0,0
190.66,1,3.4,0,0
28.46,0,10.1,0,0
25.88,1,7.7,0,0
57.83,0,0.8,0,0
36.0,1,0.2,0,0
75.13,1,1.8,0,0
9.34,0,16.7,0,0
11.88,0,3.7,0,0
3.44,1,20.7,2,0
57.98,0,5.0,0,0
120.91,0,4.5,0,0
18.01,0,1.0,0,0
32.85,1,3.1,0,0
96.82,1,9.3,0,0
43.12,0,15.6,0,0
10.98,0,1.5,0,0
13.68,0,1.0,0,0
17.24,1,5.2,0,0
72.13,1,5.1,0,0
21.03,1,13.3,0,0
39.55,1,1.9,0,0
10.44,0,7.3,0,0
58.45,0,0.9,0,0
189.01,0,23.0,0,0
20.85,0,2.0,0,0
92.97,0,4.5,0,0
69.03,0,21.0,0,0
19.39,1,3.2,0,0
13.25,0,7.9,0,0
88.77,1,3.2,0,0
26.97,1,5.8,0,0
31.75,1,4.9,0,0
22.42,0,6.2,0,0
119.89,1,16.0,3,1
18.1,0,19.1,1,0
87.58,1,5.5,0,1
21.78,0,2.3,0,0
23.32,0,9.9,0,0
23.49,1,3.4,0,1
33.67,0,7.8,0,0
16.92,0,6.3,0,0
39.7,0,5.8,0,0
22.45,0,3.1,0,0
16.09,0,1.1,0,0
46.15,0,53.4,0,0
81.82,1,10.6,0,0
29.69,0,3.1,1,0
69.72,0,5.2,0,0
28.07,0,0.1,0,0
73.03,0,12.8,0,0
113.49,0,12.4,0,0
10.0,0,17.1,0,0
7.86,0,2.1,1,0
160.33,1,10.5,0,0
11.54,1,4.4,0,0
29.95,0,0.7,0,0
61.86,1,32.1,0,0
4.46,0,27.1,0,0
88.76,0,6.8,0,0
37.05,1,24.0,1,0
13.89,1,7.2,0,0
12.02,1,8.6,0,0
97.42,1,1.3,2,0
48.04,1,7.1,1,0
15.73,0,10.2,0,0
47.12,0,2.5,0,0
55.7,0,11.4,0,0
40.2,1,24.9,0,0
7.98,1,22.2,3,1
34.6,0,6.4,0,0
12.05,0,1.2,0,0
69.79,1,1.4,0,0
43.05,1,8.6,0,0
65.04,0,12.5,0,0
67.82,1,4.0,0,0
4.9,0,21.2,1,0
6.86,0,5.8,0,1
29.51,0,0.0,0,0
11.74,0,0.1,1,0
12.26,1,8.5,0,0
55.87,1,7.3,0,0
256.42,1,1.6,0,0
24.02,0,15.5,0,0
4.01,1,6.1,0,0
76.76,1,10.5,0,0
40.88,1,6.3,0,0
31.76,0,6.2,0,0
58.03,1,4.3,0,0
19.46,0,7.6,0,0
22.76,0,36.1,0,0
15.94,0,12.4,0,0
64.2,0,2.7,0,0
99.91,0,2.3,0,0
9.79,1,6.0,0,0
24.0,0,10.1,0,0
6.45,1,17.2,0,0
32.33,0,5.3,0,0
27.41,0,1.5,1,0
37.34,1,9.5,0,0
74.0,1,0.2,0,0
42.76,0,18.2,0,1
123.33,0,1.8,0,0
33.87,1,20.4,0,0
20.44,1,3.5,0,0
47.49,0,14.3,0,0
27.0,1,1.4,0,0
46.22,0,0.5,1,0
26.06,1,20.7,0,0
73.26,0,2.5,1,0
47.18,1,8.2,0,0
40.44,0,4.5,1,0
42.29,0,0.8,1,0
18.29,1,11.4,0,0
30.13,1,18.8,0,0
24.48,1,17.1,0,0
47.18,1,9.6,0,0
52.14,0,0.5,0,0
119.51,1,8.7,0,0
15.08,0,0.5,0,0
27.6,1,6.1,1,0
31.3,0,15.7,0,0
5.22,0,7.8,0,0
67.19,0,4.3,0,0
24.01,0,4.8,0,0
25.96,1,1.8,0,0
64.49,0,5.9,0,0
48.23,1,8.3,0,0
107.83,0,15.4,0,0
14.82,1,6.6,0,0
332.94,1,2.9,0,0
12.13,1,8.9,0,0
113.99,0,32.4,0,0
42.82,0,1.4,1,0
145.03,1,4.7,0,0
22.31,0,32.6,1,1
12.6,0,12.0,0,0
38.9,0,1.9,0,0
51.51,1,4.8,0,0
39.54,1,3.2,0,0
29.89,0,4.6,0,0
9.8,1,2.8,0,0
100.75,0,5.8,1,0
35.96,0,6.3,0,0
20.91,0,1.1,0,0
27.35,0,1.1,0,0
20.5,0,14.8,0,0
26.3,1,2.1,1,0
7.79,0,10.6,0,0
19.08,1,2.2,0,0
56.73,0,4.0,0,0
65.61,0,2.2,0,1
104.8,0,1.9,0,0
15.89,0,9.0,0,0
36.43,0,6.5,0,0
14.13,1,2.0,0,0
16.6,1,10.2,0,0
48.49,0,9.0,0,0
24.89,1,9.1,0,0
27.32,0,1.6,0,0
85.11,0,3.7,0,0
74.6,1,22.6,1,0
26.81,1,49.7,0,0
19.62,0,13.1,0,0
28.98,0,3.1,0,0
21.58,0,1.0,0,0
57.39,0,3.1,0,0
31.57,1,24.4,0,0
8.03,0,4.2,0,0
15.3,0,0.9,0,0
54.01,1,9.1,0,0
29.35,1,19.8,1,0
34.93,1,7.4,1,0
78.85,0,33.6,0,0
69.29,0,1.8,1,0
27.88,1,6.2,0,0
34.16,0,8.1,0,0
21.91,0,5.3,0,0
34.61,1,17.1,1,0
20.05,0,12.3,0,0
14.44,1,3.1,0,0
14.55,1,16.8,0,0
39.2,0,4.9,1,0
11.44,1,4.6,0,0
15.07,1,5.6,0,0
13.2,1,12.5,0,0
58.18,1,4.9,0,0
36.21,0,0.1,0,0
10.85,0,9.0,0,0
11.0,0,5.1,0,0
59.21,0,3.3,0,0
53.95,1,1.0,0,0
6.91,1,3.6,1,0
90.76,0,4.8,0,0
20.82,1,1.5,0,0
45.4,0,7.7,1,0
27.42,1,1.5,0,0
54.5,0,8.8,1,0
76.74,1,3.9,0,0
41.21,0,15.1,0,0
28.18,1,13.1,0,0
98.41,0,6.0,0,0
63.97,0,1.6,0,0
36.05,0,28.1,0,0
43.19,1,9.0,0,0
15.65,0,2.9,0,0
30.08,1,4.0,0,0
9.85,0,42.7,0,0
11.22,1,1.1,0,0
31.71,1,7.8,0,0
35.35,0,5.8,0,0
69.38,0,17.2,0,0
30.49,1,49.4,1,0
33.9,0,0.9,0,0
37.69,0,20.9,0,0
63.47,0,9.9,0,0
6.75,0,1.6,0,0
52.75,0,0.1,1,1
10.26,0,3.5,0,0
72.51,0,13.8,0,0
55.18,0,26.0,0,0
130.08,0,6.0,1,0
22.51,0,14.8,0,0
56.01,1,0.5,0,0
35.71,0,9.5,0,0
52.47,0,2.8,0,0
42.28,0,4.4,0,0
19.88,0,5.4,0,0
30.22,0,1.5,0,0
42.14,1,10.9,0,0
64.41,1,7.7,0,0
10.79,0,9.7,1,0
7.95,0,14.0,1,0
119.09,1,4.8,0,0
21.86,0,6.2,0,0
14.53,0,34.5,0,1
56.36,0,11.0,0,0
107.27,0,7.4,0,0
14.02,0,13.0,0,0
30.53,0,5.6,0,0
13.53,0,11.3,0,0
20.51,0,10.4,0,0
16.11,0,4.1,0,0
23.98,1,17.4,0,0
79.31,1,13.3,0,0
39.34,1,14.7,0,0
20.41,1,7.6,0,0
94.91,1,3.8,0,0
38.9,0,1.1,0,0
41.84,1,4.1,2,1
29.2,0,9.6,0,0
28.55,0,11.2,0,0
16.49,1,0.3,0,0
18.97,0,1.0,0,0
21.3,0,0.3,0,0
139.9,1,0.4,0,0
80.18,1,0.8,1,0
8.83,0,13.7,0,0
13.97,1,0.2,0,0
110.52,1,0.8,0,0
24.22,0,5.0,1,0
93.86,0,0.8,0,0
104.62,0,18.4,0,0
6.9,1,6.3,0,0
23.45,0,6.0,0,0
55.86,1,2.3,0,0
18.35,1,1.3,0,0
6.52,0,0.1,0,0
32.59,1,2.1,0,0
59.06,1,7.2,0,0
25.02,0,0.3,0,0
109.66,0,6.5,0,0
74.44,0,4.6,0,0
28.49,0,11.8,0,1
50.26,1,0.4,0,0
23.92,0,9.5,0,0
43.68,0,4.0,0,0
120.82,0,2.6,0,0
30.13,0,1.7,0,0
36.4,1,0.9,1,0
71.56,1,2.0,0,0
58.79,0,6.1,0,0
46.54,0,10.7,1,0
55.62,1,0.4,0,0
40.46,1,8.3,2,0
16.66,0,1.3,0,0
15.31,0,8.4,0,0
41.32,1,1.5,0,0
38.93,0,9.6,0,0
16.88,1,31.3,2,0
105.78,1,0.4,0,0
100.25,1,1.6,0,0
27.08,0,0.7,0,0
50.82,0,1.1,1,0
30.35,1,4.0,0,0
44.95,0,32.0,0,0
18.93,0,2.8,0,0
11.96,0,1.9,1,0
9.73,0,2.0,0,0
11.41,0,0.3,0,0
33.74,1,7.5,0,0
25.66,1,2.7,0,0
44.86,0,5.4,0,0
31.07,0,1.4,0,1
64.14,1,2.9,0,0
105.6,1,5.5,0,0
55.47,0,0.8,1,0
8.77,0,7.0,0,0
36.06,0,8.0,0,1
20.5,0,8.3,0,0
32.47,1,1.9,0,0
22.36,1,0.6,0,0
221.67,1,3.2,1,1
110.77,1,28.4,1,1
27.2,1,2.0,0,0
61.95,1,3.8,0,0
32.19,1,7.7,0,0
17.28,1,2.5,0,0
129.08,1,6.4,0,1
5.53,1,0.8,0,0
42.59,0,27.8,0,0
26.81,0,25.2,0,0
32.98,0,10.7,0,0
3.3,0,9.2,0,0
40.23,0,1.0,0,0
39.5,1,0.8,0,0
88.38,1,23.5,0,0
20.44,0,2.7,0,0
33.98,0,33.5,0,0
50.41,0,8.1,0,0
69.83,0,53.5,0,0
140.53,0,7.5,0,0
6.48,1,13.8,0,0
22.16,1,3.2,0,0
13.13,0,6.8,0,0
10.98,0,2.2,0,0
22.1,0,1.5,0,0
47.36,0,9.5,0,0
77.82,0,1.5,0,0
13.91,1,9.6,0,0
58.15,0,12.2,0,0
30.01,1,2.4,0,0
69.98,1,3.9,0,0
53.16,1,19.0,0,0
33.46,1,9.7,1,0
31.86,1,17.4,0,0
63.89,0,0.5,1,0
186.32,1,4.4,0,0
153.81,1,4.8,1,1
25.58,1,4.9,0,0
92.04,1,1.2,0,0
40.73,0,6.3,0,0
50.88,0,5.8,0,0
24.91,1,20.3,0,0
33.09,0,16.0,0,0
63.6,1,12.7,0,1
100.02,0,2.5,0,0
45.21,1,0.5,0,0
16.62,0,3.7,0,0
8.56,0,3.8,0,0
12.91,0,9.3,0,0
10.05,1,7.5,0,0
11.39,1,11.1,0,0
31.72,1,5.5,0,0
105.51,0,12.2,0,0
4.73,0,2.5,1,0
40.23,1,5.1,0,0
7.45,0,23.0,0,0
40.84,0,3.2,0,0
98.3,1,22.2,1,0
17.18,0,11.5,0,0
87.93,0,1.5,0,0
12.12,0,9.2,0,0
29.82,0,3.2,0,0
55.52,1,8.4,0,0
136.66,1,3.0,0,0
14.08,0,33.9,0,0
15.56,0,6.6,0,0
86.39,1,3.2,0,0
137.55,0,5.0,0,0
19.09,0,6.5,0,0
30.68,0,4.2,0,0
30.79,0,2.3,0,0
35.76,0,8.8,1,0
17.83,0,1.3,0,0
20.29,0,4.1,1,0
28.31,1,1.7,0,0
65.09,1,19.1,0,0
26.55,0,8.4,0,1
26.83,1,0.7,0,0
17.98,1,3.0,0,0
37.75,0,16.0,0,0
22.16,0,2.3,2,0
84.13,1,10.2,0,0
26.9,0,10.5,1,0
43.74,0,6.4,0,0
9.8,1,4.2,0,0
31.91,1,11.0,0,0
25.81,1,5.0,0,0
31.78,0,15.0,0,0
117.03,0,8.5,1,0
12.82,0,7.5,0,0
73.85,0,12.7,0,0
21.97,0,5.7,0,0
65.98,0,12.1,0,0
39.22,1,2.9,0,0
73.76,0,0.7,0,0
211.61,0,42.3,0,0
16.25,0,4.3,0,0
8.14,0,22.1,0,0
14.14,0,9.3,0,1
70.34,1,2.3,0,0
8.01,0,3.9,0,0
132.58,0,7.5,0,0
28.9,0,40.0,1,0
48.11,0,6.9,0,0
47.5,1,12.6,0,0
16.28,0,6.5,0,0
29.34,0,7.0,0,0
3.86,1,1.7,0,0
94.57,0,7.5,1,0
22.73,1,3.9,0,0
28.42,0,5.0,0,0
48.03,0,8.9,2,0
20.97,0,0.2,0,0
5.61,0,13.5,0,0
2.92,0,6.4,0,0
52.3,1,1.4,0,0
32.91,0,15.6,0,0
9.62,1,1.5,0,0
177.46,0,3.0,0,0
24.7,1,15.3,0,1
104.77,0,3.6,0,0
29.76,1,4.6,0,0
46.38,1,5.4,0,0
17.69,0,3.6,1,0
42.47,0,16.6,0,0
28.83,0,6.7,1,0
69.37,1,3.8,0,0
28.41,0,5.8,0,0
35.49,1,11.2,0,0
19.91,1,0.3,0,0
78.26,0,13.3,0,0
16.19,1,23.5,0,0
87.15,1,7.6,0,0
9.29,1,4.2,0,0
48.13,1,6.9,0,0
20.03,0,1.8,0,0
10.92,0,22.2,0,0
56.44,1,3.3,1,1
32.0,1,48.7,0,0
12.44,1,15.3,0,0
39.27,0,1.2,0,0
28.58,1,13.5,0,0
25.87,0,5.4,0,0
32.03,1,0.2,1,1
36.49,0,13.6,0,0
25.93,0,0.3,0,0
66.98,0,0.9,0,0
110.23,0,9.7,0,0
11.47,0,5.0,1,0
32.19,0,14.6,0,0
15.44,1,2.2,0,0
75.41,1,10.5,0,0
75.45,1,2.1,0,0
18.3,0,11.9,0,0
87.25,1,15.3,0,0
72.52,0,12.6,0,0
18.75,1,13.4,0,0
26.19,1,2.1,0,0
14.75,0,4.5,0,0
39.59,0,44.1,1,1
23.11,1,11.5,1,0
118.18,0,17.0,0,0
24.46,1,1.1,0,0
37.26,1,4.4,0,0
6.31,0,2.0,0,0
26.38,1,5.0,0,0
92.54,1,31.2,0,0
11.08,1,6.0,0,0
8.17,0,5.5,0,0
59.98,0,1.0,0,0
42.52,0,5.8,0,0
31.17,1,20.5,0,0
66.93,1,1.7,0,0
34.78,0,3.9,0,0
46.43,0,0.9,0,0
38.31,1,18.0,0,1
14.8,1,3.4,0,0
10.72,0,4.7,0,0
51.76,0,3.6,0,0
37.63,1,11.3,0,0
30.83,0,4.8,0,0
54.35,0,12.2,0,0
14.92,1,2.8,0,0
20.45,1,11.6,0,0
16.27,0,5.7,0,0
6.26,0,11.2,0,0
27.01,0,13.6,0,0
15.57,1,22.6,0,0
89.88,1,3.9,0,0
98.02,0,26.1,0,0
9.88,0,33.0,1,0
28.36,1,2.0,1,0
27.06,0,43.8,0,0
47.6,1,10.4,0,0
11.44,1,4.7,1,1
89.02,1,8.6,0,0
11.62,1,4.2,0,0
66.7,0,4.6,0,0
19.33,0,34.4,0,0
14.31,1,3.8,0,0
18.69,0,7.4,0,0
90.07,0,24.7,0,0
43.18,0,2.8,0,0
24.04,0,7.9,0,0
101.06,0,0.9,0,0
156.77,1,12.6,0,0
29.47,0,4.9,0,0
17.1,1,8.2,0,0
40.2,0,10.9,1,0
65.15,0,4.9,0,1
77.6,0,2.3,0,0
15.84,0,0.7,0,0
42.28,0,10.4,1,0
25.63,0,0.5,0,0
47.49,1,3.5,0,0
34.76,0,15.0,0,0
10.42,1,14.1,0,0
28.13,0,1.0,0,0
59.13,0,17.4,1,0
202.44,1,1.3,0,0
34.89,0,5.9,0,0
96.57,0,9.8,0,0
63.54,0,5.2,0,0
15.91,1,9.1,0,0
65.14,1,1.9,0,0
6.89,0,13.9,0,0
18.99,1,17.7,0,0
23.14,0,0.0,0,0
29.64,0,4.2,0,0
104.06,0,13.5,0,0
9.24,0,16.4,0,0
38.13,0,5.3,0,0
17.69,1,66.0,0,0
14.16,1,19.4,0,0
17.13,0,15.9,0,0
213.18,0,3.6,0,0
57.35,1,18.2,0,0
80.82,1,10.2,0,0
12.81,1,28.0,0,0
13.23,0,2.0,0,0
95.7,0,14.1,1,0
2.73,1,20.2,0,0
78.03,1,14.6,0,0
69.14,0,4.1,0,0
104.86,1,5.1,0,0
63.54,0,4.1,0,0
32.81,0,0.8,0,0
33.38,0,9.4,0,0
71.72,1,28.8,0,0
21.08,1,0.2,0,0
21.48,0,0.7,0,0
19.03,0,28.9,0,0
21.43,0,7.7,0,0
103.05,0,23.1,0,0
67.52,1,1.4,0,0
4.31,1,17.8,1,0
124.76,0,7.6,1,0
16.22,0,12.6,0,0
38.86,1,1.9,1,0
75.92,1,4.8,0,0
64.47,0,30.1,0,0
17.88,1,3.3,0,0
52.09,1,1.2,0,0
9.66,1,5.6,0,0
34.11,1,17.1,0,0
82.76,0,2.3,0,0
23.93,1,6.2,0,0
34.15,0,3.5,2,0
21.66,1,2.5,0,0
39.47,0,0.0,0,0
44.02,1,5.5,0,0
77.14,0,2.4,0,1
38.67,0,2.3,0,0
60.04,0,19.9,0,0
49.09,1,0.6,1,0
25.37,1,8.1,0,0
49.84,1,11.9,0,0
100.16,1,1.7,0,0
20.63,0,0.3,0,0
35.2,0,5.7,1,0
25.0,1,16.6,0,0
42.05,1,12.3,0,0
28.53,1,22.2,0,0
38.98,0,13.0,0,0
6.32,0,0.0,0,0
68.8,1,11.7,0,0
65.53,0,7.2,0,0
53.7,1,34.4,0,0
30.3,1,0.8,0,0
45.38,1,3.2,0,0
144.8,1,0.0,0,1
26.84,0,0.2,0,0
61.5,0,1.6,0,0
12.35,1,2.0,0,0
80.16,0,1.9,0,0
91.42,0,0.4,0,0
160.63,0,11.7,0,0
32.79,0,0.7,0,0
5.25,0,2.7,0,0
61.95,0,3.8,0,0
57.9,0,61.0,0,1
28.92,0,8.8,0,0
22.68,1,3.3,1,0
6.16,0,7.8,0,0
9.01,1,7.3,0,0
33.78,0,10.2,1,0
155.85,0,7.9,0,0
32.06,1,5.4,0,0
83.13,0,18.7,0,0
28.98,1,2.2,0,0
36.65,0,2.2,0,0
14.56,0,9.1,0,0
37.27,0,3.9,1,0
28.47,0,2.9,0,0
53.64,0,7.5,0,0
6.34,1,1.4,0,0
89.1,0,3.0,0,0
41.84,0,5.6,0,0
62.51,0,7.7,0,0
27.35,1,4.4,0,0
26.91,1,3.0,0,0
41.68,0,3.4,0,0
25.83,0,34.2,0,0
61.73,0,4.3,0,0
10.33,1,10.7,0,0
18.84,1,0.2,0,0
52.55,0,1.9,1,0
42.28,1,2.9,0,0
157.29,1,0.1,0,0
13.26,1,20.5,0,0
27.55,0,0.2,0,0
27.0,1,3.4,0,0
107.34,1,22.3,0,0
31.8,0,19.2,0,0
47.46,0,5.4,0,0
50.26,0,17.0,0,0
69.45,1,3.9,0,0
102.1,0,2.7,0,0
54.57,1,3.5,1,0
44.01,1,3.8,0,0
19.62,0,17.3,1,0
36.94,1,40.4,0,0
23.59,0,19.7,0,0
4.9,1,3.0,0,0
93.6,0,11.4,0,0
34.94,0,0.8,0,0
24.58,0,25.6,0,0
44.1,0,8.2,0,0
35.0,1,11.3,0,0
135.41,1,5.6,0,0
31.98,1,4.3,1,0
14.73,1,34.3,0,0
44.57,1,2.8,1,0
21.28,1,2.0,0,0
26.33,1,4.5,0,0
35.75,1,11.1,0,0
21.04,1,9.1,0,0
159.56,1,4.2,0,0
23.92,1,0.1,0,0
38.17,0,1.6,0,0
12.07,0,10.6,0,0
61.73,1,10.0,0,0
28.15,1,7.8,0,0
30.7,0,9.0,0,0
69.57,0,1.6,0,0
13.86,0,8.0,0,0
338.39,1,20.6,0,0
47.73,1,0.7,0,0
20.11,1,8.6,1,0
49.99,0,3.0,0,0
24.2,1,14.4,1,0
23.72,0,3.6,0,0
39.92,0,18.4,0,0
105.86,0,20.1,0,0
19.32,1,32.6,0,1
17.71,1,1.5,0,0
65.97,1,0.9,0,0
45.95,1,22.0,0,0
33.9,1,10.8,0,0
16.09,0,0.1,1,0
7.68,1,0.2,0,0
50.5,0,3.0,0,0
152.73,1,6.8,0,0
63.36,0,0.1,0,0
146.72,1,9.8,0,0
33.12,0,2.3,0,0
13.49,1,10.7,0,0
44.85,1,11.2,0,0
29.57,0,4.7,0,0
51.85,0,2.7,0,0
36.84,0,4.6,0,0
21.4,0,1.2,0,0
29.03,0,9.3,0,0
33.51,1,1.4,1,0
30.06,1,14.6,0,0
8.1,1,3.9,0,0
31.19,1,25.8,0,0
23.81,1,9.0,0,0
45.37,0,6.7,0,0
22.36,0,0.8,0,0
18.65,0,11.2,0,0
231.2,0,0.6,2,1
151.31,0,12.3,0,0
39.12,0,4.7,0,0
44.59,0,2.6,0,0
26.77,0,0.1,0,0
27.45,1,7.9,0,0
5.24,0,11.0,0,0
12.61,1,13.5,0,0
35.68,0,2.0,0,0
88.85,0,25.3,1,0
27.17,0,6.0,0,0
145.83,1,3.6,0,0
23.46,1,30.6,0,0
49.38,0,18.7,0,0
13.92,1,14.3,0,0
77.49,1,6.9,0,0
2.71,0,4.2,0,0
77.12,1,1.8,0,0
11.99,0,1.7,0,0
94.68,1,2.8,0,0
101.83,0,5.2,0,0
53.33,1,2.6,1,0
36.08,1,16.7,1,0
12.66,1,3.9,0,0
33.05,1,5.1,0,0
27.52,1,8.8,0,0
45.73,0,27.5,0,0
5.89,1,8.9,1,0
44.01,1,3.9,0,0
23.22,0,10.6,0,0
22.1,0,1.1,0,0
39.34,0,0.9,0,0
89.51,0,33.8,0,0
49.98,0,2.8,0,0
8.85,0,0.4,0,0
12.34,1,10.4,0,0
6.82,0,6.6,2,0
18.74,0,26.1,1,0
135.31,1,6.4,0,0
40.74,0,2.3,0,0
145.56,0,23.7,0,0
15.17,1,0.8,0,0
67.86,1,0.9,0,0
28.31,0,16.7,0,0
27.52,0,1.2,0,0
16.46,0,4.0,0,0
25.59,1,13.6,0,0
91.35,1,9.7,1,0
70.32,0,11.4,0,0
23.04,1,4.7,0,0
14.36,1,63.1,0,0
44.01,0,13.0,0,0
25.57,0,5.1,0,0
6.74,1,14.0,0,0
23.03,0,8.5,0,0
7.5,0,7.9,0,0
25.44,1,4.9,0,0
89.9,0,9.9,0,0
111.19,0,1.6,1,0
25.95,1,15.7,0,0
134.02,1,3.9,0,0
21.85,0,2.8,0,0
13.06,1,9.8,2,0
7.19,0,21.8,0,0
58.5,0,0.3,1,0
30.86,0,29.8,0,0
14.65,1,10.4,1,0
20.02,0,4.1,0,0
26.74,0,6.9,0,0
92.65,1,1.2,0,0
38.87,0,7.2,0,0
11.9,0,3.5,1,0
40.22,1,0.1,0,0
40.22,0,7.4,0,0
20.93,0,0.7,0,0
18.62,0,0.8,0,0
92.49,1,3.7,0,0
66.47,0,2.0,1,0
34.59,1,3.3,0,1
70.82,1,10.0,1,0
65.02,0,8.8,0,0
48.8,1,14.3,0,0
64.0,0,0.0,0,1
21.22,0,24.9,0,0
10.72,1,23.4,0,0
69.83,0,3.4,0,0
64.68,1,4.1,0,0
31.31,1,18.7,0,1
92.38,1,28.8,0,0
67.26,0,7.2,0,0
23.59,1,5.8,0,0
136.15,0,37.2,0,1
22.76,0,3.2,1,0
26.97,0,2.4,0,0
26.56,0,0.5,0,0
8.87,0,2.4,0,0
106.08,0,1.7,0,0
69.38,0,4.0,0,0
19.53,0,0.2,0,0
51.31,0,5.2,0,0
18.11,0,6.3,0,0
46.17,1,8.1,0,0
18.0,1,16.1,1,1
83.27,0,29.8,0,0
126.14,1,1.9,0,0
71.95,0,4.6,0,0
13.89,0,10.5,0,0
77.01,0,9.8,0,0
93.26,1,28.9,0,0
12.52,1,0.2,0,0
48.34,0,0.8,0,0
32.87,1,1.9,2,0
148.86,1,14.0,0,0
94.08,1,18.1,0,1
72.73,0,6.6,0,0
109.45,1,4.8,1,0
42.49,1,4.8,0,0
27.64,0,4.9,0,0
38.43,0,5.3,0,0
3.5,0,2.6,1,0
45.52,0,11.0,0,0
25.15,0,2.4,0,0
10.55,0,0.5,0,0
29.98,1,13.6,0,0
21.3,0,7.0,0,0
58.18,1,8.6,0,1
16.69,0,0.3,0,0
4.06,0,21.1,0,1
26.85,1,3.6,0,0
12.16,1,1.2,1,0
108.16,1,7.6,0,0
29.22,1,16.2,0,0
83.18,0,8.8,0,0
101.17,1,7.0,0,1
15.3,1,14.9,0,1
63.03,0,1.1,0,0
166.24,0,0.5,0,0
23.65,1,7.7,0,0
19.85,1,2.1,0,0
80.57,0,21.9,0,0
80.76,0,1.7,0,0
50.71,1,7.4,0,0
150.3,1,9.8,0,0
75.77,0,2.9,0,0
28.04,1,0.6,0,0
11.47,0,4.3,0,0
9.0,1,11.0,0,0
19.4,1,1.6,0,0
3.57,1,4.1,0,1
71.89,1,2.1,0,0
20.59,0,1.3,0,0
24.44,0,4.2,0,0
50.36,1,5.0,0,0
8.5,1,10.2,0,1
60.68,1,11.6,0,0
71.19,1,0.1,0,0
24.64,1,10.4,0,0
21.65,1,12.5,0,0
51.46,0,5.0,0,0
45.1,0,0.7,0,0
85.43,1,5.9,0,0
104.62,1,2.9,1,0
19.89,0,1.6,0,0
6.52,0,6.7,0,0
4.03,0,36.1,0,0
23.79,1,6.5,0,0
16.63,1,7.5,0,1
12.64,0,4.6,0,0
82.2,0,24.5,0,0
72.32,1,8.1,0,0
9.94,0,1.6,0,0
34.54,0,4.6,0,0
34.69,0,10.0,0,0
51.42,0,18.1,0,0
60.27,0,10.9,0,0
18.93,1,11.1,0,0
85.87,0,0.8,0,0
101.14,0,9.2,0,0
55.49,0,23.0,0,0
29.29,1,5.4,0,0
49.06,1,3.0,0,0
33.41,1,2.1,0,0
73.05,0,25.4,0,0
14.21,0,0.5,0,0
27.34,1,0.0,0,0
36.33,0,0.3,0,0
61.16,0,7.3,0,0
13.05,0,3.0,0,0
20.8,0,11.1,0,0
21.3,0,20.2,0,0
46.57,0,12.0,0,0
19.09,1,2.1,0,0
121.01,0,13.0,0,0
34.62,0,9.5,0,0
5.27,0,1.8,0,0
14.74,0,10.8,0,0
14.72,1,11.7,1,0
164.43,0,2.2,0,0
42.28,0,3.8,0,0
35.96,0,12.3,0,0
5.76,0,5.0,0,0
14.21,0,2.9,0,0
14.92,0,5.4,1,0
26.4,0,6.3,1,0
43.16,0,1.3,0,0
72.24,1,1.8,0,0
16.88,1,22.5,0,0
51.98,0,2.0,0,0
21.04,0,3.6,0,0
40.05,1,9.0,0,0
27.41,0,4.6,1,0
73.13,0,14.8,0,0
10.33,0,0.3,0,0
64.08,1,6.4,0,0
9.94,0,3.2,0,0
29.91,0,9.3,0,0
13.84,1,8.0,0,0
205.73,1,3.8,0,0
72.49,1,7.6,0,0
18.46,0,1.0,0,0
24.15,1,10.2,0,0
65.64,1,13.6,0,0
45.64,0,0.8,0,0
236.14,0,22.5,0,0
25.82,0,13.1,0,0
27.15,0,13.5,0,0
44.95,1,0.1,0,0
64.51,1,3.8,0,0
21.73,0,0.8,0,0
40.01,0,1.2,0,0
35.26,1,4.2,0,0
21.43,1,0.6,0,0
54.86,0,5.7,0,0
84.9,1,2.0,0,0
46.78,1,5.9,0,0
13.63,0,2.7,0,0
14.43,0,22.5,2,0
17.68,0,7.8,0,0
169.79,0,12.8,0,0
23.31,1,28.6,1,0
43.5,0,15.9,1,0
14.66,1,16.3,0,0
59.79,0,8.0,0,1
70.73,0,0.6,0,0
91.48,1,11.6,0,0
20.3,0,1.5,0,0
88.82,0,12.9,0,0
15.23,1,17.2,0,0
36.0,0,10.3,0,0
25.79,1,6.7,0,0
18.4,1,1.2,1,0
35.52,1,12.3,0,0
96.66,0,11.6,1,0
8.87,0,15.9,0,0
46.87,0,11.2,1,0
106.24,0,4.7,0,0
144.19,1,26.9,0,0
44.11,0,11.2,0,0
48.15,0,6.0,0,0
42.97,0,0.2,0,0
184.84,1,3.8,0,0
23.42,1,3.0,0,0
63.4,0,9.3,0,0
53.6,0,0.7,0,0
48.68,0,40.1,0,0
89.55,1,17.2,0,0
19.68,1,22.7,0,0
60.04,1,9.7,0,0
26.96,1,7.1,0,0
24.69,1,8.2,0,0
19.81,1,0.7,0,0
7.45,0,1.5,0,0
19.68,1,14.0,0,0
28.41,0,0.5,0,0
69.73,0,1.8,0,0
38.96,0,41.6,1,0
72.45,1,11.4,0,0
39.99,1,17.1,0,0
91.22,1,2.7,0,0
115.56,1,8.0,0,0
48.51,0,16.7,0,0
9.97,1,24.0,0,0
62.84,0,21.7,0,0
45.32,0,15.0,1,0
25.25,0,34.3,0,0
42.17,0,5.4,0,0
9.22,0,18.5,0,0
41.34,0,26.1,1,0
7.59,1,3.6,0,0
68.49,1,9.3,0,0
190.56,0,14.8,0,0
46.24,1,1.1,0,0
71.74,0,2.0,0,0
6.06,0,9.7,0,0
37.14,0,15.0,0,1
10.21,0,14.5,0,0
46.4,0,1.3,0,0
101.53,0,13.7,0,0
7.07,0,4.3,0,0
54.61,0,5.1,0,0
40.15,0,2.6,0,0
25.9,0,8.3,0,0
65.73,0,4.7,0,0
38.27,1,11.1,0,0
174.52,0,1.1,0,0
127.33,0,6.2,0,0
20.39,0,8.9,0,0
4.39,1,6.8,0,0
35.59,1,3.3,1,0
38.89,1,13.9,0,0
50.77,1,1.9,0,0
88.35,0,11.8,1,0
47.38,0,0.5,0,0
92.47,1,2.5,0,0
12.66,1,17.6,0,0
12.74,1,11.4,0,0
36.27,0,6.6,0,0
18.37,0,0.7,0,0
50.34,0,6.1,0,0
3.4,1,12.6,1,0
46.97,1,18.8,0,0
34.15,0,3.2,0,0
92.71,0,9.9,0,0
56.1,0,1.4,0,0
18.28,1,12.9,0,0
15.82,0,16.9,0,0
24.54,1,12.0,0,0
153.86,1,8.8,0,0
25.99,0,1.1,0,0
59.14,1,0.1,1,0
15.24,1,20.5,0,0
14.19,1,7.0,0,0
143.61,1,3.2,0,1
78.36,0,12.3,0,0
76.47,1,11.9,0,0
32.66,0,16.4,0,0
27.81,1,10.8,0,0
110.31,0,0.1,0,0
27.74,1,2.3,0,0
18.85,0,0.0,0,0
36.16,1,5.5,0,0
7.23,0,1.1,0,0
26.11,0,5.1,0,0
24.89,1,17.2,0,0
469.19,0,1.2,0,0
24.09,0,22.2,0,0
23.5,0,7.9,0,0
106.77,0,35.6,0,0
34.58,0,3.2,0,0
55.46,0,4.0,0,0
57.4,1,5.0,0,0
30.19,0,5.1,0,0
27.43,0,1.0,1,0
117.6,0,0.4,0,0
47.26,0,0.7,0,0
27.61,0,9.4,0,0
6.98,1,2.9,0,0
64.13,1,22.7,0,0
44.6,1,6.8,1,0
32.48,1,10.1,0,0
31.99,0,2.1,0,0
8.15,1,1.4,0,0
37.88,0,7.9,0,0
20.41,0,5.8,0,0
22.81,1,3.8,0,0
83.3,1,0.2,0,0
16.49,1,7.8,0,0
55.7,1,14.7,0,0
25.6,1,11.5,0,0
17.76,0,15.0,0,0
48.27,0,1.2,1,0
6.53,0,9.0,0,0
183.64,1,8.6,0,0
7.62,0,0.9,0,0
52.01,0,6.8,0,0
20.83,1,16.9,0,0
270.65,1,9.6,0,0
126.96,0,22.3,0,0
19.17,0,16.8,0,0
26.8,1,11.5,0,0
56.84,1,0.8,0,0
81.98,1,0.3,0,0
74.58,0,8.3,0,0
25.48,0,12.6,0,0
32.15,1,13.3,0,0
63.19,1,12.1,0,1
34.79,0,13.3,0,0
71.0,1,14.6,1,1
23.34,1,2.4,0,0
15.33,0,36.6,0,0
52.09,0,2.3,0,0
11.2,1,24.8,0,0
109.7,0,6.5,1,0
16.4,1,18.6,0,0
13.02,0,14.4,0,0
80.54,1,1.9,0,0
26.15,0,11.9,0,0
54.07,0,2.3,0,0
17.19,0,32.7,0,1
34.63,1,42.6,0,0
56.65,0,11.8,0,0
4.7,0,12.2,0,0
12.68,0,4.8,0,0
35.56,0,15.4,0,0
12.69,0,1.3,1,0
152.85,0,10.2,0,0
81.34,1,6.0,0,0
14.22,0,0.5,0,0
10.26,1,12.5,0,1
40.07,1,2.6,0,0
74.65,1,14.5,0,0
89.22,1,46.2,1,1
31.2,0,1.3,0,0
167.35,0,7.6,0,0
32.4,0,15.0,0,0
9.74,0,29.6,0,0
26.93,0,1.4,0,0
56.23,1,20.6,1,0
97.94,0,5.9,0,0
53.66,0,19.3,0,0
31.42,1,12.8,0,0
418.36,1,1.7,0,0
19.14,0,3.0,0,0
17.7,1,1.4,1,0
14.28,1,3.4,0,0
11.54,1,0.8,0,0
26.11,1,5.8,0,0
31.39,0,1.2,0,0
27.93,0,5.0,0,0
13.66,0,10.0,0,0
15.77,0,4.7,0,0
14.66,1,13.3,0,0
31.67,0,9.2,0,0
9.29,0,2.3,0,0
15.24,1,0.3,0,0
304.45,0,6.0,0,0
91.31,1,7.8,0,0
107.83,0,0.3,0,0
24.02,0,26.9,0,0
32.76,0,7.0,0,0
268.6,0,2.0,0,0
49.49,0,18.2,0,0
15.39,0,16.5,0,0
14.37,0,4.8,0,0
39.25,1,3.4,0,0
47.34,0,3.3,0,0
22.5,1,4.3,0,0
13.59,0,11.7,0,0
46.64,1,11.5,0,0
47.28,1,1.4,0,0
45.61,0,8.4,0,0
15.48,1,11.5,0,0
18.57,0,47.6,0,1
57.51,0,10.4,0,0
7.23,1,17.4,0,0
122.02,1,9.6,0,0
10.98,1,16.3,0,0
79.65,0,7.7,0,0
52.11,1,9.9,0,0
75.46,1,3.6,0,0
46.04,1,13.6,0,0
5.06,0,1.5,0,0
22.06,1,22.2,0,0
15.32,0,26.3,0,0
44.0,0,18.2,0,0
30.07,0,3.8,0,0
21.53,1,13.5,0,0
12.87,1,0.5,0,0
15.45,0,25.4,0,0
14.62,1,11.1,0,0
33.41,1,14.1,0,0
37.7,0,8.1,0,0
379.98,0,4.8,0,0
36.95,0,5.2,0,0
11.57,1,19.9,0,0
56.06,1,10.4,0,0
17.27,1,3.9,0,0
152.48,1,1.6,0,1
145.93,0,0.1,0,0
32.31,0,33.3,1,1
79.34,1,3.2,1,0
46.56,0,0.5,0,0
20.73,0,28.8,0,0
33.54,1,2.1,0,0
53.56,0,19.5,0,0
86.37,1,6.5,0,0
101.03,1,1.4,0,0
11.07,1,15.6,0,0
45.3,0,4.8,0,0
11.59,1,12.5,0,0
24.66,1,8.0,0,0
18.48,1,10.0,1,1
9.86,0,0.6,1,0
6.27,1,0.2,0,1
9.02,0,6.6,1,0
43.21,1,9.5,1,0
53.86,0,2.0,0,0
97.8,1,4.2,0,0
252.16,0,5.8,1,0
56.43,0,6.7,0,0
80.94,1,3.0,0,0
124.05,0,11.2,0,0
70.37,0,3.6,0,0
117.38,0,2.3,0,0
22.2,1,6.9,1,0
91.02,0,4.9,0,0
55.21,0,17.5,0,0
28.75,1,21.7,0,0
50.36,0,20.5,1,0
41.66,1,3.6,0,0
4.15,1,34.8,0,0
111.96,0,3.0,0,0
292.24,0,5.4,1,0
14.02,0,9.0,0,0
115.25,1,4.1,1,0
105.64,0,4.5,1,0
37.51,1,15.3,0,0
51.79,1,8.1,0,0
24.05,0,11.4,1,0
25.08,0,7.7,0,0
3.63,1,3.9,0,0
174.03,1,33.3,0,0
27.12,0,8.3,0,0
71.21,0,8.3,0,0
21.37,1,1.6,0,0
74.28,0,14.7,0,0
22.81,1,0.9,0,0
190.31,1,7.3,0,0
14.2,1,3.1,0,0
21.39,0,20.4,0,0
74.8,0,13.5,0,0
5.55,1,25.1,0,0
25.44,1,6.8,0,0
46.79,1,15.8,1,0
41.7,0,1.2,0,0
44.04,0,13.7,0,0
89.56,0,12.9,0,0
10.65,0,6.5,0,0
47.89,0,2.7,0,0
43.71,0,0.2,0,0
96.2,1,39.3,0,0
56.04,0,12.0,0,0
8.36,0,6.6,0,0
43.23,1,1.9,1,0
17.52,0,5.1,0,0
68.33,0,2.6,0,0
191.68,0,7.8,0,0
11.6,1,11.1,0,0
12.11,0,9.5,0,0
107.37,0,32.4,0,0
92.41,1,37.0,1,0
47.44,1,0.2,0,0
45.24,1,18.7,0,0
37.48,0,1.9,0,0
56.96,1,0.8,0,0
6.82,1,7.1,0,0
95.72,1,5.1,0,0
69.71,0,7.1,0,0
117.61,0,2.5,0,0
61.15,1,1.3,0,0
13.24,1,6.5,0,0
111.92,1,23.0,0,0
64.03,0,4.4,0,0
6.54,0,28.0,1,0
229.73,0,6.3,0,0
4.68,1,27.6,0,0
54.82,1,1.0,0,0
57.53,0,8.6,0,0
35.49,1,4.0,0,0
42.0,0,19.3,0,0
21.89,0,8.3,0,0
13.15,1,16.0,0,0
29.07,0,1.7,0,0
31.69,1,4.6,1,0
33.06,0,3.7,0,0
5.1,0,0.0,0,0
23.34,1,33.7,0,0
51.25,0,19.3,0,0
88.34,0,3.4,0,0
115.96,0,26.5,0,0
10.76,0,32.5,0,0
116.25,0,2.7,0,0
13.58,0,1.4,1,0
31.41,0,17.2,0,0
22.78,0,3.7,1,0
44.64,1,14.6,0,0
24.08,0,12.8,0,0
112.3,1,8.2,0,0
15.51,0,11.5,0,0
62.18,1,3.4,0,0
56.11,0,5.2,0,0
49.73,0,14.4,0,0
43.81,1,14.6,0,0
121.5,0,1.5,0,0
31.49,1,2.5,1,0
6.06,1,7.5,0,0
42.98,0,2.1,0,0
30.02,0,0.9,1,0
48.56,0,1.2,0,0
62.8,0,3.9,0,0
32.26,1,4.6,0,0
30.14,0,3.9,0,0
98.48,0,13.3,0,0
134.53,1,0.4,0,0
78.48,0,7.7,0,0
7.56,0,12.2,0,0
14.91,0,12.2,1,0
48.56,1,6.5,1,1
11.63,1,0.1,1,0
40.61,1,0.3,1,0
55.48,1,3.9,0,0
34.56,1,8.8,0,0
9.0,1,12.6,1,0
5.33,0,3.1,1,0
20.66,0,7.5,0,0
63.48,0,14.4,0,0
17.6,1,4.9,0,0
27.44,1,7.7,0,0
36.51,0,4.4,0,0
11.94,1,7.7,1,0
20.26,1,2.5,0,0
37.1,1,3.9,0,0
67.51,0,7.1,0,0
79.88,0,6.5,0,0
48.23,0,21.5,0,1
60.95,1,2.2,0,0
69.67,0,16.3,0,0
4.98,0,9.9,0,0
58.28,0,4.5,0,0
36.46,0,6.4,0,0
33.6,1,17.1,0,0
56.4,0,16.1,0,0
16.03,0,7.5,0,0
24.91,0,5.9,0,0
20.48,0,10.3,0,0
6.49,1,6.6,0,0
58.38,1,1.9,0,0
5.11,1,12.9,0,0
35.07,1,1.0,0,0
14.01,0,17.1,1,0
27.56,0,19.4,0,0
58.56,0,5.5,0,0
44.76,0,11.2,0,0
21.17,0,7.8,0,0
162.71,0,4.7,0,0
90.4,1,7.2,0,0
13.51,1,2.3,0,0
27.9,0,3.4,0,0
64.03,1,1.8,1,0
141.05,1,5.8,0,0
26.06,1,8.5,0,0
23.89,1,2.1,0,0
4.18,1,1.4,0,0
36.58,0,5.8,0,0
11.46,1,1.8,0,0
31.06,0,15.2,0,0
64.01,0,9.5,0,0
83.91,1,10.5,0,0
10.77,1,2.9,0,0
76.74,0,1.7,0,0
21.02,1,17.1,0,0
12.88,1,5.7,0,0
5.58,1,11.8,1,0
36.87,1,2.0,0,0
5.71,0,32.0,0,0
12.03,0,13.5,0,0
36.81,1,15.5,0,0
71.91,0,3.5,0,0
5.1,0,5.4,0,0
122.97,1,0.6,0,1
33.85,1,1.8,0,0
25.55,1,3.1,0,0
94.64,0,8.9,1,0
27.83,1,2.2,0,0
13.15,1,4.6,0,0
31.31,0,19.1,0,0
21.22,0,3.0,0,0
40.39,1,28.6,0,0
40.92,1,28.0,0,0
98.45,1,3.8,0,0
50.31,1,0.5,0,0
214.54,0,12.1,1,0
94.02,1,2.9,0,0
27.71,0,13.3,0,0
28.45,0,4.5,0,0
71.34,0,3.8,1,0
13.02,0,6.9,0,0
372.24,1,30.8,0,0
17.09,0,7.2,0,0
12.48,0,8.1,0,0
36.56,0,3.3,0,0
42.57,1,5.1,0,1
79.69,0,5.6,1,0
32.79,0,3.3,1,0
8.74,1,1.2,1,0
230.6,1,0.1,0,0
54.23,0,2.1,0,0
55.38,1,13.2,0,0
77.97,1,0.1,0,0
13.55,0,11.1,1,0
9.45,0,1.0,0,0
12.57,0,1.5,0,0
41.52,1,14.8,0,0
27.92,1,10.2,0,0
17.3,1,9.4,0,0
29.24,0,5.6,0,0
25.42,1,11.4,0,0
17.11,1,5.1,0,0
49.89,0,9.7,0,0
137.36,1,15.8,1,0
32.13,1,0.7,0,0
13.23,1,6.5,0,0
37.45,1,0.1,0,0
43.79,1,5.1,0,0
26.65,0,5.8,0,0
67.69,1,0.3,0,0
30.74,1,10.8,0,0
26.94,1,1.6,0,0
71.52,1,3.1,0,0
10.98,0,9.7,0,0
6.15,0,3.5,0,0
27.72,1,1.0,0,0
30.97,0,4.7,0,0
30.01,1,22.2,0,0
151.52,0,22.3,0,0
57.25,1,8.2,1,0
40.0,0,0.7,0,0
29.31,1,15.5,0,0
89.17,1,18.7,0,0
5.77,0,16.2,0,0
23.73,0,7.2,0,0
88.34,1,17.2,0,0
49.9,1,11.3,0,0
34.38,0,1.6,0,0
24.61,1,9.5,0,0
70.88,0,10.6,0,0
26.11,0,10.7,0,0
41.56,1,5.9,0,1
22.67,0,2.1,1,0
8.83,1,3.3,0,0
20.4,0,2.4,0,0
13.91,1,2.7,0,0
32.12,0,27.1,0,0
56.66,0,11.5,0,0
141.87,1,5.6,0,0
24.64,1,6.3,0,0
3.7,0,8.2,1,0
45.64,1,0.2,0,0
8.97,1,0.4,2,0
61.79,1,9.7,0,0
56.25,1,16.9,0,0
14.02,1,28.3,0,0
74.9,0,5.8,0,0
31.45,1,0.4,0,0
43.13,1,3.5,0,0
53.87,1,4.3,0,0
97.97,1,2.6,0,0
29.91,0,21.4,0,0
35.04,1,6.9,0,0
8.99,0,0.5,0,0
10.16,0,1.9,0,0
47.55,0,19.7,0,0
30.4,1,7.8,0,0
48.78,1,4.7,0,0
39.21,0,3.8,0,0
36.24,0,6.5,0,0
48.31,1,7.4,0,0
325.41,0,6.8,0,0
134.41,1,11.1,2,0
34.04,0,5.6,0,0
150.81,1,0.2,0,0
20.8,0,16.2,1,1
46.05,0,2.3,0,0
29.07,0,33.3,0,0
19.3,1,1.0,0,0
19.45,0,11.1,0,0
48.4,0,0.4,0,0
12.01,0,2.4,0,0
18.15,1,6.3,0,0
106.45,0,16.2,0,0
46.85,0,1.4,0,0
115.59,0,1.3,0,0
30.18,1,3.6,0,0
40.77,1,17.5,0,0
42.67,1,2.3,0,0
37.59,1,9.2,0,0
19.41,1,11.2,0,0
11.66,1,0.9,1,0
21.75,0,3.3,0,0
47.28,0,13.5,0,0
162.84,0,4.6,1,0
24.5,0,4.9,0,0
59.78,1,11.8,0,0
62.66,0,4.1,0,0
58.22,0,2.4,1,1
12.41,1,3.0,0,0
27.23,0,0.2,0,0
36.65,0,0.4,0,0
14.63,0,3.1,1,0
36.9,0,2.0,0,0
26.04,0,17.3,0,0
18.51,1,17.2,0,0
10.87,1,6.4,0,0
14.5,0,2.2,0,0
34.42,0,23.7,0,0
124.62,0,15.1,0,0
51.89,1,10.7,0,0
8.96,1,1.0,0,0
95.32,0,7.4,0,0
36.37,1,26.0,0,0
30.98,0,0.2,0,0
32.53,0,2.5,0,0
2.0,0,5.8,0,0
54.63,1,6.0,0,0
13.84,0,7.3,0,0
96.53,0,12.6,0,0
13.86,0,10.4,0,0
7.1,0,11.5,0,0
45.06,1,9.1,0,0
16.9,0,48.6,0,0
88.03,0,20.3,0,1
5.38,0,9.8,0,0
28.64,0,3.3,1,0
54.07,1,0.5,0,0
84.87,0,4.0,0,0
100.89,1,7.5,0,0
34.27,0,1.4,1,1
22.11,0,0.6,0,0
11.16,1,3.1,0,0
16.47,1,1.5,0,0
14.91,1,4.9,0,0
24.38,1,8.1,0,0
37.05,0,8.0,0,0
8.49,0,27.8,0,0
36.2,0,6.9,1,0
7.29,0,8.9,0,0
13.52,0,12.7,0,0
165.08,1,4.1,0,0
17.73,0,2.2,1,0
37.88,0,2.4,1,0
149.61,0,20.3,0,0
25.17,0,0.8,0,0
49.79,0,9.3,0,0
6.69,1,2.3,0,0
48.5,0,9.7,0,0
25.94,1,0.1,0,1
44.92,1,2.7,0,0
42.94,1,8.9,1,0
6.41,0,1.2,0,0
42.68,0,28.9,0,0
30.35,1,2.2,0,0
24.03,1,9.2,0,0
68.58,1,6.2,0,0
67.4,1,19.3,0,0
94.16,1,16.9,0,0
10.59,0,1.1,0,0
102.55,0,6.9,1,0
28.24,1,11.9,0,0
29.02,1,18.6,0,0
32.96,0,13.6,0,0
16.21,0,1.6,0,0
27.82,1,20.0,1,1
110.57,1,8.3,0,0
28.54,1,7.2,2,0
16.98,0,6.2,0,0
38.54,0,0.2,0,0
19.81,1,20.4,0,0
54.81,0,5.6,0,0
15.68,1,2.9,1,0
72.34,1,3.0,0,0
24.14,0,3.4,1,0
61.44,1,22.1,0,0
73.29,1,20.8,0,0
50.07,0,0.6,0,0
10.28,0,10.1,0,0
16.7,1,0.5,0,0
12.7,1,12.4,0,0
108.91,1,2.8,0,0
22.7,0,4.3,1,0
27.0,0,14.2,0,0
19.71,0,6.3,1,0
47.73,0,6.9,0,0
5.91,0,13.4,0,0
37.72,0,15.0,0,0
82.79,1,5.6,0,0
14.84,0,21.8,0,0
2.46,0,7.9,0,0
73.25,0,6.1,0,0
23.05,0,25.2,0,0
19.37,0,2.2,0,0
66.47,1,17.9,1,0
59.86,1,11.2,0,0
19.83,1,2.2,0,0
46.43,0,3.8,0,0
58.94,1,1.4,0,0
23.92,1,5.8,0,0
63.78,0,6.7,0,0
33.57,1,11.8,0,0
13.0,0,1.9,0,0
27.36,1,14.7,1,0
80.19,1,4.4,1,0
16.6,1,7.5,0,0
24.32,1,9.7,0,0
23.21,1,0.7,0,0
48.36,1,0.7,0,0
54.36,1,15.1,0,0
74.73,1,18.8,1,0
33.87,1,3.6,0,0
10.43,0,1.2,0,0
33.51,1,0.4,0,0
6.11,1,5.0,0,0
14.48,0,24.2,0,0
162.85,1,5.1,0,0
8.64,1,0.7,0,0
23.44,0,1.4,0,0
110.87,1,2.3,0,1
16.79,1,6.6,0,0
11.05,1,9.3,0,0
69.1,0,12.5,0,0
70.83,0,5.8,0,0
101.68,1,0.0,1,1
68.09,1,4.6,0,0
92.49,0,20.3,0,0
39.9,0,25.8,0,0
42.49,1,4.0,0,0
14.23,1,0.8,0,1
28.26,1,7.0,0,0
14.16,0,18.7,1,0
24.55,1,0.5,0,0
42.71,0,20.1,0,0
32.02,0,24.6,0,0
32.94,0,4.8,0,0
90.38,1,2.6,0,0
3.91,1,2.5,0,0
59.34,1,0.2,0,0
20.04,1,1.6,1,0
29.69,0,9.4,0,0
52.27,0,4.1,0,0
15.86,0,3.3,1,0
19.81,1,0.1,0,0
17.84,1,23.9,0,0
18.13,0,24.3,0,0
35.09,0,10.3,0,0
39.93,0,4.8,0,0
25.09,0,20.3,0,0
42.84,1,5.9,0,0
93.92,0,42.9,0,0
66.61,0,27.1,0,0
211.96,0,2.8,0,0
12.75,1,10.5,0,0
68.08,0,1.5,0,0
26.56,1,20.0,0,0
39.52,1,2.8,0,0
14.06,0,4.2,2,0
16.27,0,4.1,1,0
30.0,1,13.6,0,0
20.47,1,1.4,0,0
13.18,1,10.1,0,0
10.08,1,2.5,0,0
162.02,1,1.7,0,0
99.3,1,9.2,0,0
31.99,1,1.5,0,0
33.0,0,13.3,0,0
21.07,0,2.8,0,0
8.18,1,10.3,1,0
155.04,0,6.1,0,0
16.26,0,2.6,1,0
38.11,0,46.4,0,1
118.64,1,7.8,0,0
29.23,0,10.2,0,0
72.56,0,12.4,0,0
12.73,1,8.8,0,0
178.7,0,20.8,0,0
18.82,1,4.9,0,0
13.49,0,7.7,0,0
95.76,0,23.5,0,0
6.5,0,9.3,0,0
52.75,0,0.4,1,0
9.1,0,8.4,0,0
8.14,1,1.3,0,0
55.77,1,22.4,0,0
7.56,1,20.5,0,0
42.84,0,3.3,0,0
21.71,0,2.2,0,0
7.17,0,6.5,0,0
148.53,0,12.5,0,0
14.7,1,19.6,0,0
30.52,0,7.6,0,0
10.42,0,4.8,1,0
115.33,1,6.2,0,0
39.41,1,11.2,2,1
14.59,1,7.7,1,1
20.33,0,11.5,0,0
15.13,0,1.1,0,0
46.24,1,1.8,1,0
39.63,1,8.3,0,1
77.27,0,4.1,1,0
31.21,1,0.5,0,0
27.62,0,7.2,1,0
8.9,1,1.3,0,0
28.57,0,1.1,0,0
7.1,0,3.4,0,0
42.36,0,16.5,0,0
27.8,0,10.6,0,0
80.79,0,4.3,0,0
12.42,1,15.1,0,0
87.76,1,6.4,0,0
46.09,0,2.7,1,0
93.86,0,6.8,0,0
46.97,0,3.7,0,0
48.5,0,3.4,0,0
70.88,1,9.3,0,0
19.97,0,1.3,0,0
4.8,1,16.1,0,0
13.75,0,8.7,0,0
42.49,0,11.0,1,0
95.02,0,6.2,0,0
33.22,0,5.7,0,0
22.56,1,21.2,1,0
14.28,1,2.8,0,0
77.08,0,2.7,0,0
52.73,0,5.3,1,0
3.86,1,15.4,0,0
66.05,0,5.8,0,0
106.98,0,13.5,0,0
24.86,1,25.6,0,0
130.01,0,15.2,0,0
63.64,1,9.7,0,0
45.88,1,4.3,2,0
36.25,0,7.6,0,0
66.14,1,6.9,0,0
28.21,1,1.6,0,0
57.61,0,9.4,1,0
20.42,0,6.0,0,0
67.37,0,33.0,0,0
141.01,1,5.9,1,0
410.86,0,7.7,1,1
21.66,1,16.5,0,0
101.31,0,5.9,0,0
49.26,1,0.2,0,0
9.83,1,11.9,0,0
48.23,0,6.6,0,0
14.56,0,14.1,0,0
107.07,1,15.5,1,0
92.32,0,48.0,0,0
53.93,1,5.9,0,0
20.82,0,4.0,0,0
179.69,1,5.7,0,0
21.19,0,18.6,0,0
46.03,1,3.5,0,0
45.86,0,5.2,0,0
27.91,1,6.5,0,0
41.2,0,25.4,0,0
33.5,1,3.6,0,0
42.12,1,19.7,0,0
16.8,0,1.6,0,0
36.63,1,1.2,0,1
108.55,1,26.3,0,0
13.3,0,15.7,0,0
91.94,0,7.3,1,0
11.47,1,15.0,0,0
65.67,0,9.2,0,0
29.4,1,14.7,0,0
33.13,1,0.2,1,0
26.12,1,17.4,0,0
60.66,0,0.1,0,0
95.04,0,29.0,0,0
8.47,0,9.5,0,0
13.87,0,24.3,0,0
12.84,1,8.6,0,1
38.11,0,5.1,0,0
26.9,1,17.1,0,0
32.35,0,8.5,0,0
35.24,0,5.1,0,0
60.59,0,6.3,0,0
32.26,1,4.7,0,0
85.72,1,6.3,0,0
72.72,0,1.5,0,0
31.08,1,6.3,0,0
51.0,0,13.0,0,0
74.31,0,13.3,1,0
11.59,1,12.1,0,0
75.81,0,13.3,0,0
9.77,0,0.8,0,0
32.38,1,1.9,0,0
19.53,0,10.3,0,0
36.82,1,27.6,0,0
244.07,1,8.5,1,0
14.93,1,5.7,0,0
37.64,0,3.4,1,0
15.25,1,1.6,1,0
49.83,0,1.6,0,0
148.74,0,3.3,0,0
11.02,1,14.3,0,0
13.99,0,5.3,1,0
20.98,1,0.8,0,0
20.17,1,1.1,0,0
44.14,0,10.0,0,0
15.84,1,20.2,0,0
96.84,0,12.6,0,0
157.95,0,1.3,0,0
14.56,0,11.4,0,0
16.74,1,28.4,0,0
58.18,1,4.8,1,0
33.54,0,0.4,0,0
19.22,1,5.2,0,0
27.21,0,1.8,1,0
35.37,0,1.6,0,0
22.54,1,50.5,0,0
119.12,0,3.0,0,0
15.58,0,11.5,0,0
36.07,1,9.4,0,0
31.57,0,8.1,0,0
64.38,1,0.9,0,0
34.93,1,3.1,0,0
98.79,1,2.8,0,0
27.74,1,11.7,0,0
13.24,0,10.0,0,0
43.39,1,13.8,0,0
42.58,1,17.9,0,0
52.89,0,12.3,0,0
5.17,1,14.4,0,0
31.03,1,6.4,1,0
82.41,1,38.0,0,0
23.51,1,10.4,0,0
245.27,0,31.7,0,0
100.54,0,1.9,0,0
38.32,1,2.1,0,0
71.4,1,7.4,0,0
13.47,0,6.7,0,0
20.13,0,5.3,0,0
25.46,0,13.8,0,0
128.28,0,5.3,0,0
56.94,0,2.5,0,0
8.17,1,9.4,0,0
14.59,0,20.1,0,0
36.13,1,8.4,0,0
67.0,1,9.6,0,0
25.71,1,1.3,0,0
171.46,1,29.6,0,0
7.21,1,1.7,0,0
38.85,1,13.5,0,0
12.7,1,21.3,0,0
93.12,0,15.2,0,0
46.16,1,2.0,0,0
28.1,0,10.1,0,0
11.4,0,6.5,0,0
17.54,1,1.8,0,0
119.99,1,17.8,1,0
27.26,1,1.1,0,0
4.12,1,0.9,0,0
19.92,1,14.6,0,0
18.81,1,5.3,0,0
43.94,1,4.6,0,0
8.99,0,34.4,0,0
6.92,0,2.8,0,0
13.75,0,1.8,0,0
54.0,0,1.8,0,0
85.41,0,3.0,0,0
17.79,0,2.6,1,0
46.36,1,1.9,1,0
37.47,1,7.7,0,0
34.76,1,5.3,0,0
16.78,1,8.7,0,0
22.76,1,39.1,0,0
13.87,1,8.6,0,0
8.14,0,7.1,1,0
29.59,0,13.9,1,0
67.02,0,5.4,0,0
26.37,1,1.0,0,0
38.4,0,0.9,0,0
54.88,0,9.8,1,0
53.51,0,16.9,0,0
72.1,1,13.4,0,0
20.99,1,0.6,0,0
59.33,1,22.8,0,0
279.05,0,1.5,0,0
47.58,0,2.9,0,0
13.51,0,9.6,0,0
76.21,1,19.1,0,0
113.56,0,8.2,0,0
62.18,0,15.1,0,0
12.54,0,7.9,0,0
11.01,1,2.2,0,0
28.18,0,5.4,1,0
35.62,0,4.3,0,0
11.89,1,11.2,1,0
63.61,0,4.9,0,0
6.91,0,8.2,0,0
37.06,0,3.1,0,0
23.0,0,9.1,0,0
40.4,0,16.4,0,0
27.8,0,48.8,0,0
133.31,0,14.5,0,0
11.72,1,12.2,0,0
60.94,0,18.8,0,0
37.06,1,0.9,1,0
110.17,0,8.3,0,0
44.49,0,14.9,0,0
41.88,1,7.4,0,0
74.31,1,0.5,0,0
29.51,0,3.6,0,0
16.9,0,2.4,0,0
42.76,0,2.3,0,0
6.73,0,4.2,0,0
26.32,1,5.1,0,0
121.02,1,1.5,0,0
46.76,0,9.0,0,0
73.52,1,3.5,0,0
88.65,0,0.6,0,0
34.07,0,6.3,0,0
19.22,0,14.0,0,0
232.1,0,2.6,0,0
14.35,0,8.0,0,0
25.83,0,7.4,0,0
22.74,0,14.4,0,0
48.71,1,9.6,0,0
13.44,0,16.7,0,0
20.68,0,9.6,0,0
45.93,0,3.2,0,0
14.37,0,7.4,0,0
37.09,0,5.4,0,0
63.28,1,20.9,0,0
32.57,0,24.5,0,0
25.94,0,10.8,1,0
8.09,0,10.6,0,0
16.03,0,17.7,0,0
17.39,0,0.9,0,0
70.57,1,1.7,0,0
47.77,0,10.1,0,0
12.69,1,12.2,0,0
26.16,0,2.8,1,0
17.31,0,7.7,0,0
169.2,0,13.8,1,0
72.11,1,5.1,1,1
8.98,1,0.8,0,0
61.16,1,0.2,1,0
23.38,0,1.4,0,0
30.29,1,11.3,0,0
18.46,0,13.1,0,0
28.13,1,43.7,1,1
181.14,1,1.8,1,0
42.89,1,23.1,0,1
33.47,0,2.7,0,0
133.9,0,12.2,0,1
56.51,0,12.5,1,0
26.39,0,9.5,0,0
11.47,1,12.5,0,0
52.08,1,9.1,0,0
13.34,1,0.8,0,0
33.74,1,1.6,1,0
34.18,1,2.3,1,0
21.51,0,17.8,1,0
113.54,0,1.9,1,0
171.69,1,1.2,0,0
29.78,0,23.3,0,0
76.64,0,3.1,0,0
17.22,0,8.6,0,0
14.84,1,15.6,0,1
38.34,0,12.1,1,0
100.25,0,6.4,0,0
60.29,1,0.5,0,0
34.64,1,6.9,1,0
12.95,0,0.7,0,0
42.31,0,3.6,0,0
24.28,0,9.9,0,0
32.47,0,0.0,0,0
30.36,1,7.1,0,0
15.11,1,2.9,0,0
25.85,1,1.2,0,0
57.12,0,10.5,0,0
29.28,1,27.1,0,0
47.81,1,1.2,0,0
58.37,0,8.0,0,0
69.86,0,12.3,0,0
40.75,1,14.9,0,1
142.65,1,2.7,2,1
96.77,0,1.5,0,0
66.8,1,2.1,0,0
26.89,0,15.8,0,0
14.93,0,4.3,0,0
26.43,0,3.2,0,0
58.69,0,11.1,0,0
17.54,1,0.3,0,0
51.56,0,14.2,0,0
33.21,1,0.1,0,0
46.22,1,24.2,1,0
76.53,0,2.6,0,0
138.41,0,16.0,2,0
27.38,1,20.5,0,0
4.82,1,3.7,2,0
53.25,0,13.3,0,0
61.02,1,6.6,0,0
96.05,1,6.6,0,1
230.86,1,2.1,0,0
6.56,0,17.3,0,0
48.7,0,12.5,0,0
7.49,0,6.5,0,0
26.4,0,33.8,0,0
51.59,0,3.0,0,0
82.21,1,13.2,0,0
37.3,0,5.7,0,0
23.44,1,4.0,0,0
42.22,0,3.7,0,0
9.3,0,9.8,0,0
4.55,0,18.5,0,0
91.56,1,15.1,0,0
97.15,0,1.0,0,0
7.01,0,0.9,0,0
11.3,1,23.7,0,0
5.65,0,0.4,0,0
30.26,1,9.5,0,0
12.37,1,3.7,0,0
13.73,0,39.7,0,1
36.82,0,9.5,0,0
43.19,1,8.5,1,0
96.97,1,10.3,0,0
126.99,0,10.9,0,0
93.18,0,4.9,0,0
17.8,0,13.0,0,0
19.66,0,4.7,0,0
26.83,0,17.0,0,0
14.71,0,9.0,0,0
178.37,0,1.3,0,0
62.95,0,9.9,0,0
15.3,0,11.2,0,0
39.76,0,9.6,2,0
16.94,1,8.8,0,0
7.56,0,22.2,0,0
93.01,0,2.8,0,0
103.53,0,0.2,0,0
6.02,0,0.3,0,0
50.47,0,13.6,0,0
40.52,1,11.0,0,0
34.46,0,12.7,0,0
64.36,0,25.7,0,0
31.36,0,13.0,0,0
31.22,1,0.8,0,0
60.37,0,15.0,0,0
31.99,0,2.4,0,0
24.73,0,4.5,0,0
86.89,0,6.0,0,0
15.9,1,5.6,1,0
30.0,1,4.2,0,0
21.97,1,0.9,0,0
14.37,1,4.4,0,0
47.91,0,20.9,0,0
9.9,1,6.0,0,0
23.94,1,4.7,0,0
14.14,1,15.2,0,1
53.75,0,5.5,0,0
21.14,0,7.7,0,0
6.33,0,6.5,0,0
78.12,1,4.3,0,0
84.82,0,6.1,1,1
32.45,0,13.4,0,0
50.03,0,15.4,0,0
92.08,0,20.3,0,0
85.03,0,5.5,0,0
24.34,1,29.3,0,0
31.34,1,3.9,2,0
63.35,0,0.8,0,0
19.55,1,19.7,0,0
33.51,0,6.7,0,0
172.32,0,0.1,0,0
47.61,1,11.7,0,0
18.65,1,1.8,1,0
61.85,0,9.8,0,0
21.59,0,8.3,0,0
35.46,1,2.4,0,0
17.25,0,0.1,0,0
58.45,1,5.1,0,0
26.44,1,32.6,0,0
18.2,0,9.6,0,0
47.94,0,17.4,0,0
10.14,0,3.4,0,0
255.01,1,0.7,0,0
56.36,1,33.9,0,0
96.71,1,1.8,0,0
8.85,1,1.3,0,0
47.84,0,3.7,0,0
40.14,0,4.2,1,0
21.32,1,15.3,0,0
12.24,0,11.9,0,0
222.77,0,0.6,0,0
27.57,0,6.4,0,0
52.7,0,20.5,1,1
38.76,0,6.7,0,0
163.13,1,0.5,0,0
165.17,1,8.2,0,0
84.67,0,0.3,0,0
33.16,0,0.1,0,0
31.27,1,27.1,0,0
28.86,0,7.7,0,0
61.18,1,2.9,0,0
66.31,0,32.4,0,0
25.44,1,1.7,0,0
71.41,0,2.4,0,0
23.25,0,12.7,0,0
7.46,0,3.6,0,0
12.49,1,9.0,1,0
10.91,0,10.4,0,0
34.05,1,23.5,1,1
25.9,0,9.1,0,0
52.98,1,1.4,0,0
16.31,0,2.5,0,0
57.15,0,6.2,1,0
54.8,1,11.7,0,0
78.02,0,4.0,0,0
103.2,0,4.6,0,0
105.02,0,0.1,0,0
17.11,0,2.5,0,0
87.28,0,33.9,0,0
11.55,1,0.6,0,0
53.03,1,1.1,0,0
20.33,1,5.5,0,0
27.63,0,2.3,0,0
33.42,0,16.4,0,0
102.52,0,1.1,0,0
47.17,1,31.2,0,0
6.6,0,7.5,0,0
82.91,0,8.0,0,0
32.12,1,4.9,0,0
8.14,1,10.2,0,0
70.03,0,5.2,0,0
78.89,1,48.6,0,0
18.13,0,6.8,0,0
54.83,1,41.3,0,0
30.43,0,17.3,1,0
36.6,0,24.1,0,0
41.99,1,10.4,0,0
151.03,0,22.4,0,0
6.11,1,7.4,0,0
47.43,1,4.2,0,0
24.3,0,11.4,0,0
24.9,1,4.7,0,0
37.01,0,2.7,0,0
77.57,0,7.8,0,0
29.6,0,30.7,0,0
41.06,1,16.3,0,0
4.37,0,11.7,0,0
29.77,1,2.7,0,0
18.18,0,28.4,0,0
29.75,0,6.1,0,0
10.38,1,3.6,0,0
20.5,0,12.7,0,0
9.51,1,6.6,0,0
36.43,1,15.8,0,0
15.07,0,8.3,1,1
33.49,0,0.5,0,0
13.77,1,2.6,0,0
12.97,1,3.2,0,0
25.8,0,0.8,0,0
50.69,0,5.1,0,0
82.86,0,10.2,0,0
48.5,1,7.0,1,0
51.67,1,8.2,0,0
30.24,1,19.0,1,0
29.74,0,6.0,0,0
141.13,1,0.7,1,1
8.06,0,3.7,0,0
27.12,0,9.4,0,0
13.81,1,7.0,0,0
36.74,0,4.5,0,0
16.6,0,5.4,0,0
68.25,0,15.4,0,0
91.76,0,0.7,0,0
105.44,1,5.8,0,1
128.32,0,1.5,0,0
45.08,0,1.7,0,0
33.23,1,1.3,2,0
6.73,1,9.1,0,0
23.18,1,0.3,0,0
17.79,0,7.1,0,0
86.93,0,2.2,0,0
39.83,1,16.1,0,0
237.69,0,9.2,0,0
6.2,0,13.5,0,0
15.63,0,24.0,0,0
12.77,0,10.0,1,0
111.33,1,0.7,0,0
33.71,0,4.5,0,0
35.0,1,0.6,0,0
41.9,0,0.3,0,0
23.03,0,6.5,0,0
15.34,0,8.1,0,0
68.09,1,2.5,0,0
16.31,1,5.5,0,0
7.59,0,10.8,1,0
71.78,0,43.3,0,0
37.45,1,8.9,0,0
6.88,1,3.0,0,0
217.06,0,2.5,0,0
48.56,0,8.7,1,0
31.5,1,4.9,0,0
20.61,0,14.1,0,0
40.78,1,15.5,0,0
31.29,1,17.7,0,0
19.81,1,18.7,1,0
5.33,0,3.7,0,0
92.07,0,1.5,0,0
9.15,0,10.4,0,0
67.35,0,4.6,0,0
47.72,0,10.2,0,0
15.81,1,27.2,1,1
32.64,0,6.7,0,0
10.06,0,17.5,1,0
38.72,0,2.0,0,0
68.71,1,26.2,0,0
147.85,1,3.3,0,0
84.71,0,3.7,0,0
34.41,0,4.1,0,0
40.18,0,9.0,0,0
22.09,0,14.0,1,0
32.86,0,8.3,0,0
85.36,0,0.1,1,0
42.71,0,28.2,0,0
17.65,1,7.2,0,0
25.67,1,7.3,0,0
20.86,0,34.8,0,0
10.37,1,1.4,1,0
13.87,1,7.4,0,0
48.09,1,3.5,0,0
21.74,1,12.2,1,0
226.64,0,17.1,0,0
158.23,1,0.0,0,0
29.15,0,10.2,0,0
42.98,0,7.5,0,0
43.26,1,17.4,0,0
40.72,0,4.2,0,0
16.94,1,29.9,1,0
40.58,1,0.6,0,0
33.4,0,12.0,0,0
25.58,0,5.6,0,0
66.0,1,10.1,0,0
57.32,1,5.4,1,0
12.8,1,18.1,0,0
139.78,0,0.2,0,0
35.15,1,1.2,0,0
5.87,0,0.7,0,0
20.03,1,0.4,0,0
32.72,0,3.7,0,0
29.67,0,4.4,0,0
26.68,0,3.5,0,0
46.4,1,7.5,0,1
41.98,0,16.0,0,0
47.99,0,6.6,0,0
25.77,0,12.6,0,0
16.51,0,1.0,0,0
19.8,0,10.0,0,0
7.84,1,4.3,0,0
60.93,0,3.6,0,0
24.32,1,6.1,0,0
59.3,1,10.5,0,0
98.92,1,0.4,0,1
76.01,0,2.6,0,0
92.32,1,2.5,0,0
40.73,0,4.8,0,0
18.96,1,4.7,0,0
35.41,1,8.9,0,1
96.6,0,3.4,0,0
9.0,0,1.2,0,0
244.35,1,6.0,1,1
67.34,0,42.1,0,0
67.75,1,7.6,0,0
10.31,0,6.5,0,0
35.78,0,8.6,0,0
27.74,1,37.6,0,0
4.13,0,11.3,0,0
29.45,1,4.9,1,0
25.12,1,6.0,0,0
33.14,1,5.7,0,0
31.91,0,4.1,0,0
17.76,0,8.0,0,0
44.16,1,10.1,0,0
60.89,1,1.1,0,0
23.75,1,8.9,0,0
19.03,0,8.7,0,0
20.55,1,7.0,0,0
50.62,0,2.1,1,0
58.23,1,7.1,0,0
38.71,0,11.1,0,0
8.86,1,20.4,0,0
17.75,0,21.5,0,0
37.29,0,8.5,1,0
84.3,0,0.3,0,0
30.01,0,4.1,0,0
29.02,0,5.5,0,0
16.8,0,0.2,0,0
39.86,1,7.4,0,0
20.15,1,6.1,0,0
33.38,1,8.1,0,0
33.23,1,9.9,0,0
23.55,1,3.6,1,0
16.19,0,0.9,0,0
112.47,0,1.6,1,0
116.13,0,13.4,0,0
15.58,0,23.1,0,0
22.79,1,20.1,0,0
60.77,0,26.0,0,0
55.9,1,7.5,0,0
28.18,0,8.8,0,0
130.86,0,8.1,0,0
14.5,0,15.8,0,0
83.44,0,12.4,0,0
114.71,0,2.2,0,0
6.99,0,1.2,0,0
25.01,0,1.2,0,0
18.16,1,2.8,0,0
58.51,1,12.5,0,0
28.38,0,9.4,0,0
7.75,0,9.7,0,0
41.93,1,17.8,0,0
35.58,1,1.0,0,0
10.19,0,20.8,0,0
17.49,1,4.5,0,0
16.54,0,8.0,0,0
13.47,0,6.4,0,0
39.13,0,15.1,0,0
64.3,1,0.8,0,0
5.62,0,0.5,0,0
30.95,0,15.4,0,0
36.48,1,1.3,0,0
12.35,1,4.1,0,0
112.43,1,39.4,1,1
16.79,0,7.3,0,0
65.33,0,4.2,0,0
21.87,0,4.5,0,0
53.84,0,3.0,0,0
159.37,1,8.7,0,0
16.51,0,7.7,1,0
21.69,1,9.3,0,0
32.28,1,3.3,0,0
9.73,0,3.2,0,0
27.5,0,4.8,0,0
81.09,0,0.4,0,0
186.73,1,20.8,1,0
16.84,0,14.3,1,0
25.2,1,14.3,1,0
40.4,1,8.2,0,0
40.57,0,0.5,0,0
48.38,1,0.3,0,0
73.16,0,0.7,0,0
9.35,1,0.1,0,0
6.93,0,26.5,0,0
38.0,0,3.7,0,0
38.04,0,4.3,0,0
307.06,0,0.5,0,0
44.7,1,2.9,0,0
33.21,0,0.2,0,0
23.76,0,7.8,0,0
51.27,0,8.9,1,0
42.54,1,8.9,0,0
23.9,0,0.1,0,0
18.94,0,13.3,0,0
13.43,0,1.1,0,0
58.01,0,0.8,0,0
5.04,0,7.4,0,0
49.42,0,7.3,0,0
8.45,1,9.5,0,0
65.33,1,14.9,1,0
29.55,0,4.4,0,0
35.14,0,3.4,0,0
19.37,1,15.7,0,0
24.04,1,2.4,1,0
42.45,1,2.7,0,0
39.82,1,0.3,0,0
53.03,0,2.1,0,0
38.46,1,7.7,0,0
29.64,0,12.8,1,0
100.49,1,6.5,0,0
70.36,0,10.8,0,0
45.31,1,37.4,0,0
130.54,0,0.9,0,0
23.45,0,5.1,0,0
12.79,0,9.9,0,0
4.31,1,20.4,0,0
11.04,0,1.3,0,0
53.34,0,1.4,0,0
67.44,0,1.4,0,0
35.93,0,3.2,1,0
35.54,0,9.6,0,0
30.78,0,7.5,0,0
81.4,0,5.4,0,0
106.07,0,8.8,0,0
56.12,1,8.2,0,0
12.94,0,7.2,0,0
7.65,0,5.9,0,0
150.29,0,14.0,0,0
6.41,1,13.2,0,0
16.24,0,2.6,0,0
30.07,1,11.6,1,0
20.67,0,5.8,0,0
27.5,1,1.8,0,0
14.77,1,7.3,1,0
17.25,0,6.0,0,0
16.98,0,0.6,0,0
68.2,0,7.9,0,0
78.94,0,7.2,0,0
202.13,1,5.6,0,1
21.08,0,37.0,0,0
29.42,0,2.3,0,0
41.67,1,10.7,0,0
40.15,1,0.8,0,0
57.41,0,22.9,0,0
11.57,1,7.8,0,0
33.56,1,8.4,0,0
5.52,0,3.5,0,0
66.02,1,52.8,1,1
9.29,0,3.6,0,0
44.5,1,11.1,0,0
28.33,1,5.2,1,0
45.42,1,9.7,0,0
76.18,1,2.0,0,0
24.32,0,24.0,0,0
10.5,1,5.0,1,0
63.21,0,6.8,0,0
708.0,1,6.1,0,0
9.69,1,3.3,0,0
12.44,1,0.0,0,0
18.95,0,11.6,1,0
13.86,1,11.6,0,0
24.21,0,11.7,0,0
48.23,1,0.2,0,0
19.08,1,26.1,2,1
24.17,0,7.5,0,0
32.93,1,11.5,1,0
37.53,1,7.8,0,0
34.15,1,1.9,0,0
24.2,1,2.6,0,0
25.21,1,10.2,0,0
90.94,0,2.9,0,0
15.63,0,11.4,0,0
52.5,0,29.6,0,0
15.45,0,11.2,0,0
63.35,1,5.3,0,0
39.15,1,1.2,0,0
30.55,0,4.4,0,0
13.26,0,1.4,1,0
54.93,1,4.4,0,0
22.42,0,17.2,0,0
63.17,0,11.1,0,0
18.11,0,9.1,0,0
14.25,0,5.7,1,1
76.44,1,10.3,0,0
43.3,1,11.6,0,0
33.86,0,4.7,0,0
69.57,1,8.7,0,1
35.8,0,1.7,0,0
12.72,0,0.1,0,0
5.17,1,16.3,0,0
7.21,0,12.3,0,0
14.4,1,0.6,0,0
34.4,1,11.6,1,0
18.86,1,12.4,0,0
54.45,1,5.6,0,0
47.21,1,4.6,0,0
16.64,0,3.1,0,0
70.91,1,10.0,0,0
15.57,0,7.0,0,0
5.31,1,2.2,0,0
26.87,0,4.5,0,0
49.01,0,5.8,0,0
6.24,1,7.5,0,0
30.27,0,2.9,0,0
96.9,1,1.2,0,0
71.71,0,7.9,0,0
14.88,0,27.6,0,0
29.96,1,3.9,0,0
44.92,1,3.4,0,0
27.35,1,1.2,0,0
43.67,1,5.2,0,0
61.68,0,4.3,0,0
28.4,1,8.7,1,0
40.02,0,4.4,1,0
7.91,0,5.7,0,0
13.11,1,20.6,1,0
13.95,1,9.6,0,0
9.94,0,6.8,1,0
66.84,0,1.2,0,0
12.58,0,6.4,0,0
25.83,1,8.5,0,0
99.72,0,24.1,0,0
49.24,0,5.1,0,0
73.66,1,0.1,0,0
65.39,1,7.7,0,0
15.84,0,11.3,0,0
49.2,0,6.2,0,0
13.92,0,13.0,0,0
77.99,0,9.2,1,0
38.51,0,39.8,0,0
66.85,1,25.2,0,0
32.71,1,10.3,0,0
104.81,1,31.7,0,0
103.16,1,24.2,0,1
51.65,0,2.0,0,0
91.7,1,29.2,0,0
48.22,1,1.5,1,0
170.22,1,22.3,0,0
24.81,0,1.6,0,0
36.57,0,1.7,0,0
18.18,1,30.3,0,1
61.65,0,14.1,0,0
57.37,1,12.9,1,0
42.19,0,4.2,0,0
8.99,0,7.1,0,0
179.27,0,2.1,0,0
82.04,0,10.7,0,0
57.76,0,1.9,0,0
14.56,1,3.7,1,0
254.79,0,2.7,0,0
70.58,1,5.1,0,0
11.82,1,6.9,0,0
31.33,0,8.3,1,0
4.45,0,26.7,1,0
23.81,0,2.9,0,0
20.74,0,0.6,0,0
38.69,0,0.7,0,0
7.78,0,3.1,1,0
16.3,1,1.3,0,0
11.29,0,44.2,0,1
97.05,0,3.8,0,0
15.05,1,23.0,0,0
50.49,0,9.7,0,0
19.99,0,2.8,0,0
54.19,1,1.0,0,0
28.61,0,6.4,0,0
18.04,1,3.9,0,0
38.82,0,8.4,0,0
96.46,0,7.6,0,0
18.25,0,0.4,0,0
31.85,1,26.8,0,0
41.91,1,1.4,0,0
122.57,0,4.0,0,0
70.62,0,3.8,0,0
40.08,1,6.6,0,0
16.08,0,0.6,0,0
55.26,0,2.5,1,0
60.71,1,8.7,0,0
52.58,0,19.9,0,0
153.19,1,44.5,0,0
55.88,0,17.6,0,1
24.01,1,4.2,0,0
13.24,0,4.7,0,0
30.03,0,7.7,0,0
18.19,1,17.8,0,0
11.3,0,4.0,0,0
101.12,0,11.9,0,0
13.99,0,0.9,0,0
53.59,0,12.8,0,0
23.79,0,5.6,1,0
23.14,0,5.3,0,0
65.15,1,1.1,0,0
36.32,0,26.5,0,0
333.51,1,4.3,0,0
7.92,0,3.8,0,0
12.75,1,1.6,0,0
13.53,0,1.1,0,0
24.5,1,17.7,0,0
45.35,0,45.3,1,1
4.33,1,7.5,1,0
69.57,0,6.4,0,0
57.72,0,3.0,0,0
22.24,0,5.8,0,0
45.93,0,3.4,0,0
85.15,0,0.6,0,0
59.63,1,14.9,0,0
132.4,0,8.2,0,0
58.83,0,5.0,0,0
18.13,1,4.7,0,0
60.07,1,26.8,0,0
31.72,0,4.4,0,0
17.4,1,1.3,0,0
47.49,0,18.6,0,0
30.98,1,27.4,0,0
51.28,1,23.0,0,0
32.86,1,0.5,0,0
19.7,0,0.6,0,0
67.35,0,30.1,0,0
31.81,0,32.2,0,1
53.57,1,7.9,1,0
48.21,1,11.6,0,0
47.47,0,7.0,0,0
56.96,0,16.9,0,0
14.09,0,4.7,0,0
37.28,0,30.3,0,0
201.06,0,8.2,0,0
64.73,0,6.9,0,0
21.09,0,8.1,0,0
7.56,0,2.1,0,0
64.21,1,14.1,0,0
45.16,1,4.8,1,0
45.67,1,1.4,0,0
26.61,0,10.5,0,0
63.66,0,22.0,0,0
219.54,1,1.5,0,0
66.24,1,5.1,0,0
17.64,0,14.8,0,0
26.73,1,2.5,0,0
36.85,1,19.6,1,0
8.18,0,2.7,0,0
15.35,0,2.2,0,0
29.27,0,0.3,0,0
29.04,1,4.9,0,0
37.73,0,12.9,0,0
390.39,1,14.3,0,0
17.58,0,2.5,1,0
46.91,1,16.1,0,0
47.32,0,6.6,0,0
35.8,0,4.0,0,0
28.2,1,4.4,0,0
114.17,1,41.6,0,1
242.65,0,32.2,0,0
17.53,1,7.5,0,0
379.52,0,8.7,1,0
8.83,0,49.5,1,0
14.15,0,6.0,0,0
103.65,1,2.7,0,0
139.37,0,18.1,0,0
13.48,1,3.8,0,0
58.83,0,0.8,1,0
17.07,1,5.7,1,0
27.3,0,4.4,0,0
6.23,1,0.3,0,0
22.85,1,21.4,0,0
5.02,1,0.1,0,0
69.78,0,9.2,0,0
17.36,1,8.1,0,0
44.04,0,5.2,0,0
14.04,0,8.9,0,0
59.95,1,10.6,0,1
7.92,0,3.0,0,0
29.4,1,8.1,0,0
79.02,0,8.7,0,0
18.25,1,4.5,0,0
18.26,1,0.2,0,0
60.75,1,3.6,0,0
42.05,1,7.8,0,0
4.21,0,11.3,0,0
29.63,1,3.0,0,0
47.69,1,9.2,0,0
9.22,0,16.8,0,0
66.6,0,39.2,0,0
22.99,0,0.3,0,0
61.51,0,5.1,0,0
9.29,1,8.7,0,0
155.85,0,1.4,0,0
17.11,1,39.0,0,1
11.37,0,21.6,0,0
25.89,1,4.8,0,0
58.16,0,4.0,0,0
129.38,0,8.6,0,0
8.33,1,11.8,0,0
40.04,0,2.5,1,0
101.97,0,11.0,0,0
46.92,1,3.3,0,0
21.45,0,8.9,0,0
23.41,1,0.8,0,0
21.61,0,9.4,0,0
6.17,0,3.4,0,0
37.14,0,1.7,0,0
45.17,0,7.7,0,0
171.25,0,32.6,0,0
32.99,1,1.2,0,0
69.1,1,5.3,0,0
10.93,1,11.0,0,0
11.23,0,5.3,0,0
6.88,0,34.5,0,1
77.55,0,10.8,1,0
13.18,0,14.9,0,0
151.39,1,12.2,0,0
56.16,0,28.2,0,0
129.22,0,17.4,0,0
53.49,0,1.0,0,0
50.4,0,1.0,0,0
39.17,0,5.7,0,0
44.68,0,16.1,0,0
16.05,0,6.0,0,1
336.66,1,3.8,0,0
20.65,1,4.5,0,0
25.14,0,2.6,0,0
80.69,1,3.0,0,0
49.47,1,4.8,0,0
30.81,1,6.7,0,0
138.76,1,10.5,0,0
6.42,0,13.8,0,0
12.83,0,7.1,0,0
23.8,1,4.6,0,0
19.68,0,3.6,0,0
20.47,1,2.6,0,0
53.28,0,14.1,0,0
51.59,1,4.5,0,0
18.26,1,0.6,0,0
33.72,0,48.0,0,0
214.51,1,19.0,0,1
23.97,1,6.8,0,0
6.15,0,10.7,0,0
93.01,1,3.9,0,0
30.05,0,0.2,0,0
45.74,1,0.4,0,0
22.57,0,15.8,0,0
138.08,0,10.6,0,0
6.43,0,8.1,0,0
24.18,0,4.9,0,0
7.79,1,2.6,1,0
31.15,1,1.9,1,0
24.44,0,44.7,0,0
95.05,1,24.0,1,0
34.53,0,22.6,1,0
36.1,0,0.8,0,0
31.81,1,5.3,1,0
68.64,0,0.6,2,0
14.71,1,15.6,0,0
34.87,0,9.1,0,0
10.8,1,20.5,1,0
15.85,0,24.7,0,0
47.87,0,30.8,0,1
155.36,1,4.7,0,0
24.61,1,6.3,0,0
72.37,1,15.0,0,0
27.68,1,11.9,0,0
8.63,1,2.6,0,0
12.1,1,20.6,0,0
29.6,0,1.3,0,0
90.94,1,3.1,0,0
32.13,1,0.7,0,0
10.11,0,3.9,0,0
23.08,1,16.1,0,0
72.02,1,7.4,0,0
23.32,0,1.5,0,0
6.72,0,17.9,0,0
40.8,1,2.6,0,0
12.48,0,2.6,0,0
301.02,1,8.8,0,0
67.5,1,14.9,0,0
19.83,0,6.6,0,0
30.96,0,10.1,0,0
75.8,0,14.7,0,0
24.26,0,14.7,0,0
27.52,0,6.4,0,0
7.32,0,11.6,0,0
31.64,0,1.3,0,0
29.44,0,3.5,0,0
15.62,0,8.4,0,0
2.0,0,25.9,0,0
49.13,0,8.2,0,0
14.17,0,21.0,1,0
21.87,1,7.0,0,0
16.34,1,1.6,0,0
34.39,1,2.4,0,0
108.48,0,3.3,0,0
18.74,0,15.4,0,0
48.23,0,29.8,0,0
6.46,1,2.4,1,0
63.77,0,23.7,1,1
99.9,1,1.6,0,0
60.59,0,15.2,0,0
113.35,1,35.7,0,0
17.94,0,1.7,0,0
111.46,0,1.6,1,0
42.26,0,22.0,0,0
17.47,0,14.3,1,0
49.19,0,0.1,0,0
42.82,1,11.4,0,0
74.13,1,25.1,0,0
41.05,0,1.2,0,0
52.03,0,23.3,1,0
14.94,0,8.3,0,0
18.22,1,4.4,0,0
14.5,0,3.7,1,0
29.91,1,4.7,0,0
142.1,1,11.5,0,0
26.84,0,2.3,0,0
16.24,0,7.4,0,0
56.9,1,20.2,0,0
34.48,0,23.2,0,0
18.14,0,8.3,0,0
14.21,0,15.2,0,0
96.02,0,3.3,0,0
228.93,1,2.5,0,0
6.83,1,3.9,0,0
30.62,1,4.0,0,0
28.2,1,1.7,0,0
16.1,0,23.5,0,0
26.85,1,17.4,0,0
9.32,1,12.1,0,0
84.02,0,15.5,0,0
28.49,0,6.8,0,0
99.02,1,1.2,0,0
31.13,0,7.1,0,0
10.24,0,1.8,1,0
12.27,1,26.3,0,0
63.83,1,17.2,0,0
61.32,1,14.4,0,0
8.15,0,6.7,0,0
26.1,1,24.9,0,0
33.66,0,27.9,0,0
76.96,0,0.9,0,0
46.63,0,10.0,1,0
13.02,1,8.8,0,0
41.26,1,9.1,0,0
104.57,0,10.9,0,0
15.69,1,5.9,0,0
48.03,0,2.4,1,0
44.4,1,24.9,0,0
16.24,1,1.1,0,0
13.19,1,2.4,0,0
61.87,0,0.4,1,0
23.77,1,8.5,0,0
118.44,1,23.0,0,0
37.98,0,0.4,0,0
49.94,1,1.7,0,1
236.65,1,3.5,0,0
240.23,0,0.4,0,0
17.14,0,2.9,0,0
21.8,0,3.9,0,0
8.63,0,26.7,0,0
326.64,0,6.7,0,1
9.0,0,1.5,0,0
15.53,0,5.0,0,0
44.45,1,9.7,0,0
9.74,1,0.4,0,0
6.56,0,22.1,0,0
12.07,1,7.6,0,0
73.58,0,3.6,0,0
19.89,1,1.8,0,0
45.07,1,9.9,0,1
58.44,1,10.4,1,0
29.25,0,8.4,0,0
42.63,0,4.2,0,0
72.49,0,7.9,0,0
30.01,0,2.2,0,0
42.79,0,11.7,1,0
133.5,0,1.3,1,0
94.21,0,9.7,0,0
184.31,1,15.5,0,1
66.73,1,10.4,0,0
31.82,1,0.0,0,0
26.5,0,15.8,1,0
26.61,1,0.9,0,0
31.96,0,18.0,0,0
54.58,0,4.7,0,0
44.02,1,18.3,0,0
33.18,0,0.5,0,0
79.68,0,15.5,0,0
31.49,1,2.3,0,0
30.36,1,14.3,0,0
8.29,0,1.2,0,0
36.42,0,5.0,0,0
27.63,0,2.4,0,0
70.03,0,4.4,1,0
136.01,1,4.7,0,0
58.66,1,19.2,0,0
16.81,0,1.7,0,0
44.87,0,1.1,0,0
9.65,1,7.1,0,0
55.22,1,2.0,0,0
11.28,0,0.8,0,0
5.46,1,3.6,0,0
84.15,0,5.5,0,0
81.38,1,8.9,0,0
104.6,0,8.6,0,0
37.17,0,3.3,0,0
51.13,1,19.3,0,0
26.32,1,2.5,0,0
19.36,1,33.8,0,0
32.87,1,13.3,0,0
26.98,1,10.8,0,0
27.12,1,9.6,0,0
79.65,0,2.3,0,0
40.26,0,7.2,1,0
126.97,1,32.9,0,0
15.43,1,10.6,0,0
58.63,1,8.0,0,0
18.8,1,1.5,0,0
91.23,0,7.3,1,0
29.08,1,10.5,1,0
31.09,1,4.6,0,0
42.95,0,8.0,0,0
25.72,0,24.3,0,0
6.27,1,17.1,0,0
10.44,0,5.3,0,0
144.99,0,26.9,0,1
22.25,1,2.8,0,0
53.59,0,3.9,0,0
8.44,0,24.6,1,1
102.92,0,13.3,0,0
29.56,1,1.4,2,0
9.24,1,2.3,0,0
39.91,1,0.6,0,0
19.0,0,52.8,0,0
139.32,0,3.9,0,0
132.26,1,1.5,0,0
23.67,0,8.9,0,0
31.91,1,11.2,1,0
202.1,1,0.2,0,0
116.79,1,0.9,0,0
49.54,1,7.5,0,0
11.5,0,18.5,0,0
33.08,1,9.8,0,0
18.15,0,10.1,0,0
50.84,0,3.4,0,0
15.12,1,7.4,0,0
25.37,0,3.2,0,0
63.46,1,14.5,1,0
95.31,1,10.9,0,0
32.79,1,4.3,0,0
24.12,0,0.1,0,0
18.95,0,0.6,0,0
12.34,0,8.5,1,0
73.19,1,11.3,0,0
26.98,1,8.3,0,0
121.27,1,9.2,0,0
184.37,0,22.5,0,0
30.16,0,8.9,0,0
50.39,0,8.4,0,0
41.81,0,7.8,2,0
29.83,1,9.2,0,1
58.47,0,26.7,0,0
17.67,0,6.7,0,0
29.71,1,7.8,0,0
34.04,1,0.1,0,1
42.31,0,0.8,0,0
6.45,0,0.6,0,0
52.92,1,18.5,0,0
259.25,0,6.1,0,0
5.59,0,0.3,0,0
8.17,0,0.2,0,0
11.2,1,4.9,0,0
226.37,0,9.2,0,0
30.3,0,4.0,1,0
36.8,1,4.4,1,0
66.7,1,4.6,1,0
11.81,1,13.4,0,0
33.09,1,11.7,0,0
19.15,1,17.6,0,0
117.03,1,7.2,1,0
75.43,0,12.9,0,0
52.21,0,5.2,0,0
16.86,1,0.9,0,0
44.01,0,9.6,1,0
35.52,0,8.8,1,0
20.98,0,13.2,0,0
86.25,1,4.7,1,0
10.65,1,1.9,1,0
22.29,0,12.8,0,0
23.95,0,8.1,0,0
5.95,0,2.4,0,0
40.66,0,18.2,0,0
33.13,1,11.2,0,0
27.42,0,0.4,0,0
64.57,1,6.4,0,0
13.23,0,16.6,0,0
29.37,1,19.2,0,0
55.4,0,3.2,2,0
98.88,1,5.5,0,0
51.31,0,12.7,0,0
127.25,0,4.2,1,0
12.32,0,13.2,0,0
45.21,1,1.8,0,0
23.39,1,0.2,0,0
41.38,0,0.4,0,0
12.46,0,4.5,0,0
10.29,0,8.2,0,0
12.3,1,1.5,0,0
29.46,0,4.1,0,0
25.81,0,14.5,1,0
52.3,0,0.5,0,0
81.08,1,8.8,0,0
65.34,0,22.7,0,0
20.1,1,16.8,1,0
25.28,1,5.6,0,0
37.44,0,3.2,0,0
13.33,0,14.7,0,1
12.18,0,0.8,0,0
10.7,0,21.7,0,0
17.75,0,10.5,0,0
93.36,1,14.6,0,0
375.24,0,7.4,0,0
26.74,1,3.4,1,0
20.33,0,7.5,0,0
57.81,1,0.9,1,0
14.68,1,14.7,0,0
13.88,0,9.7,0,0
7.46,1,4.7,0,0
56.97,0,11.3,1,0
33.62,0,4.1,0,0
67.19,0,2.0,0,0
17.19,1,6.8,0,0
71.32,0,9.0,0,0
132.89,0,24.2,0,0
30.52,0,19.9,0,0
22.56,1,2.9,1,1
24.47,0,28.7,0,0
33.53,0,3.4,0,0
22.45,0,4.6,0,0
52.38,1,18.7,0,0
10.17,1,22.0,1,0
79.86,1,6.9,0,0
16.29,0,0.6,0,0
30.31,0,3.4,0,0
24.62,0,6.0,0,0
53.89,0,0.5,0,0
17.94,1,18.3,0,0
74.54,0,4.5,1,0
18.67,1,10.3,0,0
11.98,1,37.7,0,0
27.41,1,1.1,0,0
131.96,1,2.9,1,0
59.51,0,17.2,0,0
41.03,1,12.6,0,0
36.94,0,1.2,1,0
32.75,0,6.5,0,0
35.18,1,24.3,1,0
10.06,0,0.4,1,0
30.22,1,6.6,0,0
21.01,0,2.4,0,0
22.68,0,3.4,0,0
83.37,0,6.1,0,0
20.11,0,1.9,0,0
11.81,1,8.0,0,0
35.77,1,17.5,0,0
88.85,0,18.4,0,0
13.98,0,21.5,1,0
16.39,0,6.0,0,0
35.55,0,3.8,0,0
30.05,1,10.4,0,0
34.93,0,5.1,0,0
24.87,1,7.2,0,0
39.17,1,1.9,0,0
95.89,0,21.9,0,0
11.71,0,5.2,0,0
35.51,1,3.3,0,0
98.74,0,13.8,0,0
22.42,1,2.5,1,0
20.94,0,2.3,0,0
19.05,0,0.1,0,0
26.37,0,0.2,0,0
16.68,0,3.9,0,0
15.17,1,10.3,0,0
21.97,0,1.3,0,0
25.89,0,7.8,0,0
9.29,1,2.4,0,0
41.66,1,2.8,0,0
87.7,0,4.4,0,0
65.5,0,23.2,0,0
228.31,1,4.9,0,0
39.31,0,17.7,0,0
131.56,0,0.8,0,0
145.96,1,6.9,0,0
67.17,1,4.2,0,0
22.77,0,0.7,0,0
31.53,0,12.1,0,0
3.75,0,8.2,0,0
22.72,0,3.1,1,0
10.33,1,1.2,0,0
2.9,1,9.5,0,0
30.25,1,15.2,0,0
74.83,1,16.3,0,0
7.75,0,18.6,1,0
15.78,1,2.1,0,0
25.55,1,5.2,1,1
24.94,0,9.5,0,0
16.04,0,42.9,0,0
26.62,0,4.4,0,0
35.61,1,1.8,0,0
70.23,0,10.2,1,0
7.08,0,16.9,0,0
20.84,0,13.1,0,0
14.27,0,0.0,0,0
17.2,0,3.2,0,0
9.16,1,6.6,0,0
28.24,1,0.2,0,0
17.18,0,0.5,0,0
46.89,1,9.8,0,0
18.51,1,2.0,0,0
30.56,0,15.8,0,0
40.96,0,1.2,0,0
28.54,1,6.0,0,0
13.57,0,2.2,0,0
33.86,1,9.8,0,0
49.21,1,17.0,0,0
24.27,1,6.2,0,0
53.15,0,1.2,0,0
12.57,1,4.9,0,0
50.25,1,19.2,0,0
46.45,1,8.8,0,0
50.09,1,9.4,0,0
41.14,0,3.5,1,0
18.66,0,5.3,1,0
27.67,0,3.4,0,0
29.36,0,7.9,0,0
44.35,0,1.0,0,0
11.52,0,2.6,1,0
7.66,0,9.0,1,0
32.93,1,21.7,0,0
11.76,1,5.4,0,0
25.67,0,21.4,0,0
38.53,0,18.8,0,0
15.23,1,12.6,0,0
16.29,1,1.0,0,0
26.7,1,1.1,0,0
153.84,1,4.3,0,0
24.34,1,5.0,1,0
68.07,0,3.0,0,0
42.08,0,1.4,0,0
67.26,0,1.6,0,0
5.06,0,9.6,1,0
21.13,0,0.1,0,0
17.03,0,15.6,0,0
37.93,1,27.6,0,0
74.93,0,5.9,0,0
73.36,1,3.8,0,0
22.78,1,22.6,0,0
15.95,0,9.8,0,0
23.98,1,1.5,0,0
25.22,0,5.0,0,0
13.66,0,14.5,0,0
68.71,1,13.4,0,0
167.24,0,31.6,0,0
16.83,1,0.9,1,0
31.94,1,27.9,0,0
10.04,0,1.0,0,0
15.99,1,12.1,0,0
18.21,0,3.7,0,0
113.02,0,11.7,0,0
54.44,1,0.2,1,0
51.83,1,9.9,0,0
55.08,1,9.0,0,0
23.71,0,6.0,0,0
128.2,1,2.3,0,0
25.19,1,9.6,0,0
8.16,0,4.6,0,0
18.63,1,7.0,0,0
12.67,1,0.8,0,0
45.08,0,5.7,1,0
92.54,0,21.7,0,0
44.93,0,1.3,0,0
38.41,1,13.0,1,0
66.49,0,4.3,0,0
13.63,0,12.6,0,0
15.4,1,7.8,0,0
19.17,0,26.1,0,0
19.53,0,11.8,0,0
86.29,0,8.0,1,0
30.71,1,1.8,0,0
10.74,1,26.7,0,1
109.08,1,2.6,1,0
21.59,0,7.8,0,0
102.4,1,14.8,0,0
21.19,1,7.2,1,0
18.02,0,10.0,0,0
48.54,0,1.6,0,0
33.41,1,3.6,0,0
11.95,0,23.2,0,0
18.84,1,3.7,0,0
19.86,0,5.2,0,0
39.01,1,3.7,0,0
25.75,0,1.3,0,0
38.07,0,3.7,0,0
60.7,1,7.0,0,0
21.61,1,9.4,0,0
25.26,0,27.9,0,0
23.28,1,2.5,0,0
3.68,1,37.0,0,0
153.81,1,10.2,0,0
77.05,1,3.2,0,0
24.34,1,3.0,0,0
8.01,0,17.9,0,0
45.38,0,5.4,0,0
19.34,1,33.2,0,0
12.41,0,4.3,0,0
21.82,1,2.3,1,0
5.65,1,13.3,0,0
60.41,0,0.9,0,0
53.19,1,15.2,0,0
34.43,0,2.3,1,0
19.33,0,9.2,0,0
159.18,1,0.7,0,0
6.07,1,1.8,0,0
31.97,0,1.0,0,0
62.77,1,13.9,0,0
35.1,1,0.9,0,0
202.89,0,28.2,0,0
16.61,1,3.4,0,0
54.76,0,1.9,1,0
10.52,1,6.3,1,0
42.54,1,0.2,0,0
38.79,0,4.3,0,0
30.72,1,9.4,1,0
86.67,0,34.4,0,0
14.17,1,30.0,0,0
19.91,1,18.8,0,0
40.99,0,17.6,0,0
42.13,1,11.6,0,0
32.23,1,4.9,0,0
41.65,0,1.3,0,0
20.89,1,22.1,0,1
11.1,1,42.1,0,0
38.82,1,16.7,0,0
28.49,0,12.9,0,0
9.55,0,1.7,0,0
31.38,1,2.1,0,0
24.0,0,7.5,0,0
36.01,0,4.4,1,0
12.72,0,9.8,0,1
112.07,0,1.5,0,0
21.35,0,2.1,0,0
139.38,0,16.9,0,0
11.5,0,9.1,0,0
19.79,1,0.3,0,0
11.92,0,0.3,0,0
48.01,0,24.4,0,0
92.97,0,0.6,0,0
18.71,0,3.0,0,0
39.34,1,18.9,0,0
20.38,1,14.5,0,0
48.48,0,0.7,0,0
15.8,0,12.6,0,0
82.49,1,4.8,0,0
40.98,0,5.1,0,0
12.71,1,18.8,0,0
35.05,0,5.9,0,0
65.89,0,1.1,0,0
80.29,0,10.6,1,0
103.67,1,3.8,0,0
106.56,0,1.2,0,0
8.19,1,18.6,0,0
14.2,0,7.2,1,0
50.85,0,1.0,0,0
15.99,1,5.3,0,0
27.86,1,2.7,0,0
40.43,0,14.5,0,0
74.6,1,1.2,1,0
51.3,0,10.7,0,0
130.5,0,2.6,0,0
33.69,1,19.7,0,0
85.68,1,6.5,0,0
46.96,0,0.2,0,0
141.94,0,6.2,0,0
44.23,1,10.1,0,0
38.73,1,4.8,1,0
18.49,1,0.4,0,0
94.9,0,4.2,0,0
104.62,0,0.0,0,0
20.86,1,24.1,0,0
25.38,1,3.0,0,0
28.68,0,12.7,0,0
30.75,0,0.5,0,0
34.54,0,6.8,0,0
8.56,0,3.9,0,0
54.67,0,0.6,0,0
32.88,0,13.3,0,0
32.34,1,19.2,0,0
8.46,0,0.4,1,0
181.8,0,0.9,0,0
26.53,1,16.1,0,0
29.46,0,6.0,0,0
52.6,0,17.1,0,0
34.89,1,7.9,0,0
15.49,0,0.1,0,0
168.97,0,14.1,0,0
36.73,0,2.9,0,0
56.2,0,12.4,0,0
21.54,0,6.7,0,0
23.86,0,10.7,0,0
13.91,1,10.2,0,0
56.64,0,1.9,0,0
35.71,1,0.1,0,0
53.7,0,23.5,0,0
44.06,0,3.9,0,0
15.53,1,7.0,0,0
62.43,1,21.4,0,0
53.66,1,6.6,0,0
9.34,0,3.0,0,0
69.06,0,5.0,0,0
4.36,0,11.0,1,0
8.83,1,0.1,0,0
10.49,0,0.1,0,0
86.75,1,5.8,0,0
109.79,0,0.7,0,0
18.58,1,0.5,0,0
26.8,1,1.9,0,0
14.84,0,5.8,0,0
64.56,1,6.2,0,0
15.77,1,5.1,0,0
11.77,1,2.2,1,0
42.6,0,9.8,0,0
38.02,1,0.7,0,0
11.42,0,6.2,0,1
24.62,1,5.5,0,0
31.22,1,7.9,0,0
246.94,0,3.2,0,0
33.38,0,3.1,1,0
31.3,0,10.3,1,0
11.94,1,31.1,1,1
11.32,0,4.2,1,0
42.17,1,0.6,0,0
22.33,1,6.0,1,0
19.82,1,14.4,0,0
33.12,1,3.2,1,0
39.27,0,7.1,0,0
127.62,1,4.5,0,0
84.76,0,4.6,0,0
67.83,1,13.0,0,0
40.62,1,34.0,1,0
88.95,1,1.2,0,0
38.14,0,7.6,0,0
25.6,0,4.6,0,0
26.72,0,2.2,0,0
19.43,0,13.8,0,0
32.11,1,2.3,0,0
38.17,1,9.3,0,0
12.36,0,2.5,0,0
37.9,0,13.2,0,0
29.22,0,12.9,0,0
152.02,1,2.0,0,0
8.62,0,0.7,0,0
16.34,1,12.7,0,0
50.44,1,11.3,2,0
32.14,1,14.3,0,0
3.23,0,3.3,1,0
81.31,1,11.7,0,0
