customer_id,name,join_date,loyalty_tier,home_store,age_group
1001,Customer_1,2023-01-01,Bronze,5,26-35
1002,Customer_2,2023-01-01,Bronze,5,36-45
1003,Customer_3,2023-01-02,Bronze,2,56-65
1004,Customer_4,2023-01-02,Gold,6,26-35
1005,Customer_5,2023-01-03,Bronze,8,65+
1006,Customer_6,2023-01-03,Bronze,4,26-35
1007,Customer_7,2023-01-04,Silver,3,36-45
1008,Customer_8,2023-01-04,Silver,4,26-35
1009,Customer_9,2023-01-05,Gold,9,26-35
1010,Customer_10,2023-01-05,Bronze,4,18-25
1011,Customer_11,2023-01-06,Bronze,4,36-45
1012,Customer_12,2023-01-06,Bronze,4,26-35
1013,Customer_13,2023-01-07,Silver,6,46-55
1014,Customer_14,2023-01-07,Platinum,3,26-35
1015,Customer_15,2023-01-08,Bronze,1,46-55
1016,Customer_16,2023-01-08,Bronze,4,26-35
1017,Customer_17,2023-01-09,Bronze,4,36-45
1018,Customer_18,2023-01-09,Bronze,12,26-35
1019,Customer_19,2023-01-10,Gold,12,65+
1020,Customer_20,2023-01-10,Bronze,6,65+
1021,Customer_21,2023-01-11,Silver,3,36-45
1022,Customer_22,2023-01-11,Gold,1,18-25
1023,Customer_23,2023-01-12,Silver,5,26-35
1024,Customer_24,2023-01-12,Silver,4,26-35
1025,Customer_25,2023-01-13,Gold,11,36-45
1026,Customer_26,2023-01-13,Bronze,6,56-65
1027,Customer_27,2023-01-14,Bronze,2,46-55
1028,Customer_28,2023-01-14,Silver,5,46-55
1029,Customer_29,2023-01-15,Silver,4,36-45
1030,Customer_30,2023-01-15,Gold,10,46-55
1031,Customer_31,2023-01-16,Bronze,10,36-45
1032,Customer_32,2023-01-16,Gold,1,26-35
1033,Customer_33,2023-01-17,Silver,8,46-55
1034,Customer_34,2023-01-17,Silver,8,36-45
1035,Customer_35,2023-01-18,Silver,8,56-65
1036,Customer_36,2023-01-18,Bronze,8,36-45
1037,Customer_37,2023-01-19,Bronze,8,36-45
1038,Customer_38,2023-01-19,Bronze,2,36-45
1039,Customer_39,2023-01-20,Silver,1,36-45
1040,Customer_40,2023-01-20,Gold,1,36-45
1041,Customer_41,2023-01-21,Bronze,10,46-55
1042,Customer_42,2023-01-21,Silver,12,18-25
1043,Customer_43,2023-01-22,Silver,4,56-65
1044,Customer_44,2023-01-22,Bronze,9,26-35
1045,Customer_45,2023-01-23,Bronze,4,36-45
1046,Customer_46,2023-01-23,Bronze,3,36-45
1047,Customer_47,2023-01-24,Bronze,1,36-45
1048,Customer_48,2023-01-24,Bronze,7,65+
1049,Customer_49,2023-01-25,Bronze,5,18-25
1050,Customer_50,2023-01-25,Gold,7,26-35
1051,Customer_51,2023-01-26,Bronze,8,56-65
1052,Customer_52,2023-01-26,Bronze,11,26-35
1053,Customer_53,2023-01-27,Gold,9,18-25
1054,Customer_54,2023-01-27,Bronze,11,56-65
1055,Customer_55,2023-01-28,Bronze,9,65+
1056,Customer_56,2023-01-28,Bronze,8,46-55
1057,Customer_57,2023-01-29,Silver,9,46-55
1058,Customer_58,2023-01-29,Gold,5,56-65
1059,Customer_59,2023-01-30,Gold,3,65+
1060,Customer_60,2023-01-30,Platinum,8,65+
1061,Customer_61,2023-01-31,Silver,4,26-35
1062,Customer_62,2023-01-31,Bronze,10,18-25
1063,Customer_63,2023-02-01,Silver,6,46-55
1064,Customer_64,2023-02-01,Silver,10,56-65
1065,Customer_65,2023-02-02,Silver,6,26-35
1066,Customer_66,2023-02-02,Bronze,7,36-45
1067,Customer_67,2023-02-03,Silver,10,56-65
1068,Customer_68,2023-02-03,Gold,2,36-45
1069,Customer_69,2023-02-04,Silver,2,26-35
1070,Customer_70,2023-02-04,Silver,10,65+
1071,Customer_71,2023-02-05,Silver,11,36-45
1072,Customer_72,2023-02-05,Silver,2,36-45
1073,Customer_73,2023-02-06,Silver,12,56-65
1074,Customer_74,2023-02-06,Bronze,8,26-35
1075,Customer_75,2023-02-07,Silver,11,36-45
1076,Customer_76,2023-02-07,Bronze,10,36-45
1077,Customer_77,2023-02-08,Bronze,6,26-35
1078,Customer_78,2023-02-08,Bronze,12,18-25
1079,Customer_79,2023-02-09,Silver,7,26-35
1080,Customer_80,2023-02-09,Silver,1,36-45
1081,Customer_81,2023-02-10,Bronze,12,46-55
1082,Customer_82,2023-02-10,Bronze,8,26-35
1083,Customer_83,2023-02-11,Bronze,6,65+
1084,Customer_84,2023-02-11,Silver,3,26-35
1085,Customer_85,2023-02-12,Silver,9,18-25
1086,Customer_86,2023-02-12,Platinum,2,56-65
1087,Customer_87,2023-02-13,Gold,2,46-55
1088,Customer_88,2023-02-13,Silver,4,26-35
1089,Customer_89,2023-02-14,Bronze,9,36-45
1090,Customer_90,2023-02-14,Silver,12,36-45
1091,Customer_91,2023-02-15,Bronze,1,18-25
1092,Customer_92,2023-02-15,Bronze,1,18-25
1093,Customer_93,2023-02-16,Silver,8,26-35
1094,Customer_94,2023-02-16,Bronze,1,36-45
1095,Customer_95,2023-02-17,Gold,11,65+
1096,Customer_96,2023-02-17,Silver,9,18-25
1097,Customer_97,2023-02-18,Silver,11,18-25
1098,Customer_98,2023-02-18,Gold,4,56-65
1099,Customer_99,2023-02-19,Silver,6,18-25
1100,Customer_100,2023-02-19,Silver,7,36-45
1101,Customer_101,2023-02-20,Silver,12,26-35
1102,Customer_102,2023-02-20,Bronze,7,56-65
1103,Customer_103,2023-02-21,Bronze,4,26-35
1104,Customer_104,2023-02-21,Silver,8,26-35
1105,Customer_105,2023-02-22,Bronze,12,26-35
1106,Customer_106,2023-02-22,Silver,1,36-45
1107,Customer_107,2023-02-23,Silver,9,46-55
1108,Customer_108,2023-02-23,Silver,7,46-55
1109,Customer_109,2023-02-24,Bronze,11,36-45
1110,Customer_110,2023-02-24,Bronze,7,36-45
1111,Customer_111,2023-02-25,Gold,4,26-35
1112,Customer_112,2023-02-25,Bronze,9,26-35
1113,Customer_113,2023-02-26,Bronze,11,26-35
1114,Customer_114,2023-02-26,Bronze,10,18-25
1115,Customer_115,2023-02-27,Bronze,11,18-25
1116,Customer_116,2023-02-27,Bronze,9,26-35
1117,Customer_117,2023-02-28,Bronze,6,36-45
1118,Customer_118,2023-02-28,Gold,6,26-35
1119,Customer_119,2023-03-01,Platinum,2,36-45
1120,Customer_120,2023-03-01,Bronze,11,26-35
1121,Customer_121,2023-03-02,Bronze,3,26-35
1122,Customer_122,2023-03-02,Bronze,10,26-35
1123,Customer_123,2023-03-03,Bronze,3,26-35
1124,Customer_124,2023-03-03,Bronze,7,26-35
1125,Customer_125,2023-03-04,Bronze,3,65+
1126,Customer_126,2023-03-04,Silver,9,26-35
1127,Customer_127,2023-03-05,Bronze,7,26-35
1128,Customer_128,2023-03-05,Bronze,1,18-25
1129,Customer_129,2023-03-06,Silver,10,46-55
1130,Customer_130,2023-03-06,Gold,4,26-35
1131,Customer_131,2023-03-07,Bronze,2,18-25
1132,Customer_132,2023-03-07,Silver,6,26-35
1133,Customer_133,2023-03-08,Silver,11,18-25
1134,Customer_134,2023-03-08,Silver,10,36-45
1135,Customer_135,2023-03-09,Gold,3,46-55
1136,Customer_136,2023-03-09,Silver,3,26-35
1137,Customer_137,2023-03-10,Silver,4,65+
1138,Customer_138,2023-03-10,Bronze,10,36-45
1139,Customer_139,2023-03-11,Bronze,10,18-25
1140,Customer_140,2023-03-11,Gold,7,26-35
1141,Customer_141,2023-03-12,Gold,8,26-35
1142,Customer_142,2023-03-12,Silver,8,36-45
1143,Customer_143,2023-03-13,Bronze,1,46-55
1144,Customer_144,2023-03-13,Bronze,5,46-55
1145,Customer_145,2023-03-14,Silver,7,56-65
1146,Customer_146,2023-03-14,Bronze,3,18-25
1147,Customer_147,2023-03-15,Silver,7,18-25
1148,Customer_148,2023-03-15,Bronze,12,26-35
1149,Customer_149,2023-03-16,Bronze,9,26-35
1150,Customer_150,2023-03-16,Bronze,5,56-65
1151,Customer_151,2023-03-17,Silver,8,46-55
1152,Customer_152,2023-03-17,Silver,5,26-35
1153,Customer_153,2023-03-18,Bronze,5,18-25
1154,Customer_154,2023-03-18,Bronze,9,18-25
1155,Customer_155,2023-03-19,Bronze,4,26-35
1156,Customer_156,2023-03-19,Bronze,5,26-35
1157,Customer_157,2023-03-20,Silver,3,36-45
1158,Customer_158,2023-03-20,Silver,1,26-35
1159,Customer_159,2023-03-21,Silver,12,36-45
1160,Customer_160,2023-03-21,Silver,7,46-55
1161,Customer_161,2023-03-22,Bronze,8,46-55
1162,Customer_162,2023-03-22,Bronze,4,26-35
1163,Customer_163,2023-03-23,Bronze,7,26-35
1164,Customer_164,2023-03-23,Bronze,12,26-35
1165,Customer_165,2023-03-24,Silver,4,18-25
1166,Customer_166,2023-03-24,Silver,1,46-55
1167,Customer_167,2023-03-25,Bronze,1,56-65
1168,Customer_168,2023-03-25,Platinum,11,46-55
1169,Customer_169,2023-03-26,Silver,10,56-65
1170,Customer_170,2023-03-26,Platinum,7,36-45
1171,Customer_171,2023-03-27,Bronze,9,46-55
1172,Customer_172,2023-03-27,Bronze,4,46-55
1173,Customer_173,2023-03-28,Silver,11,36-45
1174,Customer_174,2023-03-28,Silver,2,18-25
1175,Customer_175,2023-03-29,Silver,11,56-65
1176,Customer_176,2023-03-29,Bronze,2,18-25
1177,Customer_177,2023-03-30,Bronze,12,65+
1178,Customer_178,2023-03-30,Bronze,4,56-65
1179,Customer_179,2023-03-31,Silver,5,46-55
1180,Customer_180,2023-03-31,Bronze,3,36-45
1181,Customer_181,2023-04-01,Platinum,1,26-35
1182,Customer_182,2023-04-01,Bronze,5,18-25
1183,Customer_183,2023-04-02,Silver,7,46-55
1184,Customer_184,2023-04-02,Silver,3,18-25
1185,Customer_185,2023-04-03,Silver,9,46-55
1186,Customer_186,2023-04-03,Platinum,1,46-55
1187,Customer_187,2023-04-04,Silver,7,46-55
1188,Customer_188,2023-04-04,Silver,6,18-25
1189,Customer_189,2023-04-05,Silver,11,56-65
1190,Customer_190,2023-04-05,Bronze,1,18-25
1191,Customer_191,2023-04-06,Bronze,8,46-55
1192,Customer_192,2023-04-06,Bronze,12,36-45
1193,Customer_193,2023-04-07,Bronze,9,26-35
1194,Customer_194,2023-04-07,Silver,12,18-25
1195,Customer_195,2023-04-08,Bronze,5,26-35
1196,Customer_196,2023-04-08,Bronze,7,18-25
1197,Customer_197,2023-04-09,Bronze,12,56-65
1198,Customer_198,2023-04-09,Gold,11,18-25
1199,Customer_199,2023-04-10,Gold,10,36-45
1200,Customer_200,2023-04-10,Bronze,8,46-55
1201,Customer_201,2023-04-11,Bronze,1,56-65
1202,Customer_202,2023-04-11,Silver,6,36-45
1203,Customer_203,2023-04-12,Bronze,11,26-35
1204,Customer_204,2023-04-12,Bronze,9,36-45
1205,Customer_205,2023-04-13,Bronze,5,46-55
1206,Customer_206,2023-04-13,Bronze,6,26-35
1207,Customer_207,2023-04-14,Silver,11,36-45
1208,Customer_208,2023-04-14,Bronze,3,56-65
1209,Customer_209,2023-04-15,Silver,6,46-55
1210,Customer_210,2023-04-15,Gold,6,46-55
1211,Customer_211,2023-04-16,Bronze,4,46-55
1212,Customer_212,2023-04-16,Bronze,7,26-35
1213,Customer_213,2023-04-17,Silver,8,65+
1214,Customer_214,2023-04-17,Bronze,1,26-35
1215,Customer_215,2023-04-18,Silver,10,46-55
1216,Customer_216,2023-04-18,Bronze,10,46-55
1217,Customer_217,2023-04-19,Silver,8,26-35
1218,Customer_218,2023-04-19,Silver,3,36-45
1219,Customer_219,2023-04-20,Bronze,3,26-35
1220,Customer_220,2023-04-20,Silver,5,36-45
1221,Customer_221,2023-04-21,Bronze,12,36-45
1222,Customer_222,2023-04-21,Bronze,8,26-35
1223,Customer_223,2023-04-22,Bronze,6,46-55
1224,Customer_224,2023-04-22,Bronze,11,36-45
1225,Customer_225,2023-04-23,Bronze,8,46-55
1226,Customer_226,2023-04-23,Bronze,10,36-45
1227,Customer_227,2023-04-24,Bronze,8,56-65
1228,Customer_228,2023-04-24,Silver,1,18-25
1229,Customer_229,2023-04-25,Bronze,1,18-25
1230,Customer_230,2023-04-25,Silver,3,46-55
1231,Customer_231,2023-04-26,Bronze,8,18-25
1232,Customer_232,2023-04-26,Silver,10,46-55
1233,Customer_233,2023-04-27,Gold,1,26-35
1234,Customer_234,2023-04-27,Silver,9,46-55
1235,Customer_235,2023-04-28,Bronze,10,46-55
1236,Customer_236,2023-04-28,Platinum,3,18-25
1237,Customer_237,2023-04-29,Bronze,9,36-45
1238,Customer_238,2023-04-29,Bronze,2,26-35
1239,Customer_239,2023-04-30,Silver,8,36-45
1240,Customer_240,2023-04-30,Silver,3,26-35
1241,Customer_241,2023-05-01,Bronze,9,36-45
1242,Customer_242,2023-05-01,Bronze,8,46-55
1243,Customer_243,2023-05-02,Bronze,12,46-55
1244,Customer_244,2023-05-02,Bronze,7,26-35
1245,Customer_245,2023-05-03,Bronze,11,26-35
1246,Customer_246,2023-05-03,Gold,10,56-65
1247,Customer_247,2023-05-04,Bronze,1,26-35
1248,Customer_248,2023-05-04,Bronze,7,56-65
1249,Customer_249,2023-05-05,Bronze,7,26-35
1250,Customer_250,2023-05-05,Platinum,2,46-55
1251,Customer_251,2023-05-06,Gold,10,18-25
1252,Customer_252,2023-05-06,Bronze,5,46-55
1253,Customer_253,2023-05-07,Bronze,10,18-25
1254,Customer_254,2023-05-07,Bronze,12,46-55
1255,Customer_255,2023-05-08,Bronze,3,36-45
1256,Customer_256,2023-05-08,Bronze,12,36-45
1257,Customer_257,2023-05-09,Silver,6,36-45
1258,Customer_258,2023-05-09,Silver,10,46-55
1259,Customer_259,2023-05-10,Platinum,11,46-55
1260,Customer_260,2023-05-10,Bronze,5,65+
1261,Customer_261,2023-05-11,Bronze,2,46-55
1262,Customer_262,2023-05-11,Platinum,2,18-25
1263,Customer_263,2023-05-12,Silver,2,18-25
1264,Customer_264,2023-05-12,Platinum,9,26-35
1265,Customer_265,2023-05-13,Bronze,10,56-65
1266,Customer_266,2023-05-13,Bronze,9,56-65
1267,Customer_267,2023-05-14,Bronze,9,46-55
1268,Customer_268,2023-05-14,Silver,6,26-35
1269,Customer_269,2023-05-15,Bronze,6,18-25
1270,Customer_270,2023-05-15,Bronze,9,26-35
1271,Customer_271,2023-05-16,Bronze,6,36-45
1272,Customer_272,2023-05-16,Platinum,4,26-35
1273,Customer_273,2023-05-17,Silver,5,46-55
1274,Customer_274,2023-05-17,Bronze,7,36-45
1275,Customer_275,2023-05-18,Bronze,12,46-55
1276,Customer_276,2023-05-18,Silver,11,36-45
1277,Customer_277,2023-05-19,Silver,9,46-55
1278,Customer_278,2023-05-19,Gold,6,26-35
1279,Customer_279,2023-05-20,Bronze,11,26-35
1280,Customer_280,2023-05-20,Bronze,5,46-55
1281,Customer_281,2023-05-21,Bronze,6,18-25
1282,Customer_282,2023-05-21,Bronze,12,56-65
1283,Customer_283,2023-05-22,Bronze,3,46-55
1284,Customer_284,2023-05-22,Silver,2,26-35
1285,Customer_285,2023-05-23,Silver,9,46-55
1286,Customer_286,2023-05-23,Bronze,8,65+
1287,Customer_287,2023-05-24,Gold,11,26-35
1288,Customer_288,2023-05-24,Silver,2,56-65
1289,Customer_289,2023-05-25,Bronze,11,36-45
1290,Customer_290,2023-05-25,Silver,10,65+
1291,Customer_291,2023-05-26,Bronze,3,65+
1292,Customer_292,2023-05-26,Platinum,7,36-45
1293,Customer_293,2023-05-27,Bronze,9,46-55
1294,Customer_294,2023-05-27,Gold,5,46-55
1295,Customer_295,2023-05-28,Bronze,12,56-65
1296,Customer_296,2023-05-28,Bronze,7,46-55
1297,Customer_297,2023-05-29,Bronze,1,26-35
1298,Customer_298,2023-05-29,Silver,3,46-55
1299,Customer_299,2023-05-30,Bronze,10,18-25
1300,Customer_300,2023-05-30,Bronze,9,26-35
1301,Customer_301,2023-05-31,Silver,3,46-55
1302,Customer_302,2023-05-31,Silver,2,18-25
1303,Customer_303,2023-06-01,Silver,10,36-45
1304,Customer_304,2023-06-01,Platinum,3,36-45
1305,Customer_305,2023-06-02,Platinum,3,46-55
1306,Customer_306,2023-06-02,Bronze,1,56-65
1307,Customer_307,2023-06-03,Bronze,11,18-25
1308,Customer_308,2023-06-03,Bronze,5,26-35
1309,Customer_309,2023-06-04,Gold,2,36-45
1310,Customer_310,2023-06-04,Gold,10,36-45
1311,Customer_311,2023-06-05,Bronze,7,46-55
1312,Customer_312,2023-06-05,Bronze,2,65+
1313,Customer_313,2023-06-06,Bronze,1,46-55
1314,Customer_314,2023-06-06,Silver,10,26-35
1315,Customer_315,2023-06-07,Bronze,9,36-45
1316,Customer_316,2023-06-07,Bronze,11,46-55
1317,Customer_317,2023-06-08,Silver,7,65+
1318,Customer_318,2023-06-08,Bronze,5,26-35
1319,Customer_319,2023-06-09,Silver,6,26-35
1320,Customer_320,2023-06-09,Gold,3,26-35
1321,Customer_321,2023-06-10,Gold,6,65+
1322,Customer_322,2023-06-10,Gold,1,26-35
1323,Customer_323,2023-06-11,Bronze,7,56-65
1324,Customer_324,2023-06-11,Gold,1,36-45
1325,Customer_325,2023-06-12,Bronze,8,46-55
1326,Customer_326,2023-06-12,Bronze,7,46-55
1327,Customer_327,2023-06-13,Silver,8,65+
1328,Customer_328,2023-06-13,Bronze,8,65+
1329,Customer_329,2023-06-14,Silver,2,26-35
1330,Customer_330,2023-06-14,Bronze,11,26-35
1331,Customer_331,2023-06-15,Bronze,4,36-45
1332,Customer_332,2023-06-15,Gold,7,46-55
1333,Customer_333,2023-06-16,Bronze,12,65+
1334,Customer_334,2023-06-16,Bronze,4,65+
1335,Customer_335,2023-06-17,Bronze,10,18-25
1336,Customer_336,2023-06-17,Silver,12,36-45
1337,Customer_337,2023-06-18,Bronze,9,46-55
1338,Customer_338,2023-06-18,Silver,9,26-35
1339,Customer_339,2023-06-19,Silver,9,36-45
1340,Customer_340,2023-06-19,Gold,11,36-45
1341,Customer_341,2023-06-20,Bronze,3,46-55
1342,Customer_342,2023-06-20,Bronze,12,18-25
1343,Customer_343,2023-06-21,Bronze,10,56-65
1344,Customer_344,2023-06-21,Gold,4,36-45
1345,Customer_345,2023-06-22,Silver,6,26-35
1346,Customer_346,2023-06-22,Bronze,3,46-55
1347,Customer_347,2023-06-23,Bronze,7,18-25
1348,Customer_348,2023-06-23,Bronze,11,56-65
1349,Customer_349,2023-06-24,Gold,1,46-55
1350,Customer_350,2023-06-24,Bronze,11,36-45
1351,Customer_351,2023-06-25,Bronze,4,26-35
1352,Customer_352,2023-06-25,Bronze,9,26-35
1353,Customer_353,2023-06-26,Bronze,8,36-45
1354,Customer_354,2023-06-26,Platinum,9,26-35
1355,Customer_355,2023-06-27,Bronze,2,26-35
1356,Customer_356,2023-06-27,Gold,1,46-55
1357,Customer_357,2023-06-28,Silver,5,56-65
1358,Customer_358,2023-06-28,Bronze,6,36-45
1359,Customer_359,2023-06-29,Bronze,11,26-35
1360,Customer_360,2023-06-29,Platinum,6,36-45
1361,Customer_361,2023-06-30,Platinum,6,26-35
1362,Customer_362,2023-06-30,Gold,8,46-55
1363,Customer_363,2023-07-01,Platinum,11,36-45
1364,Customer_364,2023-07-01,Silver,11,26-35
1365,Customer_365,2023-07-02,Gold,2,36-45
1366,Customer_366,2023-07-02,Bronze,10,26-35
1367,Customer_367,2023-07-03,Silver,1,36-45
1368,Customer_368,2023-07-03,Bronze,9,26-35
1369,Customer_369,2023-07-04,Silver,10,36-45
1370,Customer_370,2023-07-04,Silver,1,18-25
1371,Customer_371,2023-07-05,Platinum,8,26-35
1372,Customer_372,2023-07-05,Silver,11,46-55
1373,Customer_373,2023-07-06,Silver,4,46-55
1374,Customer_374,2023-07-06,Silver,12,26-35
1375,Customer_375,2023-07-07,Silver,2,36-45
1376,Customer_376,2023-07-07,Bronze,8,36-45
1377,Customer_377,2023-07-08,Silver,8,56-65
1378,Customer_378,2023-07-08,Bronze,1,26-35
1379,Customer_379,2023-07-09,Bronze,2,26-35
1380,Customer_380,2023-07-09,Bronze,2,26-35
1381,Customer_381,2023-07-10,Platinum,8,46-55
1382,Customer_382,2023-07-10,Silver,6,26-35
1383,Customer_383,2023-07-11,Bronze,9,65+
1384,Customer_384,2023-07-11,Silver,12,18-25
1385,Customer_385,2023-07-12,Bronze,12,36-45
1386,Customer_386,2023-07-12,Silver,12,36-45
1387,Customer_387,2023-07-13,Platinum,3,56-65
1388,Customer_388,2023-07-13,Bronze,5,26-35
1389,Customer_389,2023-07-14,Silver,3,18-25
1390,Customer_390,2023-07-14,Bronze,10,36-45
1391,Customer_391,2023-07-15,Silver,12,18-25
1392,Customer_392,2023-07-15,Bronze,7,56-65
1393,Customer_393,2023-07-16,Bronze,4,26-35
1394,Customer_394,2023-07-16,Bronze,11,18-25
1395,Customer_395,2023-07-17,Silver,12,26-35
1396,Customer_396,2023-07-17,Silver,6,26-35
1397,Customer_397,2023-07-18,Bronze,10,26-35
1398,Customer_398,2023-07-18,Bronze,6,65+
1399,Customer_399,2023-07-19,Silver,7,26-35
1400,Customer_400,2023-07-19,Bronze,11,46-55
1401,Customer_401,2023-07-20,Bronze,12,18-25
1402,Customer_402,2023-07-20,Bronze,2,36-45
1403,Customer_403,2023-07-21,Bronze,9,36-45
1404,Customer_404,2023-07-21,Bronze,8,46-55
1405,Customer_405,2023-07-22,Bronze,8,56-65
1406,Customer_406,2023-07-22,Bronze,7,46-55
1407,Customer_407,2023-07-23,Gold,12,46-55
1408,Customer_408,2023-07-23,Silver,10,36-45
1409,Customer_409,2023-07-24,Silver,3,46-55
1410,Customer_410,2023-07-24,Bronze,5,36-45
1411,Customer_411,2023-07-25,Bronze,5,18-25
1412,Customer_412,2023-07-25,Silver,1,46-55
1413,Customer_413,2023-07-26,Gold,8,18-25
1414,Customer_414,2023-07-26,Silver,8,65+
1415,Customer_415,2023-07-27,Silver,6,46-55
1416,Customer_416,2023-07-27,Silver,6,46-55
1417,Customer_417,2023-07-28,Gold,1,36-45
1418,Customer_418,2023-07-28,Bronze,10,56-65
1419,Customer_419,2023-07-29,Bronze,4,36-45
1420,Customer_420,2023-07-29,Silver,3,36-45
1421,Customer_421,2023-07-30,Bronze,11,46-55
1422,Customer_422,2023-07-30,Bronze,2,36-45
1423,Customer_423,2023-07-31,Silver,7,36-45
1424,Customer_424,2023-07-31,Bronze,5,56-65
1425,Customer_425,2023-08-01,Silver,7,26-35
1426,Customer_426,2023-08-01,Gold,8,26-35
1427,Customer_427,2023-08-02,Bronze,12,36-45
1428,Customer_428,2023-08-02,Bronze,12,36-45
1429,Customer_429,2023-08-03,Gold,11,36-45
1430,Customer_430,2023-08-03,Silver,9,36-45
1431,Customer_431,2023-08-04,Bronze,8,18-25
1432,Customer_432,2023-08-04,Gold,8,18-25
1433,Customer_433,2023-08-05,Bronze,12,26-35
1434,Customer_434,2023-08-05,Silver,6,65+
1435,Customer_435,2023-08-06,Silver,6,65+
1436,Customer_436,2023-08-06,Bronze,2,36-45
1437,Customer_437,2023-08-07,Bronze,4,46-55
1438,Customer_438,2023-08-07,Bronze,6,65+
1439,Customer_439,2023-08-08,Bronze,5,26-35
1440,Customer_440,2023-08-08,Bronze,4,65+
1441,Customer_441,2023-08-09,Bronze,11,65+
1442,Customer_442,2023-08-09,Silver,3,36-45
1443,Customer_443,2023-08-10,Silver,7,26-35
1444,Customer_444,2023-08-10,Silver,11,56-65
1445,Customer_445,2023-08-11,Bronze,8,18-25
1446,Customer_446,2023-08-11,Bronze,12,46-55
1447,Customer_447,2023-08-12,Bronze,2,46-55
1448,Customer_448,2023-08-12,Bronze,6,46-55
1449,Customer_449,2023-08-13,Bronze,11,46-55
1450,Customer_450,2023-08-13,Silver,9,18-25
1451,Customer_451,2023-08-14,Silver,4,46-55
1452,Customer_452,2023-08-14,Bronze,4,46-55
1453,Customer_453,2023-08-15,Platinum,12,56-65
1454,Customer_454,2023-08-15,Gold,10,18-25
1455,Customer_455,2023-08-16,Bronze,4,56-65
1456,Customer_456,2023-08-16,Gold,4,26-35
1457,Customer_457,2023-08-17,Bronze,9,26-35
1458,Customer_458,2023-08-17,Silver,2,36-45
1459,Customer_459,2023-08-18,Gold,7,65+
1460,Customer_460,2023-08-18,Gold,7,26-35
1461,Customer_461,2023-08-19,Silver,2,46-55
1462,Customer_462,2023-08-19,Silver,10,18-25
1463,Customer_463,2023-08-20,Platinum,1,18-25
1464,Customer_464,2023-08-20,Bronze,2,46-55
1465,Customer_465,2023-08-21,Bronze,2,46-55
1466,Customer_466,2023-08-21,Bronze,12,46-55
1467,Customer_467,2023-08-22,Bronze,9,36-45
1468,Customer_468,2023-08-22,Silver,8,18-25
1469,Customer_469,2023-08-23,Silver,3,26-35
1470,Customer_470,2023-08-23,Silver,5,46-55
1471,Customer_471,2023-08-24,Silver,2,46-55
1472,Customer_472,2023-08-24,Silver,10,46-55
1473,Customer_473,2023-08-25,Bronze,10,36-45
1474,Customer_474,2023-08-25,Bronze,7,18-25
1475,Customer_475,2023-08-26,Bronze,3,36-45
1476,Customer_476,2023-08-26,Bronze,12,36-45
1477,Customer_477,2023-08-27,Bronze,9,36-45
1478,Customer_478,2023-08-27,Bronze,12,26-35
1479,Customer_479,2023-08-28,Bronze,11,36-45
1480,Customer_480,2023-08-28,Silver,5,46-55
1481,Customer_481,2023-08-29,Bronze,2,46-55
1482,Customer_482,2023-08-29,Gold,10,56-65
1483,Customer_483,2023-08-30,Bronze,3,65+
1484,Customer_484,2023-08-30,Gold,12,36-45
1485,Customer_485,2023-08-31,Bronze,4,65+
1486,Customer_486,2023-08-31,Silver,4,36-45
1487,Customer_487,2023-09-01,Bronze,11,36-45
1488,Customer_488,2023-09-01,Bronze,2,36-45
1489,Customer_489,2023-09-02,Platinum,8,46-55
1490,Customer_490,2023-09-02,Bronze,1,65+
1491,Customer_491,2023-09-03,Bronze,9,46-55
1492,Customer_492,2023-09-03,Bronze,3,26-35
1493,Customer_493,2023-09-04,Silver,8,36-45
1494,Customer_494,2023-09-04,Silver,3,26-35
1495,Customer_495,2023-09-05,Platinum,10,56-65
1496,Customer_496,2023-09-05,Gold,4,46-55
1497,Customer_497,2023-09-06,Bronze,5,36-45
1498,Customer_498,2023-09-06,Bronze,7,26-35
1499,Customer_499,2023-09-07,Bronze,1,36-45
1500,Customer_500,2023-09-07,Silver,10,36-45
