store_id,before_satisfaction,after_satisfaction
Store_01,7.3,8.4
Store_02,5.2,5.0
Store_03,4.7,4.2
Store_04,6.6,6.8
Store_05,6.1,7.1
Store_06,6.5,7.4
Store_07,8.2,9.2
Store_08,6.4,7.7
Store_09,7.7,8.0
Store_10,6.7,6.3
Store_11,6.0,6.5
Store_12,7.4,8.7
Store_13,7.3,7.5
Store_14,5.3,5.9
Store_15,6.8,7.8
Store_16,7.8,8.0
Store_17,6.9,7.6
Store_18,6.5,8.0
Store_19,7.2,8.0
Store_20,6.7,7.2
Store_21,7.5,8.6
Store_22,8.5,8.4
Store_23,7.1,7.4
Store_24,6.7,7.8
Store_25,6.3,6.4
Store_26,7.6,7.7
Store_27,8.5,9.0
Store_28,7.2,8.0
Store_29,8.0,8.0
Store_30,6.8,7.4
Store_31,8.4,9.5
Store_32,8.6,8.2
Store_33,7.6,9.0
Store_34,7.1,7.7
Store_35,7.5,8.2
Store_36,5.4,6.3
Store_37,5.7,5.3
Store_38,7.1,8.3
Store_39,6.3,6.5
Store_40,7.5,7.9
