store_id,daily_revenue,daily_transactions
Store_01,2607.71,162
Store_02,3346.88,226
Store_03,3522.59,169
Store_04,3185.26,170
Store_05,4428.26,136
Store_06,3778.62,154
Store_07,2172.36,156
Store_08,3222.09,205
Store_09,4075.98,195
Store_10,2783.25,110
Store_11,2246.2,204
Store_12,2484.18,123
Store_13,4095.34,108
Store_14,3894.96,165
Store_15,4909.39,155
Store_16,2883.0,186
Store_17,2904.54,157
Store_18,3362.77,208
Store_19,3390.61,170
Store_20,2854.87,182
Store_21,3010.3,179
Store_22,3976.31,257
Store_23,3094.82,200
Store_24,3365.56,201
Store_25,2387.74,241
Store_26,4718.99,198
Store_27,2859.46,217
Store_28,1438.03,238
Store_29,4305.47,177
Store_30,2844.9,163
Store_31,3705.41,145
Store_32,3136.52,211
Store_33,2632.82,180
Store_34,3419.21,92
Store_35,2272.25,171
Store_36,3036.31,164
Store_37,2463.72,96
Store_38,2960.32,257
Store_39,4397.59,232
Store_40,3542.52,217
Store_41,2716.84,144
Store_42,4267.86,95
Store_43,3666.86,237
Store_44,1892.85,219
Store_45,3039.12,176
