store_id,avg_wait_time,staff_friendliness,drink_quality,store_cleanliness,satisfaction_score
Store_01,4.3,8.6,6.1,8.4,4.3
Store_02,4.7,6.1,7.7,9.0,4.5
Store_03,5.6,6.0,6.4,7.9,3.0
Store_04,4.7,6.7,8.1,9.5,5.7
Store_05,5.4,10.0,8.2,6.8,6.3
Store_06,4.3,5.6,7.8,6.5,3.0
Store_07,5.9,6.0,6.3,7.5,1.6
Store_08,3.5,5.2,9.0,8.2,5.7
Store_09,5.0,5.5,9.8,9.3,6.9
Store_10,3.3,9.9,8.5,8.1,8.6
Store_11,6.0,6.7,8.6,8.4,4.1
Store_12,2.3,7.0,5.8,9.9,6.1
Store_13,3.9,6.2,8.7,7.7,4.9
Store_14,4.5,10.0,8.1,7.1,6.3
Store_15,4.5,8.8,7.9,6.0,5.3
Store_16,3.1,8.1,9.0,9.7,9.0
Store_17,5.0,5.2,5.5,7.1,1.0
Store_18,3.0,8.6,6.3,7.6,6.7
Store_19,2.5,6.8,5.4,7.7,3.7
Store_20,4.0,9.2,8.8,8.0,8.6
Store_21,6.0,7.9,9.4,9.4,6.7
Store_22,3.5,6.4,6.3,6.1,4.7
Store_23,3.7,7.8,7.5,8.1,4.9
Store_24,4.8,6.5,7.5,8.6,5.1
Store_25,4.0,7.3,9.8,9.2,7.8
Store_26,3.0,6.8,6.0,9.6,4.7
Store_27,2.1,7.7,7.7,9.8,8.6
Store_28,5.0,7.9,8.7,7.4,6.5
Store_29,3.9,5.4,5.6,7.1,2.0
Store_30,6.0,9.3,6.0,9.8,2.8
Store_31,3.5,7.6,7.1,7.3,5.7
Store_32,4.2,9.3,8.8,9.5,7.1
Store_33,3.4,9.4,9.3,7.2,7.5
Store_34,2.8,6.6,10.0,8.9,10.0
Store_35,3.6,5.9,7.6,7.6,5.1
Store_36,2.5,7.8,9.3,9.4,8.6
Store_37,2.3,5.4,9.1,5.0,6.3
Store_38,5.5,9.0,8.5,8.9,5.3
Store_39,3.2,5.5,9.4,9.1,7.7
Store_40,5.2,9.8,6.6,8.6,5.1
Store_41,2.6,6.5,8.6,9.4,5.3
Store_42,4.9,8.2,6.7,8.9,3.7
Store_43,5.2,8.7,6.0,10.0,4.1
Store_44,5.8,8.3,8.8,7.2,4.7
Store_45,2.2,7.9,8.3,8.1,7.1
