store_id,daily_revenue
Campaign_01,4221.48
Campaign_02,4793.95
Campaign_03,3588.33
Campaign_04,2985.24
Campaign_05,2831.18
Campaign_06,3501.06
Campaign_07,4071.14
Campaign_08,3558.63
Campaign_09,3720.66
Campaign_10,3530.22
Campaign_11,4107.69
Campaign_12,3489.53
Campaign_13,3563.32
Campaign_14,3481.83
Campaign_15,3197.95
Campaign_16,3580.18
Campaign_17,3839.12
Campaign_18,3566.23
Campaign_19,3011.16
Campaign_20,3818.19
Campaign_21,3045.89
Campaign_22,4630.76
Campaign_23,4338.87
Campaign_24,3366.51
Campaign_25,4500.81
Campaign_26,3346.01
Campaign_27,4257.11
Campaign_28,3642.51
Campaign_29,3859.38
Campaign_30,3758.64
Campaign_31,4163.8
Campaign_32,3591.73
Campaign_33,3015.33
Campaign_34,5403.2
Campaign_35,3582.59
