response_id,property,checkin_minutes,room_score,service_score,satisfaction
GS-0001,Harbor Island,9.4,8.0,7.7,8.3
GS-0002,Clearwater Beach,7.1,7.0,8.2,8.5
GS-0003,Harbor Island,5.9,8.1,8.9,8.1
GS-0004,Clearwater Beach,6.0,6.5,10.0,8.6
GS-0005,Clearwater Beach,4.1,7.0,7.8,7.5
GS-0006,Clearwater Beach,4.7,6.9,8.9,7.0
GS-0007,Clearwater Beach,7.1,7.3,8.4,7.9
GS-0008,Clearwater Beach,7.1,6.1,8.2,8.0
GS-0009,Harbor Island,9.6,7.6,8.6,7.1
GS-0010,Harbor Island,9.0,7.8,9.0,8.0
GS-0011,Clearwater Beach,11.5,7.0,7.7,8.2
GS-0012,Clearwater Beach,6.3,10.0,7.9,9.0
GS-0013,Harbor Island,6.3,9.5,8.3,9.1
GS-0014,Harbor Island,8.8,9.1,8.9,8.7
GS-0015,Clearwater Beach,6.4,7.2,8.3,8.1
GS-0016,Clearwater Beach,3.2,9.7,8.7,9.1
GS-0017,Harbor Island,6.5,7.2,7.5,7.1
GS-0018,Harbor Island,7.7,7.3,9.6,9.2
GS-0019,Clearwater Beach,3.5,8.9,10.0,9.9
GS-0020,Harbor Island,5.3,7.7,8.9,8.0
GS-0021,Clearwater Beach,7.0,7.7,9.0,8.1
GS-0022,Harbor Island,6.0,8.7,8.8,9.1
GS-0023,Harbor Island,11.1,8.7,8.0,7.4
GS-0024,Clearwater Beach,7.4,8.8,8.3,8.2
GS-0025,Clearwater Beach,9.5,7.1,8.4,7.7
GS-0026,Harbor Island,2.8,8.9,8.8,9.6
GS-0027,Clearwater Beach,7.2,8.7,7.0,8.5
GS-0028,Clearwater Beach,6.6,7.6,8.4,7.3
GS-0029,Clearwater Beach,7.5,7.8,9.4,7.4
GS-0030,Harbor Island,3.7,9.4,8.4,8.6
GS-0031,Clearwater Beach,7.8,8.4,9.5,8.3
GS-0032,Harbor Island,5.2,9.8,8.8,9.0
GS-0033,Clearwater Beach,12.2,9.2,6.5,7.7
GS-0034,Clearwater Beach,10.5,7.4,6.3,7.5
GS-0035,Harbor Island,2.0,8.9,8.4,8.2
GS-0036,Harbor Island,6.2,8.4,7.7,8.5
GS-0037,Harbor Island,5.4,7.2,7.8,7.4
GS-0038,Harbor Island,7.4,7.7,8.8,7.7
GS-0039,Harbor Island,3.1,9.5,9.4,9.2
GS-0040,Clearwater Beach,5.4,8.9,7.6,8.6
GS-0041,Clearwater Beach,5.0,7.7,8.4,7.1
GS-0042,Clearwater Beach,3.2,8.1,9.7,8.5
GS-0043,Harbor Island,6.3,8.6,9.3,9.4
GS-0044,Clearwater Beach,11.6,7.8,8.9,8.1
GS-0045,Harbor Island,8.9,8.3,8.9,9.0
GS-0046,Clearwater Beach,5.2,8.1,9.3,9.2
GS-0047,Clearwater Beach,7.2,7.7,9.6,8.8
GS-0048,Harbor Island,7.4,10.0,8.2,9.3
GS-0049,Harbor Island,11.5,6.8,7.3,6.9
GS-0050,Harbor Island,6.7,7.5,7.7,7.3
GS-0051,Clearwater Beach,8.6,8.0,9.6,8.2
GS-0052,Harbor Island,9.0,8.3,9.1,8.0
GS-0053,Clearwater Beach,6.9,7.9,9.0,8.0
GS-0054,Harbor Island,6.0,8.9,8.1,8.3
GS-0055,Harbor Island,5.0,8.0,9.1,8.1
GS-0056,Harbor Island,4.5,9.4,8.6,9.5
GS-0057,Clearwater Beach,7.2,7.8,8.9,7.1
GS-0058,Clearwater Beach,8.6,6.6,7.6,6.1
GS-0059,Harbor Island,3.8,8.4,10.0,9.6
GS-0060,Clearwater Beach,6.6,8.0,8.9,8.1
GS-0061,Harbor Island,5.4,9.9,9.5,9.5
GS-0062,Harbor Island,7.7,8.9,6.8,8.0
GS-0063,Clearwater Beach,8.8,7.5,8.6,7.2
GS-0064,Clearwater Beach,5.0,8.0,9.8,8.6
GS-0065,Harbor Island,8.9,8.8,8.0,8.5
GS-0066,Clearwater Beach,9.3,8.4,8.4,7.7
GS-0067,Harbor Island,8.3,10.0,8.9,8.4
GS-0068,Harbor Island,3.6,9.1,7.8,8.2
GS-0069,Clearwater Beach,4.9,5.3,9.0,6.9
GS-0070,Clearwater Beach,8.7,7.8,9.4,8.0
GS-0071,Clearwater Beach,7.4,7.7,9.8,7.9
GS-0072,Harbor Island,9.0,8.8,7.6,8.5
GS-0073,Harbor Island,9.3,9.7,6.1,8.1
GS-0074,Clearwater Beach,5.3,8.5,8.7,8.0
GS-0075,Harbor Island,7.1,9.6,9.9,8.8
GS-0076,Clearwater Beach,10.0,6.6,7.9,7.7
GS-0077,Harbor Island,8.7,8.5,7.4,7.7
GS-0078,Harbor Island,6.7,8.5,7.0,7.8
GS-0079,Harbor Island,6.0,9.7,8.6,8.5
GS-0080,Harbor Island,6.8,9.2,7.5,8.7
GS-0081,Harbor Island,4.7,8.7,8.7,9.2
GS-0082,Harbor Island,8.8,9.6,8.3,8.6
GS-0083,Harbor Island,5.3,10.0,9.8,9.1
GS-0084,Harbor Island,7.8,9.2,8.0,8.9
GS-0085,Clearwater Beach,6.5,8.2,8.0,9.1
GS-0086,Clearwater Beach,8.3,7.4,8.3,6.7
GS-0087,Harbor Island,5.7,9.0,7.7,8.1
GS-0088,Harbor Island,3.6,8.9,9.6,9.8
GS-0089,Clearwater Beach,5.5,8.1,10.0,8.8
GS-0090,Clearwater Beach,13.6,8.9,10.0,8.2
GS-0091,Clearwater Beach,4.4,7.9,8.7,8.0
GS-0092,Harbor Island,5.5,7.9,9.2,8.0
GS-0093,Clearwater Beach,6.2,7.8,9.0,7.0
GS-0094,Clearwater Beach,7.4,8.4,9.8,7.2
GS-0095,Harbor Island,1.0,8.6,8.3,8.5
GS-0096,Clearwater Beach,7.3,8.5,10.0,9.0
GS-0097,Clearwater Beach,9.4,8.5,8.3,7.7
GS-0098,Clearwater Beach,7.3,9.1,5.4,7.6
GS-0099,Harbor Island,3.1,8.7,7.8,8.0
GS-0100,Harbor Island,9.4,8.7,8.4,9.2
GS-0101,Harbor Island,5.0,7.5,9.2,8.7
GS-0102,Harbor Island,1.1,8.7,9.2,7.9
GS-0103,Harbor Island,6.4,9.4,7.9,9.2
GS-0104,Harbor Island,3.6,8.4,7.9,8.3
GS-0105,Harbor Island,10.7,9.6,6.6,8.8
GS-0106,Harbor Island,5.3,7.3,8.4,7.7
GS-0107,Clearwater Beach,9.9,7.4,9.4,7.8
GS-0108,Harbor Island,5.8,8.4,7.0,7.6
GS-0109,Harbor Island,4.0,8.4,9.4,8.9
GS-0110,Harbor Island,8.7,8.5,9.4,8.7
GS-0111,Clearwater Beach,6.2,7.4,9.4,8.0
GS-0112,Clearwater Beach,7.1,9.0,7.3,8.1
GS-0113,Harbor Island,3.8,8.6,8.3,8.2
GS-0114,Clearwater Beach,11.2,10.0,8.2,9.7
GS-0115,Harbor Island,7.8,10.0,8.8,10.0
GS-0116,Clearwater Beach,7.4,6.9,8.2,6.9
GS-0117,Clearwater Beach,2.7,7.6,8.9,7.9
GS-0118,Harbor Island,6.5,7.8,9.0,8.3
GS-0119,Harbor Island,9.4,9.3,6.6,8.4
GS-0120,Harbor Island,5.8,8.2,6.6,7.6
GS-0121,Harbor Island,7.2,10.0,9.2,10.0
GS-0122,Clearwater Beach,3.8,8.4,8.9,8.9
GS-0123,Clearwater Beach,8.7,6.7,7.0,6.6
GS-0124,Harbor Island,3.9,9.5,8.1,7.9
GS-0125,Harbor Island,10.3,7.5,8.5,6.9
GS-0126,Clearwater Beach,9.5,8.3,8.0,7.2
GS-0127,Clearwater Beach,4.2,8.7,9.1,9.1
GS-0128,Clearwater Beach,4.9,8.6,8.3,8.5
GS-0129,Clearwater Beach,6.2,8.7,7.6,8.2
GS-0130,Clearwater Beach,10.0,8.9,8.2,8.4
GS-0131,Harbor Island,8.0,10.0,8.5,10.0
GS-0132,Harbor Island,6.0,8.4,7.3,7.9
GS-0133,Clearwater Beach,9.0,8.3,9.0,8.3
GS-0134,Clearwater Beach,7.1,7.9,6.9,8.1
GS-0135,Clearwater Beach,7.3,8.3,7.7,8.0
GS-0136,Harbor Island,3.5,9.5,8.2,9.5
GS-0137,Harbor Island,9.4,9.1,8.1,8.9
GS-0138,Clearwater Beach,5.4,6.1,9.2,6.8
GS-0139,Harbor Island,5.7,9.6,8.8,10.0
GS-0140,Clearwater Beach,6.9,5.4,9.5,7.2
GS-0141,Clearwater Beach,1.6,7.1,8.0,7.5
GS-0142,Harbor Island,8.4,9.3,7.9,8.0
GS-0143,Harbor Island,10.2,9.0,8.4,7.9
GS-0144,Clearwater Beach,2.8,7.2,7.6,6.3
GS-0145,Clearwater Beach,4.0,9.1,9.2,9.2
GS-0146,Clearwater Beach,8.2,7.7,6.9,6.8
GS-0147,Clearwater Beach,10.5,7.5,8.4,7.8
GS-0148,Clearwater Beach,5.4,6.4,8.9,7.2
GS-0149,Harbor Island,5.3,9.0,8.2,8.6
GS-0150,Harbor Island,9.0,8.5,9.2,8.6
GS-0151,Harbor Island,2.9,9.2,8.9,8.4
GS-0152,Harbor Island,4.7,8.9,7.5,9.6
GS-0153,Clearwater Beach,12.1,7.8,8.5,7.0
GS-0154,Harbor Island,4.7,8.4,9.3,8.0
GS-0155,Harbor Island,8.5,8.2,9.3,8.9
GS-0156,Harbor Island,6.1,7.6,8.7,7.9
GS-0157,Harbor Island,8.8,8.7,8.8,8.3
GS-0158,Clearwater Beach,4.8,5.8,7.9,6.6
GS-0159,Harbor Island,10.0,9.6,8.0,7.6
GS-0160,Clearwater Beach,7.6,7.9,7.2,7.1
GS-0161,Clearwater Beach,7.7,8.8,7.7,7.3
GS-0162,Harbor Island,8.2,8.0,8.8,7.8
GS-0163,Harbor Island,2.7,9.4,7.6,9.3
GS-0164,Clearwater Beach,8.7,5.6,9.5,7.2
GS-0165,Clearwater Beach,5.2,7.2,6.9,7.7
GS-0166,Harbor Island,8.4,10.0,8.0,8.4
GS-0167,Harbor Island,10.1,8.2,7.5,7.2
GS-0168,Harbor Island,10.5,7.4,7.9,6.9
GS-0169,Harbor Island,5.2,9.1,9.4,9.7
GS-0170,Harbor Island,8.2,8.7,9.9,9.0
GS-0171,Harbor Island,8.0,8.9,8.1,8.4
GS-0172,Harbor Island,5.0,7.0,8.2,7.4
GS-0173,Clearwater Beach,14.4,7.4,9.3,7.8
GS-0174,Harbor Island,5.3,10.0,9.5,9.1
GS-0175,Clearwater Beach,9.0,7.8,7.0,6.7
GS-0176,Clearwater Beach,7.9,7.5,6.9,6.9
GS-0177,Clearwater Beach,8.4,8.9,8.7,8.0
GS-0178,Clearwater Beach,4.2,6.4,7.7,7.7
GS-0179,Clearwater Beach,8.6,6.6,8.3,7.8
GS-0180,Clearwater Beach,6.6,8.0,8.6,8.2
GS-0181,Harbor Island,8.2,9.9,9.2,8.6
GS-0182,Clearwater Beach,10.3,6.4,8.5,5.6
GS-0183,Clearwater Beach,4.3,8.6,8.5,8.2
GS-0184,Clearwater Beach,8.7,6.4,9.5,6.5
GS-0185,Harbor Island,7.9,8.8,7.5,8.1
GS-0186,Harbor Island,5.9,7.9,8.7,9.3
GS-0187,Harbor Island,8.5,9.0,8.1,8.9
GS-0188,Clearwater Beach,6.6,6.0,7.6,6.9
GS-0189,Harbor Island,4.9,8.1,10.0,9.3
GS-0190,Clearwater Beach,7.1,9.6,9.5,10.0
GS-0191,Clearwater Beach,9.5,9.2,8.8,8.7
GS-0192,Harbor Island,4.5,8.5,9.0,8.3
GS-0193,Clearwater Beach,9.9,9.0,7.5,9.0
GS-0194,Clearwater Beach,8.4,10.0,6.8,8.2
GS-0195,Clearwater Beach,5.0,9.6,7.8,9.2
GS-0196,Harbor Island,10.0,9.3,7.9,8.4
GS-0197,Clearwater Beach,8.8,8.5,9.5,9.0
GS-0198,Harbor Island,1.0,8.3,9.7,9.8
GS-0199,Harbor Island,3.5,8.0,9.4,8.5
GS-0200,Harbor Island,7.3,7.7,8.4,8.0
GS-0201,Clearwater Beach,10.5,8.3,7.3,8.0
GS-0202,Clearwater Beach,4.8,7.4,7.7,6.6
GS-0203,Harbor Island,3.9,8.7,7.4,7.9
GS-0204,Clearwater Beach,5.0,8.6,8.5,8.6
GS-0205,Harbor Island,4.9,6.9,9.3,8.1
GS-0206,Harbor Island,6.3,8.6,8.3,8.6
GS-0207,Harbor Island,8.5,9.1,8.4,8.5
GS-0208,Clearwater Beach,11.1,7.7,8.9,8.4
GS-0209,Harbor Island,3.3,7.9,8.4,7.9
GS-0210,Clearwater Beach,10.0,8.6,7.1,7.7
GS-0211,Clearwater Beach,7.0,8.5,10.0,8.8
GS-0212,Harbor Island,2.5,9.7,8.9,9.0
GS-0213,Harbor Island,8.3,9.1,7.5,8.5
GS-0214,Harbor Island,7.3,8.2,9.5,8.3
GS-0215,Clearwater Beach,5.5,9.5,8.2,9.1
GS-0216,Harbor Island,6.5,9.0,6.7,8.8
GS-0217,Harbor Island,3.7,7.9,7.9,8.6
GS-0218,Harbor Island,7.8,8.6,7.2,8.2
GS-0219,Clearwater Beach,7.1,9.7,8.0,9.4
GS-0220,Clearwater Beach,6.6,6.0,7.4,6.9
GS-0221,Harbor Island,6.2,7.6,8.2,7.7
GS-0222,Harbor Island,5.9,8.4,8.9,8.4
GS-0223,Clearwater Beach,4.3,6.9,8.1,7.1
GS-0224,Clearwater Beach,6.8,8.9,8.2,8.8
GS-0225,Harbor Island,6.3,9.7,7.5,10.0
GS-0226,Harbor Island,5.3,8.4,9.7,8.3
GS-0227,Clearwater Beach,4.6,8.4,10.0,8.4
GS-0228,Clearwater Beach,3.9,8.8,9.0,9.2
GS-0229,Clearwater Beach,5.5,6.9,8.5,7.0
GS-0230,Clearwater Beach,4.3,8.2,9.9,9.0
GS-0231,Harbor Island,8.0,10.0,10.0,10.0
GS-0232,Clearwater Beach,4.5,8.8,8.6,8.0
GS-0233,Harbor Island,9.2,6.7,7.7,6.1
GS-0234,Clearwater Beach,3.2,8.2,7.5,7.9
GS-0235,Harbor Island,7.5,10.0,7.4,9.7
GS-0236,Harbor Island,5.1,8.6,10.0,8.5
GS-0237,Clearwater Beach,6.4,7.6,9.2,8.2
GS-0238,Clearwater Beach,11.3,7.8,10.0,8.3
GS-0239,Harbor Island,10.1,7.9,8.0,7.9
GS-0240,Harbor Island,14.2,8.8,7.6,8.1
GS-0241,Harbor Island,4.0,8.4,8.6,8.4
GS-0242,Clearwater Beach,5.7,6.4,8.6,6.7
GS-0243,Clearwater Beach,7.3,7.3,10.0,9.1
GS-0244,Clearwater Beach,2.4,7.5,7.8,7.1
GS-0245,Harbor Island,4.5,8.4,8.8,8.7
GS-0246,Harbor Island,7.2,8.7,8.9,9.2
GS-0247,Clearwater Beach,8.1,6.3,9.4,8.8
GS-0248,Harbor Island,6.8,8.0,8.8,8.8
GS-0249,Clearwater Beach,1.0,7.4,7.7,6.8
GS-0250,Harbor Island,6.8,7.8,8.6,8.1
GS-0251,Harbor Island,4.1,9.2,8.0,8.6
GS-0252,Clearwater Beach,8.1,7.1,8.9,7.3
GS-0253,Harbor Island,8.0,8.7,7.6,8.6
GS-0254,Harbor Island,5.2,8.8,8.0,7.3
GS-0255,Harbor Island,7.9,7.5,6.9,8.1
GS-0256,Clearwater Beach,11.0,7.9,8.9,7.6
GS-0257,Clearwater Beach,1.7,8.6,8.0,8.2
GS-0258,Clearwater Beach,11.3,8.2,9.4,7.8
GS-0259,Harbor Island,7.6,8.0,7.6,7.2
GS-0260,Harbor Island,2.3,7.5,8.4,7.2
GS-0261,Clearwater Beach,7.0,5.9,8.4,6.8
GS-0262,Clearwater Beach,7.0,7.9,8.3,9.1
GS-0263,Clearwater Beach,8.9,9.5,8.5,8.8
GS-0264,Clearwater Beach,10.1,9.2,9.6,8.5
GS-0265,Harbor Island,4.8,10.0,9.3,9.2
GS-0266,Harbor Island,5.3,7.4,9.3,9.4
GS-0267,Clearwater Beach,3.6,9.0,8.4,9.5
GS-0268,Clearwater Beach,6.3,7.8,10.0,8.4
GS-0269,Harbor Island,6.7,8.1,9.7,8.1
GS-0270,Harbor Island,7.9,9.3,8.5,8.2
GS-0271,Harbor Island,10.8,8.4,8.1,8.3
GS-0272,Harbor Island,6.8,7.0,8.5,7.9
GS-0273,Clearwater Beach,11.3,9.8,8.6,8.7
GS-0274,Harbor Island,7.4,8.4,9.0,9.7
GS-0275,Harbor Island,6.8,9.8,6.9,7.9
GS-0276,Harbor Island,8.3,8.7,8.6,8.0
GS-0277,Clearwater Beach,2.2,7.3,7.4,8.5
GS-0278,Harbor Island,4.1,8.8,9.7,9.8
GS-0279,Harbor Island,5.1,7.3,9.5,8.2
GS-0280,Clearwater Beach,5.2,6.8,7.2,6.8
GS-0281,Harbor Island,11.1,9.8,10.0,9.4
GS-0282,Harbor Island,6.5,9.0,8.6,8.5
GS-0283,Clearwater Beach,8.3,8.0,9.7,9.2
GS-0284,Harbor Island,3.4,9.5,8.2,9.6
GS-0285,Harbor Island,6.6,10.0,10.0,9.2
GS-0286,Harbor Island,10.2,8.3,8.0,7.7
GS-0287,Harbor Island,6.9,7.9,7.8,8.0
GS-0288,Clearwater Beach,6.1,7.3,9.0,7.0
GS-0289,Clearwater Beach,2.0,9.3,9.8,9.7
GS-0290,Harbor Island,3.4,8.0,8.8,8.3
GS-0291,Harbor Island,10.7,10.0,7.1,8.2
GS-0292,Harbor Island,9.4,7.8,8.8,8.3
GS-0293,Clearwater Beach,5.5,8.9,9.9,9.5
GS-0294,Clearwater Beach,12.3,6.6,8.6,6.2
GS-0295,Clearwater Beach,11.6,8.1,8.3,7.9
GS-0296,Clearwater Beach,6.5,6.3,10.0,7.0
GS-0297,Clearwater Beach,2.7,7.2,10.0,8.6
GS-0298,Clearwater Beach,13.2,8.2,7.8,6.9
GS-0299,Harbor Island,2.5,9.8,9.6,9.4
GS-0300,Clearwater Beach,7.0,7.7,10.0,8.1
GS-0301,Clearwater Beach,6.7,9.6,8.3,9.4
GS-0302,Clearwater Beach,6.3,8.0,8.2,8.0
GS-0303,Harbor Island,7.5,7.5,7.6,7.6
GS-0304,Harbor Island,7.9,8.3,8.0,7.1
GS-0305,Harbor Island,6.0,8.0,7.3,7.9
GS-0306,Clearwater Beach,9.5,8.0,7.5,6.3
GS-0307,Clearwater Beach,5.7,9.1,10.0,8.0
GS-0308,Harbor Island,3.9,8.6,8.9,9.0
GS-0309,Clearwater Beach,7.4,6.7,7.5,7.2
GS-0310,Harbor Island,6.3,7.4,7.9,7.3
GS-0311,Clearwater Beach,8.9,6.7,9.1,7.3
GS-0312,Clearwater Beach,3.4,8.2,7.5,7.8
GS-0313,Clearwater Beach,7.4,7.8,7.9,6.8
GS-0314,Harbor Island,6.0,8.0,7.8,8.9
GS-0315,Harbor Island,4.1,7.9,9.0,8.6
GS-0316,Clearwater Beach,6.0,8.2,7.7,7.7
GS-0317,Clearwater Beach,5.8,7.6,7.5,7.2
GS-0318,Clearwater Beach,9.3,5.6,8.5,6.3
GS-0319,Harbor Island,6.5,9.3,7.2,9.3
GS-0320,Clearwater Beach,8.5,7.4,8.9,7.7
GS-0321,Harbor Island,8.6,9.1,9.3,8.7
GS-0322,Clearwater Beach,3.2,8.2,10.0,8.6
GS-0323,Harbor Island,8.7,10.0,8.5,9.0
GS-0324,Harbor Island,5.5,8.3,7.5,7.0
GS-0325,Harbor Island,6.8,8.9,7.0,7.8
GS-0326,Harbor Island,5.9,8.6,8.4,8.2
GS-0327,Harbor Island,6.0,7.2,8.2,7.6
GS-0328,Clearwater Beach,8.5,7.9,8.4,7.6
GS-0329,Harbor Island,3.9,8.1,8.4,9.0
GS-0330,Harbor Island,10.2,9.6,7.7,7.8
GS-0331,Clearwater Beach,9.7,8.6,8.0,8.5
GS-0332,Clearwater Beach,5.4,8.3,8.3,8.5
GS-0333,Harbor Island,9.9,7.6,9.7,7.3
GS-0334,Harbor Island,3.0,9.0,8.5,8.7
GS-0335,Harbor Island,7.8,9.2,8.7,8.0
GS-0336,Harbor Island,2.9,8.9,8.7,8.7
GS-0337,Clearwater Beach,3.2,9.8,7.6,9.3
GS-0338,Clearwater Beach,9.1,8.9,7.2,8.6
GS-0339,Harbor Island,7.4,9.0,8.2,7.3
GS-0340,Clearwater Beach,7.8,8.2,9.1,8.5
GS-0341,Clearwater Beach,10.8,9.9,8.6,8.9
GS-0342,Harbor Island,7.2,9.8,8.0,9.3
GS-0343,Clearwater Beach,5.7,8.5,8.4,8.2
GS-0344,Harbor Island,11.8,8.6,7.7,7.7
GS-0345,Clearwater Beach,8.4,8.1,9.1,7.8
GS-0346,Clearwater Beach,6.7,6.6,7.3,7.4
GS-0347,Clearwater Beach,8.2,7.5,6.9,7.1
GS-0348,Harbor Island,7.0,9.0,8.5,9.9
GS-0349,Harbor Island,2.8,6.6,8.6,7.3
GS-0350,Harbor Island,9.2,8.1,8.2,7.4
GS-0351,Harbor Island,7.0,7.9,9.0,9.5
GS-0352,Clearwater Beach,4.4,8.1,7.5,8.1
GS-0353,Clearwater Beach,8.6,8.4,9.2,8.7
GS-0354,Clearwater Beach,9.7,7.3,9.6,7.7
GS-0355,Clearwater Beach,7.1,10.0,8.2,9.4
GS-0356,Clearwater Beach,2.8,7.6,7.9,7.8
GS-0357,Harbor Island,6.3,7.8,8.9,8.6
