property_id,satisfaction_before,satisfaction_after
SW-200,8.2,8.4
SW-201,8.7,9.4
SW-202,7.9,7.9
SW-203,7.9,8.0
SW-204,8.1,8.6
SW-205,8.7,9.4
SW-206,8.4,8.7
SW-207,8.4,8.6
SW-208,7.8,8.8
SW-209,9.3,9.6
SW-210,8.6,9.2
SW-211,8.3,9.0
SW-212,8.5,8.9
SW-213,8.6,9.4
SW-214,8.4,8.6
SW-215,8.2,8.3
SW-216,8.5,8.7
SW-217,8.7,9.0
SW-218,7.6,7.9
SW-219,8.9,9.1
SW-220,8.6,9.2
SW-221,7.8,8.1
SW-222,7.8,8.1
SW-223,7.9,8.6
SW-224,7.7,8.1
SW-225,7.6,7.4
SW-226,9.0,9.7
SW-227,8.6,9.8
SW-228,8.1,8.1
SW-229,8.4,8.9
SW-230,8.1,8.1
SW-231,8.3,8.8
SW-232,8.6,8.3
SW-233,7.7,8.2
SW-234,7.9,7.8
SW-235,7.7,8.0
SW-236,7.5,7.7
SW-237,7.7,7.8
SW-238,8.6,9.5
SW-239,8.1,8.2
SW-240,9.3,10.0
SW-241,7.8,8.0
SW-242,8.3,9.0
SW-243,8.3,8.3
SW-244,8.9,9.5
