property_id,group,guest_satisfaction,checkin_time_minutes,revenue_per_room
SW-001,Mobile,9.6,2.7,206.92
SW-002,Mobile,8.3,2.8,157.28
SW-003,Mobile,9.0,2.0,219.92
SW-004,Mobile,8.8,2.1,172.2
SW-005,Mobile,8.7,4.7,187.8
SW-006,Mobile,8.4,0.9,188.41
SW-007,Mobile,8.9,4.1,194.66
SW-008,Mobile,8.8,3.9,137.97
SW-009,Mobile,9.8,2.2,157.45
SW-010,Mobile,9.1,1.7,184.43
SW-011,Mobile,8.6,4.3,231.02
SW-012,Mobile,9.4,2.7,181.82
SW-013,Mobile,8.4,4.9,188.1
SW-014,Mobile,8.7,1.9,203.16
SW-015,Mobile,9.8,1.1,202.59
SW-016,Mobile,9.3,1.1,166.99
SW-017,Mobile,8.0,3.8,192.1
SW-018,Mobile,9.1,1.8,146.75
SW-019,Mobile,8.6,3.2,240.18
SW-020,Mobile,9.0,3.6,180.95
SW-021,Mobile,9.5,2.4,158.82
SW-022,Mobile,8.3,1.4,134.4
SW-023,Mobile,9.3,3.7,154.02
SW-024,Mobile,8.5,2.0,245.0
SW-025,Mobile,9.9,2.3,226.74
SW-026,Mobile,8.8,3.8,154.1
SW-027,Mobile,9.3,1.2,193.84
SW-028,Mobile,10.0,3.3,220.2
SW-029,Mobile,9.2,2.1,159.51
SW-030,Mobile,9.5,1.7,147.49
SW-031,Mobile,8.9,3.4,141.99
SW-032,Mobile,9.5,1.3,189.07
SW-033,Mobile,9.2,3.2,180.85
SW-034,Mobile,8.3,3.5,218.99
SW-035,Mobile,9.8,1.1,205.49
SW-036,Mobile,9.8,2.5,161.68
SW-037,Mobile,9.0,3.0,220.84
SW-038,Mobile,9.6,6.3,178.27
SW-039,Mobile,8.5,5.4,211.2
SW-040,Mobile,9.3,4.1,209.24
SW-041,Mobile,8.3,3.5,149.45
SW-042,Mobile,10.0,2.7,217.34
SW-043,Mobile,8.1,5.0,198.67
SW-044,Mobile,8.8,2.8,234.26
SW-045,Mobile,8.7,3.5,214.52
SW-046,Mobile,9.0,1.1,194.24
SW-047,Mobile,8.7,1.8,179.41
SW-048,Mobile,9.1,3.5,194.3
SW-049,Mobile,9.2,3.6,189.41
SW-050,Mobile,8.9,0.8,198.69
SW-051,Mobile,8.6,0.5,179.48
SW-052,Mobile,9.2,2.3,157.41
SW-053,Mobile,8.4,3.9,145.91
SW-054,Mobile,9.3,2.4,187.41
SW-055,Mobile,8.7,0.5,166.66
SW-056,Mobile,9.6,2.2,208.58
SW-057,Mobile,8.9,2.7,180.53
SW-058,Mobile,9.0,1.3,199.94
SW-059,Mobile,8.9,4.2,196.52
SW-060,Mobile,8.9,3.4,191.7
SW-061,Traditional,7.2,7.3,159.04
SW-062,Traditional,7.5,6.7,217.07
SW-063,Traditional,7.3,4.0,257.82
SW-064,Traditional,9.1,4.9,198.08
SW-065,Traditional,8.9,5.1,186.26
SW-066,Traditional,8.4,10.5,194.02
SW-067,Traditional,9.2,1.8,164.85
SW-068,Traditional,8.5,5.5,183.77
SW-069,Traditional,9.1,10.9,191.79
SW-070,Traditional,8.0,7.4,160.58
SW-071,Traditional,9.6,6.8,201.98
SW-072,Traditional,9.4,10.0,165.96
SW-073,Traditional,8.6,6.2,165.42
SW-074,Traditional,8.9,10.9,148.94
SW-075,Traditional,9.4,7.1,186.06
SW-076,Traditional,8.6,10.0,168.34
SW-077,Traditional,7.3,4.2,141.2
SW-078,Traditional,8.0,5.5,187.55
SW-079,Traditional,9.2,11.9,193.8
SW-080,Traditional,7.3,6.0,156.32
SW-081,Traditional,10.0,6.9,153.22
SW-082,Traditional,9.2,10.0,146.01
SW-083,Traditional,9.2,9.3,95.95
SW-084,Traditional,8.2,10.4,201.13
SW-085,Traditional,6.8,11.9,202.33
SW-086,Traditional,9.5,7.8,168.93
SW-087,Traditional,8.5,9.9,157.29
SW-088,Traditional,7.3,8.2,237.41
SW-089,Traditional,9.5,7.9,227.02
SW-090,Traditional,8.6,4.4,200.72
SW-091,Traditional,7.7,10.4,115.45
SW-092,Traditional,7.8,7.9,204.6
SW-093,Traditional,7.0,5.8,223.58
SW-094,Traditional,9.5,5.5,215.64
SW-095,Traditional,8.1,10.5,180.2
SW-096,Traditional,7.8,5.1,183.83
SW-097,Traditional,8.8,3.1,126.11
SW-098,Traditional,9.0,6.4,188.8
SW-099,Traditional,8.8,4.1,188.28
SW-100,Traditional,8.4,4.3,197.83
SW-101,Traditional,9.1,9.6,198.5
SW-102,Traditional,8.9,4.1,148.34
SW-103,Traditional,9.1,5.2,174.65
SW-104,Traditional,9.2,10.9,157.27
SW-105,Traditional,9.1,5.3,226.77
SW-106,Traditional,9.2,6.7,90.76
SW-107,Traditional,7.8,9.9,152.95
SW-108,Traditional,8.1,7.6,213.59
SW-109,Traditional,8.7,9.0,153.74
SW-110,Traditional,6.8,8.7,184.99
SW-111,Traditional,9.5,5.4,201.25
SW-112,Traditional,7.9,5.8,190.76
SW-113,Traditional,8.2,5.2,182.23
SW-114,Traditional,9.5,8.0,123.69
SW-115,Traditional,8.8,8.6,164.8
SW-116,Traditional,9.8,7.2,195.44
SW-117,Traditional,8.4,5.3,163.83
SW-118,Traditional,9.3,8.1,168.25
SW-119,Traditional,8.5,8.1,185.25
SW-120,Traditional,8.4,7.7,139.77
